conglome,stratum_baseline,stratum_modal,n_windows,n_distinct_estrato,modal_share,tie
017254,0,0,14,1,1.0,False
017261,0,0,13,1,1.0,False
017266,0,0,14,1,1.0,False
017274,0,0,14,1,1.0,False
017279,0,0,13,1,1.0,False
017292,0,0,13,1,1.0,False
017295,0,0,14,1,1.0,False
017297,0,0,14,1,1.0,False
017302,0,0,14,1,1.0,False
017315,0,0,13,1,1.0,False
017319,0,0,14,1,1.0,False
017325,0,0,14,1,1.0,False
017331,0,0,14,1,1.0,False
017333,0,0,14,1,1.0,False
017341,0,0,14,1,1.0,False
017342,0,0,14,1,1.0,False
017353,0,0,11,1,1.0,False
017361,0,0,14,1,1.0,False
017363,0,0,14,1,1.0,False
017368,0,0,14,1,1.0,False
017379,0,0,14,1,1.0,False
017383,0,0,14,1,1.0,False
017387,0,0,13,1,1.0,False
017395,0,0,13,1,1.0,False
017402,0,0,11,1,1.0,False
017403,0,0,14,1,1.0,False
017405,0,0,14,1,1.0,False
017417,0,0,14,1,1.0,False
017423,0,0,14,1,1.0,False
017427,0,0,14,1,1.0,False
017435,0,0,14,1,1.0,False
017452,0,0,14,1,1.0,False
017454,0,0,14,1,1.0,False
017470,0,0,14,1,1.0,False
017472,0,0,13,1,1.0,False
017478,0,0,14,1,1.0,False
017480,0,0,14,1,1.0,False
017487,0,0,13,1,1.0,False
017490,0,0,14,1,1.0,False
017492,0,0,14,1,1.0,False
017503,0,0,14,1,1.0,False
017506,0,0,14,1,1.0,False
017511,0,0,14,1,1.0,False
017518,0,0,14,1,1.0,False
017522,0,0,11,1,1.0,False
017538,0,0,14,1,1.0,False
017544,0,0,13,1,1.0,False
017549,0,0,14,1,1.0,False
017555,0,0,14,1,1.0,False
017566,0,0,14,1,1.0,False
017571,0,0,14,1,1.0,False
017572,0,0,14,1,1.0,False
017582,0,0,14,1,1.0,False
017588,0,0,14,1,1.0,False
017591,0,0,14,1,1.0,False
017593,0,0,14,1,1.0,False
017596,0,0,14,1,1.0,False
017605,0,0,14,1,1.0,False
017607,0,0,14,1,1.0,False
017610,0,0,14,1,1.0,False
017613,0,0,14,1,1.0,False
017620,0,0,14,1,1.0,False
017627,0,0,14,1,1.0,False
017632,0,0,14,1,1.0,False
017638,0,0,10,1,1.0,False
017642,0,0,14,1,1.0,False
017646,0,0,14,1,1.0,False
017647,0,0,14,1,1.0,False
017652,0,0,14,1,1.0,False
017653,0,0,14,1,1.0,False
017663,0,0,14,1,1.0,False
017685,0,0,14,1,1.0,False
017693,0,0,14,1,1.0,False
017695,0,0,11,1,1.0,False
017700,0,0,14,1,1.0,False
017705,0,0,14,1,1.0,False
017712,0,0,14,1,1.0,False
017713,0,0,10,1,1.0,False
017719,0,0,14,1,1.0,False
017721,0,0,14,1,1.0,False
017730,0,0,13,1,1.0,False
017739,0,0,14,1,1.0,False
017743,0,0,14,1,1.0,False
017750,0,0,10,1,1.0,False
017758,0,0,14,1,1.0,False
017760,0,0,14,1,1.0,False
017768,0,0,13,1,1.0,False
017770,0,0,10,1,1.0,False
017773,0,0,14,1,1.0,False
017778,0,0,14,1,1.0,False
017785,0,0,14,1,1.0,False
017789,0,0,14,1,1.0,False
017790,0,0,14,1,1.0,False
017796,0,0,14,1,1.0,False
017799,0,0,14,1,1.0,False
017804,0,0,14,1,1.0,False
017812,0,0,13,1,1.0,False
017822,0,0,14,1,1.0,False
017829,0,0,14,1,1.0,False
017831,0,0,11,1,1.0,False
017833,0,0,13,1,1.0,False
017844,0,0,14,1,1.0,False
017845,0,0,14,1,1.0,False
017848,0,0,14,1,1.0,False
017851,0,0,14,1,1.0,False
017862,0,0,14,1,1.0,False
017866,0,0,14,1,1.0,False
017867,0,0,14,1,1.0,False
017875,0,0,14,1,1.0,False
017883,0,0,14,1,1.0,False
017887,0,0,14,1,1.0,False
017889,0,0,14,1,1.0,False
017890,0,0,14,1,1.0,False
017898,0,0,14,1,1.0,False
017908,0,0,14,1,1.0,False
017913,0,0,14,1,1.0,False
017918,0,0,13,1,1.0,False
017919,0,0,14,1,1.0,False
017920,0,0,14,1,1.0,False
017922,0,0,14,1,1.0,False
017926,0,0,14,1,1.0,False
017927,0,0,14,1,1.0,False
017934,0,0,11,1,1.0,False
017938,0,0,7,1,1.0,False
017942,0,0,14,1,1.0,False
017947,0,0,14,1,1.0,False
017953,0,0,14,1,1.0,False
017955,0,0,14,1,1.0,False
017960,0,0,14,1,1.0,False
017969,0,0,13,1,1.0,False
017972,0,0,14,1,1.0,False
017981,0,0,14,1,1.0,False
017987,0,0,14,1,1.0,False
017992,0,0,14,1,1.0,False
017993,0,0,11,1,1.0,False
017996,0,0,14,1,1.0,False
017999,0,0,14,1,1.0,False
018005,0,0,14,1,1.0,False
018011,0,0,14,1,1.0,False
018023,0,0,14,1,1.0,False
018027,0,0,14,1,1.0,False
018032,0,0,14,1,1.0,False
018036,0,0,14,1,1.0,False
018041,0,0,13,1,1.0,False
018046,0,0,14,1,1.0,False
018047,0,0,14,1,1.0,False
018051,0,0,14,1,1.0,False
018077,0,0,13,1,1.0,False
018080,0,0,14,1,1.0,False
018086,0,0,10,1,1.0,False
018101,0,0,14,1,1.0,False
018103,0,0,14,1,1.0,False
018114,0,0,13,1,1.0,False
018117,0,0,14,1,1.0,False
018124,0,0,14,1,1.0,False
018125,0,0,14,1,1.0,False
018131,0,0,14,1,1.0,False
018141,0,0,14,1,1.0,False
018145,0,0,13,1,1.0,False
018148,0,0,14,1,1.0,False
018156,0,0,14,1,1.0,False
018158,0,0,14,1,1.0,False
018166,0,0,14,1,1.0,False
018168,0,0,14,1,1.0,False
018173,0,0,14,1,1.0,False
018178,0,0,14,1,1.0,False
018179,0,0,14,1,1.0,False
018180,0,0,13,1,1.0,False
018190,0,0,14,1,1.0,False
018192,0,0,13,1,1.0,False
018194,0,0,14,1,1.0,False
018199,0,0,14,1,1.0,False
018207,0,0,14,1,1.0,False
018213,0,0,13,1,1.0,False
018214,0,0,14,1,1.0,False
018218,0,0,14,1,1.0,False
018223,0,0,14,1,1.0,False
018236,0,0,14,1,1.0,False
018241,0,0,14,1,1.0,False
018249,0,0,14,1,1.0,False
018250,0,0,14,1,1.0,False
018255,0,0,13,1,1.0,False
018258,0,0,11,1,1.0,False
018270,0,0,14,1,1.0,False
018271,0,0,13,1,1.0,False
018283,0,0,11,1,1.0,False
018284,0,0,14,1,1.0,False
018287,0,0,14,1,1.0,False
018289,0,0,14,1,1.0,False
018292,0,0,14,1,1.0,False
018305,0,0,14,1,1.0,False
018320,0,0,14,1,1.0,False
018339,0,0,14,1,1.0,False
018340,0,0,11,1,1.0,False
018344,0,0,14,1,1.0,False
018355,0,0,11,1,1.0,False
018364,0,0,13,1,1.0,False
018365,0,0,14,1,1.0,False
018368,0,0,14,1,1.0,False
018371,0,0,14,1,1.0,False
018377,0,0,14,1,1.0,False
018379,0,0,14,1,1.0,False
018398,0,0,13,1,1.0,False
018400,0,0,14,1,1.0,False
018404,0,0,4,1,1.0,False
018407,0,0,14,1,1.0,False
018424,0,0,14,1,1.0,False
018425,0,0,14,1,1.0,False
018438,0,0,14,1,1.0,False
018440,0,0,14,1,1.0,False
018448,0,0,14,1,1.0,False
018449,0,0,13,1,1.0,False
018455,0,0,14,1,1.0,False
018462,0,0,13,1,1.0,False
018463,0,0,14,1,1.0,False
018465,0,0,13,1,1.0,False
018466,0,0,14,1,1.0,False
018467,0,0,14,1,1.0,False
018483,0,0,14,1,1.0,False
018486,0,0,12,1,1.0,False
018504,0,0,14,1,1.0,False
018509,0,0,14,1,1.0,False
018510,0,0,13,1,1.0,False
018514,0,0,14,1,1.0,False
018516,0,0,14,1,1.0,False
018517,0,0,10,1,1.0,False
018521,0,0,14,1,1.0,False
018526,0,0,14,1,1.0,False
018532,0,0,12,1,1.0,False
018544,0,0,14,1,1.0,False
018551,0,0,14,1,1.0,False
018560,0,0,14,1,1.0,False
018571,0,0,13,1,1.0,False
018576,0,0,14,1,1.0,False
018584,0,0,14,1,1.0,False
018594,0,0,14,1,1.0,False
018603,0,0,13,1,1.0,False
018611,0,0,14,1,1.0,False
018612,0,0,14,1,1.0,False
018617,0,0,14,1,1.0,False
018638,0,0,14,1,1.0,False
018659,0,0,13,1,1.0,False
018669,0,0,14,1,1.0,False
018683,0,0,14,1,1.0,False
018693,0,0,14,1,1.0,False
018699,0,0,14,1,1.0,False
018714,0,0,14,1,1.0,False
018724,0,0,14,1,1.0,False
018734,0,0,13,1,1.0,False
018739,0,0,14,1,1.0,False
018744,0,0,14,1,1.0,False
018765,0,0,14,1,1.0,False
018771,0,0,14,1,1.0,False
018779,0,0,14,1,1.0,False
018818,0,0,11,1,1.0,False
018835,0,0,14,1,1.0,False
018843,0,0,14,1,1.0,False
018865,0,0,14,1,1.0,False
018879,0,0,14,1,1.0,False
018884,0,0,14,1,1.0,False
018891,0,0,13,1,1.0,False
018896,0,0,14,1,1.0,False
018906,0,0,14,1,1.0,False
018917,0,0,14,1,1.0,False
018924,0,0,14,1,1.0,False
018949,0,0,14,1,1.0,False
018950,0,0,14,1,1.0,False
018959,0,0,14,1,1.0,False
018964,0,0,14,1,1.0,False
018967,0,0,14,1,1.0,False
018996,0,0,14,1,1.0,False
019003,0,0,14,1,1.0,False
019026,0,0,14,1,1.0,False
019037,0,0,13,1,1.0,False
019046,0,0,14,1,1.0,False
019052,0,0,14,1,1.0,False
019068,0,0,14,1,1.0,False
019073,0,0,13,1,1.0,False
019084,0,0,14,1,1.0,False
019092,0,0,13,1,1.0,False
019099,0,0,14,1,1.0,False
019106,0,0,13,1,1.0,False
019116,0,0,13,1,1.0,False
019121,0,0,14,1,1.0,False
019126,0,0,14,1,1.0,False
019138,0,0,14,1,1.0,False
019146,0,0,14,1,1.0,False
019153,0,0,14,1,1.0,False
019164,0,0,14,1,1.0,False
019193,0,0,13,1,1.0,False
019203,0,0,14,1,1.0,False
019208,0,0,14,1,1.0,False
019232,0,0,14,1,1.0,False
019244,0,0,14,1,1.0,False
019254,0,0,13,1,1.0,False
019255,0,0,14,1,1.0,False
019269,0,0,14,1,1.0,False
019276,0,0,14,1,1.0,False
019306,0,0,14,1,1.0,False
019325,0,0,14,1,1.0,False
019330,0,0,14,1,1.0,False
019348,0,0,14,1,1.0,False
019354,0,0,14,1,1.0,False
019379,0,0,14,1,1.0,False
019386,0,0,14,1,1.0,False
019405,0,0,14,1,1.0,False
019407,0,0,14,1,1.0,False
019419,0,0,14,1,1.0,False
019421,0,0,13,1,1.0,False
019425,0,0,14,1,1.0,False
019434,0,0,11,1,1.0,False
019439,0,0,8,1,1.0,False
019458,0,0,14,1,1.0,False
019474,0,0,14,1,1.0,False
019484,0,0,14,1,1.0,False
019500,0,0,14,1,1.0,False
019505,0,0,14,1,1.0,False
019510,0,0,14,1,1.0,False
019521,0,0,14,1,1.0,False
019526,0,0,14,1,1.0,False
019565,0,0,14,1,1.0,False
019575,0,0,14,1,1.0,False
019590,0,0,8,1,1.0,False
019606,0,0,13,1,1.0,False
019629,0,0,14,1,1.0,False
019644,0,0,14,1,1.0,False
019666,0,0,14,1,1.0,False
019672,0,0,14,1,1.0,False
019675,0,0,14,1,1.0,False
019693,0,0,14,1,1.0,False
019700,0,0,14,1,1.0,False
019707,0,0,14,1,1.0,False
019714,0,0,14,1,1.0,False
019722,0,0,14,1,1.0,False
019746,0,0,13,1,1.0,False
019751,0,0,14,1,1.0,False
019765,0,0,14,1,1.0,False
019800,0,0,13,1,1.0,False
019810,0,0,14,1,1.0,False
019823,0,0,14,1,1.0,False
019831,0,0,14,1,1.0,False
019839,0,0,14,1,1.0,False
019874,0,0,13,1,1.0,False
019875,0,0,14,1,1.0,False
019888,0,0,14,1,1.0,False
019891,0,0,13,1,1.0,False
019904,0,0,14,1,1.0,False
019922,0,0,13,1,1.0,False
019924,0,0,14,1,1.0,False
019933,0,0,13,1,1.0,False
019939,0,0,14,1,1.0,False
019957,0,0,14,1,1.0,False
019965,0,0,14,1,1.0,False
019999,0,0,13,1,1.0,False
020007,0,0,14,1,1.0,False
020013,0,0,13,1,1.0,False
020017,0,0,14,1,1.0,False
020034,0,0,14,1,1.0,False
020042,0,0,11,1,1.0,False
020043,0,0,14,1,1.0,False
020065,0,0,14,1,1.0,False
020101,0,0,14,1,1.0,False
020109,0,0,11,1,1.0,False
020114,0,0,14,1,1.0,False
020126,0,0,14,1,1.0,False
020131,0,0,14,1,1.0,False
020148,0,0,13,1,1.0,False
020155,0,0,11,1,1.0,False
020157,0,0,14,1,1.0,False
020183,0,0,14,1,1.0,False
020188,0,0,14,1,1.0,False
020204,0,0,14,1,1.0,False
020211,0,0,14,1,1.0,False
020221,0,0,14,1,1.0,False
020231,0,0,14,1,1.0,False
020234,0,0,14,1,1.0,False
020250,0,0,13,1,1.0,False
020258,0,0,14,1,1.0,False
020263,0,0,14,1,1.0,False
020277,0,0,14,1,1.0,False
020282,0,0,14,1,1.0,False
020297,0,0,14,1,1.0,False
020309,0,0,11,1,1.0,False
020314,0,0,14,1,1.0,False
020332,0,0,11,1,1.0,False
020353,0,0,14,1,1.0,False
020359,0,0,11,1,1.0,False
020377,0,0,14,1,1.0,False
020391,0,0,14,1,1.0,False
020393,0,0,14,1,1.0,False
020406,0,0,14,1,1.0,False
020417,0,0,14,1,1.0,False
020440,0,0,14,1,1.0,False
020454,0,0,14,1,1.0,False
020466,0,0,14,1,1.0,False
020491,0,0,14,1,1.0,False
020501,0,0,14,1,1.0,False
020518,0,0,13,1,1.0,False
020535,0,0,14,1,1.0,False
020543,0,0,14,1,1.0,False
020551,0,0,10,1,1.0,False
020556,0,0,13,1,1.0,False
020567,0,0,14,1,1.0,False
020569,0,0,14,1,1.0,False
020590,0,0,14,1,1.0,False
020601,0,0,14,1,1.0,False
020611,0,0,14,1,1.0,False
020620,0,0,14,1,1.0,False
020632,0,0,12,1,1.0,False
020640,0,0,14,1,1.0,False
020663,0,0,14,1,1.0,False
020683,0,0,14,1,1.0,False
020700,0,0,14,1,1.0,False
020714,0,0,13,1,1.0,False
020721,0,0,14,1,1.0,False
020726,0,0,14,1,1.0,False
020739,0,0,14,1,1.0,False
020750,0,0,14,1,1.0,False
020778,0,0,13,1,1.0,False
020780,0,0,14,1,1.0,False
020808,0,0,14,1,1.0,False
020831,0,0,13,1,1.0,False
020833,0,0,14,1,1.0,False
020837,0,0,13,1,1.0,False
020839,0,0,14,1,1.0,False
020855,0,0,14,1,1.0,False
020871,0,0,14,1,1.0,False
020877,0,0,14,1,1.0,False
020886,0,0,14,1,1.0,False
020911,0,0,14,1,1.0,False
020918,0,0,14,1,1.0,False
020922,0,0,11,1,1.0,False
020927,0,0,14,1,1.0,False
020943,0,0,14,1,1.0,False
020952,0,0,14,1,1.0,False
020961,0,0,14,1,1.0,False
020988,0,0,14,1,1.0,False
021019,0,0,14,1,1.0,False
021020,0,0,14,1,1.0,False
021030,0,0,14,1,1.0,False
021040,0,0,14,1,1.0,False
021053,0,0,13,1,1.0,False
021061,0,0,14,1,1.0,False
021064,0,0,11,1,1.0,False
021073,0,0,11,1,1.0,False
021088,0,0,14,1,1.0,False
021094,0,0,14,1,1.0,False
021097,0,0,14,1,1.0,False
021106,0,0,14,1,1.0,False
021131,0,0,14,1,1.0,False
021137,0,0,13,1,1.0,False
021140,0,0,14,1,1.0,False
021159,0,0,14,1,1.0,False
021182,0,0,14,1,1.0,False
021189,0,0,14,1,1.0,False
021190,0,0,14,1,1.0,False
021241,0,0,14,1,1.0,False
021250,0,0,14,1,1.0,False
021270,0,0,14,1,1.0,False
021282,0,0,14,1,1.0,False
021286,0,0,14,1,1.0,False
021289,0,0,14,1,1.0,False
021295,0,0,13,1,1.0,False
021296,0,0,14,1,1.0,False
021319,0,0,13,1,1.0,False
021328,0,0,14,1,1.0,False
021330,0,0,14,1,1.0,False
021348,0,0,14,1,1.0,False
021354,0,0,14,1,1.0,False
021374,0,0,11,1,1.0,False
021386,0,0,14,1,1.0,False
021403,0,0,14,1,1.0,False
021404,0,0,13,1,1.0,False
021411,0,0,14,1,1.0,False
021419,0,0,14,1,1.0,False
021429,0,0,14,1,1.0,False
021449,0,0,14,1,1.0,False
021452,0,0,14,1,1.0,False
021477,0,0,13,1,1.0,False
021487,0,0,14,1,1.0,False
021495,0,0,14,1,1.0,False
021512,0,0,11,1,1.0,False
021529,0,0,13,1,1.0,False
021534,0,0,14,1,1.0,False
021540,0,0,14,1,1.0,False
021559,0,0,13,1,1.0,False
021569,0,0,14,1,1.0,False
021576,0,0,14,1,1.0,False
021589,0,0,14,1,1.0,False
021593,0,0,14,1,1.0,False
021605,0,0,14,1,1.0,False
021616,0,0,11,1,1.0,False
021627,0,0,13,1,1.0,False
021647,0,0,14,1,1.0,False
021649,0,0,14,1,1.0,False
021668,0,0,14,1,1.0,False
021680,0,0,14,1,1.0,False
021693,0,0,14,1,1.0,False
021699,0,0,14,1,1.0,False
021725,0,0,14,1,1.0,False
021727,0,0,14,1,1.0,False
021732,0,0,7,1,1.0,False
021742,0,0,14,1,1.0,False
021755,0,0,14,1,1.0,False
021771,0,0,11,1,1.0,False
021781,0,0,14,1,1.0,False
021800,0,0,11,1,1.0,False
021802,0,0,14,1,1.0,False
021816,0,0,14,1,1.0,False
021823,0,0,14,1,1.0,False
021826,0,0,14,1,1.0,False
021856,0,0,14,1,1.0,False
021861,0,0,14,1,1.0,False
021877,0,0,14,1,1.0,False
021885,0,0,14,1,1.0,False
021890,0,0,14,1,1.0,False
021894,0,0,14,1,1.0,False
021898,0,0,14,1,1.0,False
021927,0,0,13,1,1.0,False
021942,0,0,14,1,1.0,False
021959,0,0,14,1,1.0,False
021970,0,0,13,1,1.0,False
021976,0,0,14,1,1.0,False
021979,0,0,14,1,1.0,False
021983,0,0,14,1,1.0,False
021993,0,0,13,1,1.0,False
022013,0,0,14,1,1.0,False
022016,0,0,14,1,1.0,False
022041,0,0,14,1,1.0,False
022045,0,0,14,1,1.0,False
022051,0,0,14,1,1.0,False
022056,0,0,11,1,1.0,False
022064,0,0,13,1,1.0,False
022068,0,0,14,1,1.0,False
022091,0,0,14,1,1.0,False
022122,0,0,14,1,1.0,False
022142,0,0,14,1,1.0,False
022144,0,0,14,1,1.0,False
022159,0,0,14,1,1.0,False
022165,0,0,14,1,1.0,False
022170,0,0,14,1,1.0,False
022174,0,0,13,1,1.0,False
022180,0,0,14,1,1.0,False
022186,0,0,14,1,1.0,False
022193,0,0,14,1,1.0,False
022199,0,0,14,1,1.0,False
022210,0,0,14,1,1.0,False
022249,0,0,14,1,1.0,False
022264,0,0,14,1,1.0,False
022272,0,0,14,1,1.0,False
022273,0,0,14,1,1.0,False
022296,0,0,14,1,1.0,False
022324,0,0,13,1,1.0,False
022341,0,0,13,1,1.0,False
022343,0,0,14,1,1.0,False
022348,0,0,13,1,1.0,False
022354,0,0,14,1,1.0,False
022371,0,0,14,1,1.0,False
022384,0,0,8,1,1.0,False
022398,0,0,14,1,1.0,False
022403,0,0,13,1,1.0,False
022427,0,0,13,1,1.0,False
022432,0,0,14,1,1.0,False
022435,0,0,14,1,1.0,False
022442,0,0,14,1,1.0,False
022458,0,0,14,1,1.0,False
022476,0,0,14,1,1.0,False
022490,0,0,14,1,1.0,False
022498,0,0,14,1,1.0,False
022535,0,0,13,1,1.0,False
022540,0,0,14,1,1.0,False
022560,0,0,14,1,1.0,False
022564,0,0,14,1,1.0,False
022580,0,0,14,1,1.0,False
022589,0,0,13,1,1.0,False
022597,0,0,11,1,1.0,False
022601,0,0,14,1,1.0,False
022606,0,0,14,1,1.0,False
022617,0,0,14,1,1.0,False
022638,0,0,14,1,1.0,False
022655,0,0,14,1,1.0,False
022667,0,0,13,1,1.0,False
022684,0,0,14,1,1.0,False
022726,0,0,13,1,1.0,False
022736,0,0,10,1,1.0,False
022744,0,0,14,1,1.0,False
022745,0,0,14,1,1.0,False
022753,0,0,14,1,1.0,False
022760,0,0,14,1,1.0,False
022762,0,0,11,1,1.0,False
022778,0,0,11,1,1.0,False
022779,0,0,13,1,1.0,False
022796,0,0,14,1,1.0,False
022800,0,0,14,1,1.0,False
022824,0,0,14,1,1.0,False
022831,0,0,14,1,1.0,False
022832,0,0,14,1,1.0,False
022851,0,0,14,1,1.0,False
022861,0,0,14,1,1.0,False
022863,0,0,14,1,1.0,False
022871,0,0,14,1,1.0,False
022882,0,0,14,1,1.0,False
022896,0,0,13,1,1.0,False
022905,0,0,14,1,1.0,False
022907,0,0,14,1,1.0,False
022931,0,0,14,1,1.0,False
022940,0,0,14,1,1.0,False
022967,0,0,13,1,1.0,False
022978,0,0,14,1,1.0,False
022984,0,0,14,1,1.0,False
022999,0,0,14,1,1.0,False
023016,0,0,14,1,1.0,False
023044,0,0,14,1,1.0,False
023057,0,0,13,1,1.0,False
023060,0,0,11,1,1.0,False
023066,0,0,14,1,1.0,False
023076,0,0,14,1,1.0,False
023085,0,0,14,1,1.0,False
023096,0,0,14,1,1.0,False
023099,0,0,14,1,1.0,False
023135,0,0,13,1,1.0,False
023136,0,0,14,1,1.0,False
023156,0,0,14,1,1.0,False
023171,0,0,14,1,1.0,False
023173,0,0,14,1,1.0,False
023197,0,0,14,1,1.0,False
023205,0,0,14,1,1.0,False
023213,0,0,14,1,1.0,False
023217,0,0,14,1,1.0,False
023227,0,0,14,1,1.0,False
023242,0,0,13,1,1.0,False
023247,0,0,14,1,1.0,False
023262,0,0,14,1,1.0,False
023279,0,0,14,1,1.0,False
023281,0,0,14,1,1.0,False
023294,0,0,14,1,1.0,False
023299,0,0,14,1,1.0,False
023314,0,0,14,1,1.0,False
023334,0,0,13,1,1.0,False
023352,0,0,13,1,1.0,False
023376,0,0,14,1,1.0,False
023392,0,0,14,1,1.0,False
023417,0,0,14,1,1.0,False
023424,0,0,13,1,1.0,False
023459,0,0,14,1,1.0,False
023468,0,0,14,1,1.0,False
023474,0,0,14,1,1.0,False
023476,0,0,14,1,1.0,False
023485,0,0,14,1,1.0,False
023504,0,0,14,1,1.0,False
023515,0,0,14,1,1.0,False
023537,0,0,14,1,1.0,False
023541,0,0,14,1,1.0,False
023564,0,0,11,1,1.0,False
023600,0,0,14,1,1.0,False
023608,0,0,14,1,1.0,False
023624,0,0,14,1,1.0,False
023631,0,0,14,1,1.0,False
023648,0,0,13,1,1.0,False
023672,0,0,13,1,1.0,False
023692,0,0,13,1,1.0,False
023704,0,0,13,1,1.0,False
023717,0,0,14,1,1.0,False
023723,0,0,14,1,1.0,False
023728,0,0,14,1,1.0,False
023729,0,0,13,1,1.0,False
023744,0,0,14,1,1.0,False
023749,0,0,14,1,1.0,False
023750,0,0,14,1,1.0,False
023759,0,0,14,1,1.0,False
023774,0,0,14,1,1.0,False
023780,0,0,11,1,1.0,False
023785,0,0,14,1,1.0,False
023797,0,0,14,1,1.0,False
023808,0,0,14,1,1.0,False
023821,0,0,14,1,1.0,False
023836,0,0,14,1,1.0,False
023845,0,0,14,1,1.0,False
023862,0,0,11,1,1.0,False
023868,0,0,14,1,1.0,False
023887,0,0,14,1,1.0,False
023906,0,0,14,1,1.0,False
023910,0,0,13,1,1.0,False
023916,0,0,14,1,1.0,False
023924,0,0,14,1,1.0,False
023926,0,0,14,1,1.0,False
023931,0,0,14,1,1.0,False
023976,0,0,14,1,1.0,False
023997,0,0,14,1,1.0,False
024005,0,0,13,1,1.0,False
024013,0,0,14,1,1.0,False
024052,0,0,14,1,1.0,False
024062,0,0,14,1,1.0,False
024066,0,0,14,1,1.0,False
024084,0,0,14,1,1.0,False
024091,0,0,14,1,1.0,False
024100,0,0,13,1,1.0,False
024108,0,0,14,1,1.0,False
024121,0,0,14,1,1.0,False
024140,0,0,13,1,1.0,False
024144,0,0,14,1,1.0,False
024148,0,0,13,1,1.0,False
024153,0,0,14,1,1.0,False
024169,0,0,14,1,1.0,False
024185,0,0,11,1,1.0,False
024198,0,0,14,1,1.0,False
024201,0,0,14,1,1.0,False
024232,0,0,14,1,1.0,False
024233,0,0,13,1,1.0,False
024236,0,0,14,1,1.0,False
024252,0,0,11,1,1.0,False
024301,0,0,13,1,1.0,False
024310,0,0,13,1,1.0,False
024314,0,0,14,1,1.0,False
024333,0,0,14,1,1.0,False
024347,0,0,14,1,1.0,False
024349,0,0,13,1,1.0,False
024371,0,0,12,1,1.0,False
024380,0,0,14,1,1.0,False
024401,0,0,14,1,1.0,False
024417,0,0,11,1,1.0,False
024418,0,0,14,1,1.0,False
024428,0,0,14,1,1.0,False
024430,0,0,14,1,1.0,False
024450,0,0,14,1,1.0,False
024460,0,0,10,1,1.0,False
024471,0,0,14,1,1.0,False
024482,0,0,11,1,1.0,False
024485,0,0,13,1,1.0,False
024494,0,0,11,1,1.0,False
024524,0,0,14,1,1.0,False
024532,0,0,13,1,1.0,False
024537,0,0,14,1,1.0,False
024545,0,0,14,1,1.0,False
024547,0,0,14,1,1.0,False
024571,0,0,14,1,1.0,False
024576,0,0,14,1,1.0,False
024583,0,0,14,1,1.0,False
024599,0,0,14,1,1.0,False
024613,0,0,14,1,1.0,False
024618,0,0,14,1,1.0,False
024657,0,0,14,1,1.0,False
024662,0,0,14,1,1.0,False
024681,0,0,14,1,1.0,False
024689,0,0,13,1,1.0,False
024700,0,0,14,1,1.0,False
024711,0,0,14,1,1.0,False
024721,0,0,14,1,1.0,False
024728,0,0,14,1,1.0,False
024738,0,0,13,1,1.0,False
024747,0,0,14,1,1.0,False
024757,0,0,14,1,1.0,False
024763,0,0,11,1,1.0,False
024766,0,0,14,1,1.0,False
024778,0,0,14,1,1.0,False
024780,0,0,14,1,1.0,False
024787,0,0,14,1,1.0,False
024788,0,0,14,1,1.0,False
024790,0,0,14,1,1.0,False
024819,0,0,14,1,1.0,False
024854,0,0,14,1,1.0,False
024871,0,0,14,1,1.0,False
024877,0,0,13,1,1.0,False
024890,0,0,14,1,1.0,False
024897,0,0,14,1,1.0,False
024919,0,0,14,1,1.0,False
024943,0,0,14,1,1.0,False
024949,0,0,14,1,1.0,False
024968,0,0,14,1,1.0,False
024971,0,0,13,1,1.0,False
024979,0,0,9,1,1.0,False
024986,0,0,14,1,1.0,False
025003,0,0,14,1,1.0,False
025010,0,0,14,1,1.0,False
025028,0,0,13,1,1.0,False
025030,0,0,14,1,1.0,False
025034,0,0,10,1,1.0,False
025048,0,0,13,1,1.0,False
025052,0,0,14,1,1.0,False
025058,0,0,14,1,1.0,False
025063,0,0,14,1,1.0,False
025081,0,0,14,1,1.0,False
025099,0,0,11,1,1.0,False
025135,0,0,14,1,1.0,False
025141,0,0,14,1,1.0,False
025143,0,0,12,1,1.0,False
025157,0,0,14,1,1.0,False
025162,0,0,14,1,1.0,False
025175,0,0,14,1,1.0,False
025186,0,0,14,1,1.0,False
025205,0,0,13,1,1.0,False
025212,0,0,13,1,1.0,False
025232,0,0,14,1,1.0,False
025242,0,0,14,1,1.0,False
025259,0,0,14,1,1.0,False
025267,0,0,14,1,1.0,False
025273,0,0,11,1,1.0,False
025278,0,0,13,1,1.0,False
025294,0,0,10,1,1.0,False
025306,0,0,14,1,1.0,False
025309,0,0,14,1,1.0,False
025318,0,0,14,1,1.0,False
025331,0,0,14,1,1.0,False
025347,0,0,11,1,1.0,False
025348,0,0,13,1,1.0,False
025362,0,0,12,1,1.0,False
025377,0,0,14,1,1.0,False
025386,0,0,14,1,1.0,False
025418,0,0,13,1,1.0,False
025428,0,0,8,1,1.0,False
025436,0,0,14,1,1.0,False
025438,0,0,14,1,1.0,False
025442,0,0,14,1,1.0,False
025468,0,0,13,1,1.0,False
025481,0,0,14,1,1.0,False
025490,0,0,14,1,1.0,False
025499,0,0,11,1,1.0,False
025516,0,0,14,1,1.0,False
025532,0,0,14,1,1.0,False
025537,0,0,13,1,1.0,False
025546,0,0,14,1,1.0,False
025555,0,0,14,1,1.0,False
025565,0,0,14,1,1.0,False
025569,0,0,14,1,1.0,False
025585,0,0,14,1,1.0,False
025595,0,0,14,1,1.0,False
025597,0,0,14,1,1.0,False
025607,0,0,14,1,1.0,False
025609,0,0,13,1,1.0,False
025649,0,0,14,1,1.0,False
025659,0,0,13,1,1.0,False
025682,0,0,14,1,1.0,False
025692,0,0,14,1,1.0,False
025700,0,0,14,1,1.0,False
025708,0,0,14,1,1.0,False
025721,0,0,14,1,1.0,False
025735,0,0,11,1,1.0,False
025764,0,0,14,1,1.0,False
025793,0,0,13,1,1.0,False
025796,0,0,14,1,1.0,False
025837,0,0,13,1,1.0,False
025857,0,0,13,1,1.0,False
025862,0,0,14,1,1.0,False
025868,0,0,14,1,1.0,False
025878,0,0,14,1,1.0,False
025906,0,0,14,1,1.0,False
025934,0,0,13,1,1.0,False
025956,0,0,13,1,1.0,False
025957,0,0,14,1,1.0,False
026003,0,0,11,1,1.0,False
026004,0,0,14,1,1.0,False
026020,0,0,11,1,1.0,False
026026,0,0,11,1,1.0,False
026057,0,0,13,1,1.0,False
026076,0,0,14,1,1.0,False
026101,0,0,14,1,1.0,False
026103,0,0,14,1,1.0,False
026116,0,0,11,1,1.0,False
026130,0,0,14,1,1.0,False
026132,0,0,14,1,1.0,False
026148,0,0,14,1,1.0,False
026178,0,0,13,1,1.0,False
026179,0,0,14,1,1.0,False
026195,0,0,13,1,1.0,False
026206,0,0,10,1,1.0,False
026212,0,0,14,1,1.0,False
026235,0,0,14,1,1.0,False
026242,0,0,14,1,1.0,False
026252,0,0,14,1,1.0,False
026256,0,0,14,1,1.0,False
026263,0,0,10,1,1.0,False
026267,0,0,13,1,1.0,False
026274,0,0,14,1,1.0,False
026312,0,0,14,1,1.0,False
026317,0,0,14,1,1.0,False
026323,0,0,14,1,1.0,False
026350,0,0,11,1,1.0,False
026359,0,0,14,1,1.0,False
026389,0,0,13,1,1.0,False
026397,0,0,7,1,1.0,False
026403,0,0,14,1,1.0,False
026413,0,0,14,1,1.0,False
026415,0,0,11,1,1.0,False
026437,0,0,7,1,1.0,False
026453,0,0,14,1,1.0,False
026463,0,0,14,1,1.0,False
026470,0,0,10,1,1.0,False
026494,0,0,5,1,1.0,False
026496,0,0,8,1,1.0,False
026512,0,0,14,1,1.0,False
026513,0,0,10,1,1.0,False
026552,0,0,10,1,1.0,False
026556,0,0,11,1,1.0,False
026569,0,0,14,1,1.0,False
026570,0,0,14,1,1.0,False
026584,0,0,13,1,1.0,False
026585,0,0,14,1,1.0,False
026594,0,0,10,1,1.0,False
026603,0,0,5,1,1.0,False
026605,0,0,14,1,1.0,False
026643,0,0,14,1,1.0,False
026653,0,0,14,1,1.0,False
026654,0,0,6,1,1.0,False
026659,0,0,8,1,1.0,False
026671,0,0,8,1,1.0,False
026689,0,0,5,1,1.0,False
026695,0,0,14,1,1.0,False
026705,0,0,10,1,1.0,False
026710,0,0,8,1,1.0,False
026719,0,0,14,1,1.0,False
026742,0,0,14,1,1.0,False
026761,0,0,13,1,1.0,False
026775,0,0,13,1,1.0,False
026780,0,0,14,1,1.0,False
026785,0,0,14,1,1.0,False
026831,0,0,8,1,1.0,False
026860,0,0,14,1,1.0,False
026864,0,0,8,1,1.0,False
026876,0,0,14,1,1.0,False
026883,0,0,7,1,1.0,False
026894,0,0,11,1,1.0,False
026924,0,0,11,1,1.0,False
026934,0,0,14,1,1.0,False
026942,0,0,14,1,1.0,False
026966,0,0,14,1,1.0,False
027003,0,0,13,1,1.0,False
027013,0,0,13,1,1.0,False
027019,0,0,14,1,1.0,False
027022,0,0,14,1,1.0,False
027027,0,0,14,1,1.0,False
027039,0,0,10,1,1.0,False
027048,0,0,14,1,1.0,False
027052,0,0,5,1,1.0,False
027060,0,0,11,1,1.0,False
027066,0,0,14,1,1.0,False
027077,0,0,14,1,1.0,False
027094,0,0,14,1,1.0,False
027098,0,0,14,1,1.0,False
027100,0,0,14,1,1.0,False
027121,0,0,14,1,1.0,False
027123,0,0,14,1,1.0,False
027145,0,0,14,1,1.0,False
027169,0,0,12,1,1.0,False
027171,0,0,11,1,1.0,False
027206,0,0,7,1,1.0,False
027216,0,0,14,1,1.0,False
027225,0,0,14,1,1.0,False
027226,0,0,14,1,1.0,False
027244,0,0,13,1,1.0,False
027266,0,0,13,1,1.0,False
027268,0,0,14,1,1.0,False
027272,0,0,10,1,1.0,False
027273,0,0,14,1,1.0,False
027290,0,0,14,1,1.0,False
027296,0,0,14,1,1.0,False
027307,0,0,14,1,1.0,False
027317,0,0,13,1,1.0,False
027323,0,0,14,1,1.0,False
027335,0,0,14,1,1.0,False
027340,0,0,13,1,1.0,False
027348,0,0,13,1,1.0,False
027353,0,0,13,1,1.0,False
027357,0,0,14,1,1.0,False
027367,0,0,11,1,1.0,False
027371,0,0,14,1,1.0,False
027372,0,0,14,1,1.0,False
027385,0,0,14,1,1.0,False
027422,0,0,14,1,1.0,False
027433,0,0,11,1,1.0,False
027448,0,0,14,1,1.0,False
027454,0,0,14,1,1.0,False
027480,0,0,14,1,1.0,False
027482,0,0,13,1,1.0,False
027487,0,0,13,1,1.0,False
027497,0,0,14,1,1.0,False
027517,0,0,14,1,1.0,False
027522,0,0,11,1,1.0,False
027528,0,0,14,1,1.0,False
027544,0,0,14,1,1.0,False
027568,0,0,11,1,1.0,False
027572,0,0,14,1,1.0,False
027578,0,0,14,1,1.0,False
027583,0,0,12,1,1.0,False
027604,0,0,13,1,1.0,False
027619,0,0,14,1,1.0,False
027628,0,0,13,1,1.0,False
027633,0,0,14,1,1.0,False
027634,0,0,14,1,1.0,False
027651,0,0,14,1,1.0,False
027661,0,0,14,1,1.0,False
027703,0,0,13,1,1.0,False
027711,0,0,14,1,1.0,False
027716,0,0,14,1,1.0,False
027720,0,0,14,1,1.0,False
027739,0,0,14,1,1.0,False
027753,0,0,14,1,1.0,False
027781,0,0,13,1,1.0,False
027792,0,0,14,1,1.0,False
027797,0,0,14,1,1.0,False
027805,0,0,14,1,1.0,False
027810,0,0,14,1,1.0,False
027821,0,0,14,1,1.0,False
027826,0,0,14,1,1.0,False
027845,0,0,14,1,1.0,False
027884,0,0,14,1,1.0,False
027893,0,0,14,1,1.0,False
027904,0,0,12,1,1.0,False
027943,0,0,14,1,1.0,False
027944,0,0,13,1,1.0,False
027948,0,0,14,1,1.0,False
027954,0,0,14,1,1.0,False
027963,0,0,14,1,1.0,False
027986,0,0,14,1,1.0,False
027993,0,0,14,1,1.0,False
028001,0,0,14,1,1.0,False
028007,0,0,7,1,1.0,False
028016,0,0,14,1,1.0,False
028025,0,0,14,1,1.0,False
028051,0,0,13,1,1.0,False
028061,0,0,14,1,1.0,False
028069,0,0,14,1,1.0,False
028076,0,0,14,1,1.0,False
028094,0,0,14,1,1.0,False
028117,0,0,14,1,1.0,False
028121,0,0,14,1,1.0,False
028134,0,0,14,1,1.0,False
028137,0,0,14,1,1.0,False
028150,0,0,14,1,1.0,False
028173,0,0,14,1,1.0,False
028195,0,0,13,1,1.0,False
028204,0,0,14,1,1.0,False
028210,0,0,14,1,1.0,False
028214,0,0,14,1,1.0,False
028228,0,0,14,1,1.0,False
028237,0,0,14,1,1.0,False
028242,0,0,14,1,1.0,False
028258,0,0,14,1,1.0,False
028264,0,0,14,1,1.0,False
028280,0,0,14,1,1.0,False
028293,0,0,14,1,1.0,False
028299,0,0,14,1,1.0,False
028313,0,0,14,1,1.0,False
028350,0,0,14,1,1.0,False
028375,0,0,14,1,1.0,False
028383,0,0,13,1,1.0,False
028391,0,0,14,1,1.0,False
028408,0,0,14,1,1.0,False
028413,0,0,14,1,1.0,False
028424,0,0,14,1,1.0,False
028437,0,0,14,1,1.0,False
028474,0,0,13,1,1.0,False
028477,0,0,14,1,1.0,False
028485,0,0,14,1,1.0,False
028497,0,0,14,1,1.0,False
028503,0,0,14,1,1.0,False
028511,0,0,14,1,1.0,False
028523,0,0,14,1,1.0,False
028537,0,0,14,1,1.0,False
028548,0,0,14,1,1.0,False
028576,0,0,13,1,1.0,False
028581,0,0,14,1,1.0,False
028585,0,0,13,1,1.0,False
028604,0,0,14,1,1.0,False
028606,0,0,13,1,1.0,False
028618,0,0,14,1,1.0,False
028619,0,0,14,1,1.0,False
028626,0,0,14,1,1.0,False
028650,0,0,14,1,1.0,False
028678,0,0,14,1,1.0,False
028686,0,0,14,1,1.0,False
028695,0,0,14,1,1.0,False
028728,0,0,13,1,1.0,False
028737,0,0,14,1,1.0,False
028747,0,0,14,1,1.0,False
028757,0,0,13,1,1.0,False
028779,0,0,14,1,1.0,False
028801,0,0,14,1,1.0,False
028806,0,0,14,1,1.0,False
028808,0,0,14,1,1.0,False
028824,0,0,14,1,1.0,False
028832,0,0,14,1,1.0,False
028854,0,0,14,1,1.0,False
028866,0,0,14,1,1.0,False
028877,0,0,14,1,1.0,False
028880,0,0,14,1,1.0,False
028892,0,0,14,1,1.0,False
028905,0,0,14,1,1.0,False
028936,0,0,14,1,1.0,False
028946,0,0,14,1,1.0,False
028953,0,0,13,1,1.0,False
028976,0,0,14,1,1.0,False
029024,0,0,14,1,1.0,False
029043,0,0,14,1,1.0,False
029046,0,0,14,1,1.0,False
029057,0,0,14,1,1.0,False
029066,0,0,14,1,1.0,False
029085,0,0,14,1,1.0,False
029096,0,0,14,1,1.0,False
029099,0,0,14,1,1.0,False
029126,0,0,13,1,1.0,False
029132,0,0,14,1,1.0,False
029146,0,0,14,1,1.0,False
029169,0,0,14,1,1.0,False
029182,0,0,14,1,1.0,False
029186,0,0,14,1,1.0,False
029195,0,0,11,1,1.0,False
029203,0,0,14,1,1.0,False
029209,0,0,14,1,1.0,False
029222,0,0,11,1,1.0,False
029230,0,0,14,1,1.0,False
029241,0,0,14,1,1.0,False
029255,0,0,14,1,1.0,False
029277,0,0,10,1,1.0,False
029280,0,0,14,1,1.0,False
029294,0,0,14,1,1.0,False
029307,0,0,14,1,1.0,False
029309,0,0,14,1,1.0,False
029318,0,0,13,1,1.0,False
029326,0,0,14,1,1.0,False
029332,0,0,14,1,1.0,False
029348,0,0,14,1,1.0,False
029356,0,0,14,1,1.0,False
029362,0,0,14,1,1.0,False
029380,0,0,14,1,1.0,False
029391,0,0,7,1,1.0,False
029416,0,0,14,1,1.0,False
029422,0,0,14,1,1.0,False
029431,0,0,14,1,1.0,False
029433,0,0,14,1,1.0,False
029466,0,0,14,1,1.0,False
029471,0,0,11,1,1.0,False
029505,0,0,14,1,1.0,False
029512,0,0,14,1,1.0,False
029525,0,0,14,1,1.0,False
029531,0,0,14,1,1.0,False
029532,0,0,14,1,1.0,False
029559,0,0,13,1,1.0,False
029569,0,0,14,1,1.0,False
029579,0,0,14,1,1.0,False
029588,0,0,8,1,1.0,False
029593,0,0,14,1,1.0,False
029624,0,0,13,1,1.0,False
029629,0,0,14,1,1.0,False
029634,0,0,14,1,1.0,False
029644,0,0,14,1,1.0,False
029649,0,0,14,1,1.0,False
029668,0,0,14,1,1.0,False
029689,0,0,13,1,1.0,False
029694,0,0,14,1,1.0,False
029709,0,0,14,1,1.0,False
029715,0,0,14,1,1.0,False
029728,0,0,14,1,1.0,False
029735,0,0,14,1,1.0,False
029784,0,0,14,1,1.0,False
029800,0,0,13,1,1.0,False
029812,0,0,14,1,1.0,False
029823,0,0,11,1,1.0,False
029824,0,0,14,1,1.0,False
029837,0,0,14,1,1.0,False
029842,0,0,13,1,1.0,False
029845,0,0,11,1,1.0,False
029873,0,0,13,1,1.0,False
029901,0,0,14,1,1.0,False
029902,0,0,13,1,1.0,False
029905,0,0,14,1,1.0,False
029910,0,0,13,1,1.0,False
017289,0,0,13,1,1.0,False
017328,0,0,13,1,1.0,False
017345,0,0,13,1,1.0,False
017429,0,0,13,1,1.0,False
017458,0,0,10,1,1.0,False
017517,0,0,13,1,1.0,False
017535,0,0,13,1,1.0,False
017585,0,0,13,1,1.0,False
017608,0,0,13,1,1.0,False
017648,0,0,13,1,1.0,False
017683,0,0,13,1,1.0,False
017716,0,0,13,1,1.0,False
017737,0,0,13,1,1.0,False
017755,0,0,13,1,1.0,False
017779,0,0,13,1,1.0,False
017849,0,0,13,1,1.0,False
017852,0,0,13,1,1.0,False
017872,0,0,13,1,1.0,False
017878,0,0,10,1,1.0,False
017928,0,0,13,1,1.0,False
017973,0,0,13,1,1.0,False
017989,0,0,13,1,1.0,False
018044,0,0,13,1,1.0,False
018098,0,0,13,1,1.0,False
018139,0,0,13,1,1.0,False
018152,0,0,13,1,1.0,False
018161,0,0,13,1,1.0,False
018226,0,0,13,1,1.0,False
018228,0,0,13,1,1.0,False
018297,0,0,13,1,1.0,False
018322,0,0,13,1,1.0,False
018375,0,0,13,1,1.0,False
018402,0,0,13,1,1.0,False
018431,0,0,13,1,1.0,False
018444,0,0,13,1,1.0,False
018480,0,0,13,1,1.0,False
018490,0,0,13,1,1.0,False
018499,0,0,13,1,1.0,False
018524,0,0,13,1,1.0,False
018548,0,0,13,1,1.0,False
018567,0,0,13,1,1.0,False
018676,0,0,13,1,1.0,False
018704,0,0,13,1,1.0,False
018805,0,0,13,1,1.0,False
018901,0,0,13,1,1.0,False
018975,0,0,13,1,1.0,False
018993,0,0,12,1,1.0,False
019151,0,0,13,1,1.0,False
019240,0,0,13,1,1.0,False
019264,0,0,13,1,1.0,False
019337,0,0,13,1,1.0,False
019414,0,0,13,1,1.0,False
019452,0,0,13,1,1.0,False
019531,0,0,13,1,1.0,False
019549,0,0,13,1,1.0,False
019684,0,0,13,1,1.0,False
019759,0,0,13,1,1.0,False
019811,0,0,9,1,1.0,False
019946,0,0,13,1,1.0,False
020054,0,0,13,1,1.0,False
020153,0,0,13,1,1.0,False
020246,0,0,13,1,1.0,False
020287,0,0,13,1,1.0,False
020358,0,0,13,1,1.0,False
020427,0,0,13,1,1.0,False
020449,0,0,13,1,1.0,False
020568,0,0,13,1,1.0,False
020618,0,0,13,1,1.0,False
020669,0,0,7,1,1.0,False
020730,0,0,13,1,1.0,False
020814,0,0,13,1,1.0,False
020891,0,0,13,1,1.0,False
021041,0,0,13,1,1.0,False
021160,0,0,13,1,1.0,False
021199,0,0,12,1,1.0,False
021259,0,0,13,1,1.0,False
021327,0,0,13,1,1.0,False
021335,0,0,13,1,1.0,False
021394,0,0,13,1,1.0,False
021466,0,0,13,1,1.0,False
021613,0,0,13,1,1.0,False
021625,0,0,13,1,1.0,False
021708,0,0,13,1,1.0,False
021787,0,0,13,1,1.0,False
021908,0,0,13,1,1.0,False
021925,0,0,13,1,1.0,False
022082,0,0,13,1,1.0,False
022150,0,0,13,1,1.0,False
022215,0,0,13,1,1.0,False
022267,0,0,13,1,1.0,False
022321,0,0,13,1,1.0,False
022456,0,0,13,1,1.0,False
022464,0,0,13,1,1.0,False
022508,0,0,13,1,1.0,False
022630,0,0,13,1,1.0,False
022669,0,0,13,1,1.0,False
022723,0,0,10,1,1.0,False
022807,0,0,10,1,1.0,False
022877,0,0,13,1,1.0,False
022912,0,0,13,1,1.0,False
023009,0,0,13,1,1.0,False
023077,0,0,13,1,1.0,False
023150,0,0,13,1,1.0,False
023237,0,0,13,1,1.0,False
023304,0,0,13,1,1.0,False
023363,0,0,10,1,1.0,False
023430,0,0,13,1,1.0,False
023464,0,0,13,1,1.0,False
023498,0,0,13,1,1.0,False
023547,0,0,13,1,1.0,False
023641,0,0,13,1,1.0,False
023670,0,0,13,1,1.0,False
023798,0,0,13,1,1.0,False
023817,0,0,13,1,1.0,False
023851,0,0,13,1,1.0,False
023964,0,0,13,1,1.0,False
024020,0,0,13,1,1.0,False
024247,0,0,13,1,1.0,False
024256,0,0,10,1,1.0,False
024360,0,0,13,1,1.0,False
024447,0,0,13,1,1.0,False
024457,0,0,13,1,1.0,False
024566,0,0,13,1,1.0,False
024585,0,0,13,1,1.0,False
024603,0,0,13,1,1.0,False
024713,0,0,13,1,1.0,False
024805,0,0,13,1,1.0,False
024816,0,0,13,1,1.0,False
024824,0,0,13,1,1.0,False
024913,0,0,13,1,1.0,False
024928,0,0,13,1,1.0,False
025016,0,0,10,1,1.0,False
025086,0,0,13,1,1.0,False
025120,0,0,13,1,1.0,False
025296,0,0,13,1,1.0,False
025338,0,0,10,1,1.0,False
025384,0,0,13,1,1.0,False
025472,0,0,13,1,1.0,False
025519,0,0,13,1,1.0,False
025589,0,0,13,1,1.0,False
025652,0,0,13,1,1.0,False
025745,0,0,12,1,1.0,False
025765,0,0,13,1,1.0,False
025792,0,0,13,1,1.0,False
025889,0,0,13,1,1.0,False
025941,0,0,10,1,1.0,False
026055,0,0,13,1,1.0,False
026086,0,0,13,1,1.0,False
026186,0,0,12,1,1.0,False
026272,0,0,13,1,1.0,False
026335,0,0,13,1,1.0,False
026438,0,0,10,1,1.0,False
026525,0,0,13,1,1.0,False
026629,0,0,13,1,1.0,False
026802,0,0,13,1,1.0,False
026830,0,0,10,1,1.0,False
026901,0,0,7,1,1.0,False
026912,0,0,13,1,1.0,False
027141,0,0,13,1,1.0,False
027184,0,0,13,1,1.0,False
027205,0,0,13,1,1.0,False
027263,0,0,13,1,1.0,False
027287,0,0,13,1,1.0,False
027445,0,0,13,1,1.0,False
027527,0,0,10,1,1.0,False
027549,0,0,10,1,1.0,False
027639,0,0,13,1,1.0,False
027671,0,0,13,1,1.0,False
027735,0,0,13,1,1.0,False
027835,0,0,13,1,1.0,False
027867,0,0,10,1,1.0,False
027890,0,0,13,1,1.0,False
027913,0,0,10,1,1.0,False
028103,0,0,13,1,1.0,False
028105,0,0,13,1,1.0,False
028155,0,0,13,1,1.0,False
028269,0,0,13,1,1.0,False
028370,0,0,13,1,1.0,False
028389,0,0,13,1,1.0,False
028418,0,0,13,1,1.0,False
028450,0,0,13,1,1.0,False
028516,0,0,10,1,1.0,False
028663,0,0,13,1,1.0,False
028674,0,0,13,1,1.0,False
028759,0,0,13,1,1.0,False
028847,0,0,13,1,1.0,False
028922,0,0,13,1,1.0,False
028955,0,0,13,1,1.0,False
029000,0,0,13,1,1.0,False
029086,0,0,13,1,1.0,False
029160,0,0,13,1,1.0,False
029237,0,0,13,1,1.0,False
029366,0,0,13,1,1.0,False
029449,0,0,12,1,1.0,False
029489,0,0,13,1,1.0,False
029499,0,0,13,1,1.0,False
029608,0,0,13,1,1.0,False
029654,0,0,13,1,1.0,False
029759,0,0,13,1,1.0,False
029832,0,0,13,1,1.0,False
029918,0,0,13,1,1.0,False
017262,0,0,12,1,1.0,False
017290,0,0,12,1,1.0,False
017354,0,0,12,1,1.0,False
017356,0,0,12,1,1.0,False
017433,0,0,12,1,1.0,False
017471,0,0,12,1,1.0,False
017485,0,0,12,1,1.0,False
017534,0,0,12,1,1.0,False
017542,0,0,12,1,1.0,False
017586,0,0,12,1,1.0,False
017611,0,0,12,1,1.0,False
017651,0,0,12,1,1.0,False
017684,0,0,12,1,1.0,False
017720,0,0,12,1,1.0,False
017733,0,0,12,1,1.0,False
017738,0,0,12,1,1.0,False
017757,0,0,12,1,1.0,False
017857,0,0,12,1,1.0,False
017879,0,0,12,1,1.0,False
017882,0,0,12,1,1.0,False
017979,0,0,12,1,1.0,False
017991,0,0,12,1,1.0,False
018045,0,0,12,1,1.0,False
018102,0,0,12,1,1.0,False
018116,0,0,12,1,1.0,False
018165,0,0,12,1,1.0,False
018172,0,0,12,1,1.0,False
018177,0,0,12,1,1.0,False
018231,0,0,12,1,1.0,False
018234,0,0,12,1,1.0,False
018299,0,0,12,1,1.0,False
018331,0,0,12,1,1.0,False
018376,0,0,12,1,1.0,False
018405,0,0,12,1,1.0,False
018437,0,0,12,1,1.0,False
018482,0,0,12,1,1.0,False
018503,0,0,12,1,1.0,False
018531,0,0,12,1,1.0,False
018572,0,0,12,1,1.0,False
018577,0,0,12,1,1.0,False
018606,0,0,12,1,1.0,False
018672,0,0,12,1,1.0,False
018709,0,0,12,1,1.0,False
018829,0,0,12,1,1.0,False
018918,0,0,12,1,1.0,False
018983,0,0,12,1,1.0,False
019020,0,0,12,1,1.0,False
019078,0,0,12,1,1.0,False
019159,0,0,12,1,1.0,False
019248,0,0,12,1,1.0,False
019343,0,0,12,1,1.0,False
019464,0,0,12,1,1.0,False
019555,0,0,12,1,1.0,False
019570,0,0,12,1,1.0,False
019582,0,0,12,1,1.0,False
019612,0,0,9,1,1.0,False
019805,0,0,12,1,1.0,False
019822,0,0,12,1,1.0,False
019865,0,0,12,1,1.0,False
019944,0,0,12,1,1.0,False
019951,0,0,12,1,1.0,False
020059,0,0,12,1,1.0,False
020292,0,0,12,1,1.0,False
020300,0,0,12,1,1.0,False
020389,0,0,12,1,1.0,False
020436,0,0,12,1,1.0,False
020459,0,0,12,1,1.0,False
020597,0,0,12,1,1.0,False
020626,0,0,12,1,1.0,False
020738,0,0,12,1,1.0,False
020827,0,0,12,1,1.0,False
020905,0,0,12,1,1.0,False
020980,0,0,12,1,1.0,False
021065,0,0,12,1,1.0,False
021087,0,0,12,1,1.0,False
021178,0,0,12,1,1.0,False
021206,0,0,12,1,1.0,False
021268,0,0,12,1,1.0,False
021345,0,0,12,1,1.0,False
021484,0,0,12,1,1.0,False
021560,0,0,12,1,1.0,False
021636,0,0,12,1,1.0,False
021646,0,0,12,1,1.0,False
021719,0,0,12,1,1.0,False
021794,0,0,12,1,1.0,False
021867,0,0,12,1,1.0,False
021920,0,0,12,1,1.0,False
021936,0,0,12,1,1.0,False
022073,0,0,12,1,1.0,False
022089,0,0,12,1,1.0,False
022250,0,0,12,1,1.0,False
022288,0,0,9,1,1.0,False
022364,0,0,12,1,1.0,False
022466,0,0,12,1,1.0,False
022475,0,0,12,1,1.0,False
022529,0,0,12,1,1.0,False
022643,0,0,12,1,1.0,False
022678,0,0,9,1,1.0,False
022712,0,0,12,1,1.0,False
022747,0,0,12,1,1.0,False
022814,0,0,12,1,1.0,False
022927,0,0,12,1,1.0,False
023014,0,0,12,1,1.0,False
023090,0,0,12,1,1.0,False
023162,0,0,12,1,1.0,False
023309,0,0,12,1,1.0,False
023441,0,0,12,1,1.0,False
023555,0,0,12,1,1.0,False
023658,0,0,12,1,1.0,False
023690,0,0,12,1,1.0,False
023844,0,0,12,1,1.0,False
023856,0,0,12,1,1.0,False
023857,0,0,12,1,1.0,False
023970,0,0,12,1,1.0,False
024055,0,0,12,1,1.0,False
024079,0,0,12,1,1.0,False
024179,0,0,12,1,1.0,False
024254,0,0,12,1,1.0,False
024274,0,0,12,1,1.0,False
024365,0,0,12,1,1.0,False
024469,0,0,12,1,1.0,False
024506,0,0,6,1,1.0,False
024590,0,0,12,1,1.0,False
024612,0,0,12,1,1.0,False
024811,0,0,12,1,1.0,False
024827,0,0,12,1,1.0,False
024836,0,0,12,1,1.0,False
024934,0,0,9,1,1.0,False
025022,0,0,12,1,1.0,False
025093,0,0,12,1,1.0,False
025176,0,0,12,1,1.0,False
025311,0,0,12,1,1.0,False
025356,0,0,12,1,1.0,False
025402,0,0,12,1,1.0,False
025628,0,0,12,1,1.0,False
025688,0,0,12,1,1.0,False
025749,0,0,12,1,1.0,False
025803,0,0,12,1,1.0,False
025814,0,0,12,1,1.0,False
025884,0,0,12,1,1.0,False
025897,0,0,12,1,1.0,False
025947,0,0,9,1,1.0,False
026070,0,0,9,1,1.0,False
026096,0,0,12,1,1.0,False
026203,0,0,12,1,1.0,False
026288,0,0,12,1,1.0,False
026342,0,0,9,1,1.0,False
026368,0,0,12,1,1.0,False
026444,0,0,12,1,1.0,False
026546,0,0,12,1,1.0,False
026684,0,0,12,1,1.0,False
026731,0,0,12,1,1.0,False
026905,0,0,12,1,1.0,False
026907,0,0,12,1,1.0,False
027076,0,0,6,1,1.0,False
027154,0,0,12,1,1.0,False
027210,0,0,12,1,1.0,False
027240,0,0,12,1,1.0,False
027316,0,0,12,1,1.0,False
027378,0,0,12,1,1.0,False
027460,0,0,12,1,1.0,False
027557,0,0,12,1,1.0,False
027591,0,0,12,1,1.0,False
027646,0,0,12,1,1.0,False
027745,0,0,12,1,1.0,False
027840,0,0,12,1,1.0,False
027897,0,0,12,1,1.0,False
027936,0,0,12,1,1.0,False
028029,0,0,12,1,1.0,False
028111,0,0,12,1,1.0,False
028126,0,0,12,1,1.0,False
028168,0,0,12,1,1.0,False
028274,0,0,12,1,1.0,False
028285,0,0,12,1,1.0,False
028342,0,0,12,1,1.0,False
028403,0,0,12,1,1.0,False
028432,0,0,12,1,1.0,False
028505,0,0,12,1,1.0,False
028526,0,0,9,1,1.0,False
028669,0,0,12,1,1.0,False
028688,0,0,12,1,1.0,False
028771,0,0,12,1,1.0,False
028865,0,0,12,1,1.0,False
028930,0,0,12,1,1.0,False
028964,0,0,12,1,1.0,False
029034,0,0,12,1,1.0,False
029045,0,0,12,1,1.0,False
029083,0,0,12,1,1.0,False
029165,0,0,12,1,1.0,False
029247,0,0,12,1,1.0,False
029351,0,0,9,1,1.0,False
029371,0,0,12,1,1.0,False
029494,0,0,12,1,1.0,False
029514,0,0,12,1,1.0,False
029578,0,0,12,1,1.0,False
029663,0,0,12,1,1.0,False
029730,0,0,12,1,1.0,False
029795,0,0,12,1,1.0,False
017260,0,0,12,1,1.0,False
017270,0,0,12,1,1.0,False
017272,0,0,12,1,1.0,False
017304,0,0,12,1,1.0,False
017364,0,0,12,1,1.0,False
017370,0,0,12,1,1.0,False
017389,0,0,12,1,1.0,False
017407,0,0,12,1,1.0,False
017415,0,0,12,1,1.0,False
017436,0,0,12,1,1.0,False
017437,0,0,12,1,1.0,False
017442,0,0,12,1,1.0,False
017446,0,0,12,1,1.0,False
017479,0,0,12,1,1.0,False
017525,0,0,12,1,1.0,False
017527,0,0,12,1,1.0,False
017553,0,0,12,1,1.0,False
017556,0,0,12,1,1.0,False
017616,0,0,12,1,1.0,False
017631,0,0,12,1,1.0,False
017654,0,0,12,1,1.0,False
017661,0,0,12,1,1.0,False
017694,0,0,12,1,1.0,False
017708,0,0,12,1,1.0,False
017725,0,0,12,1,1.0,False
017729,0,0,12,1,1.0,False
017742,0,0,12,1,1.0,False
017746,0,0,12,1,1.0,False
017759,0,0,12,1,1.0,False
017769,0,0,12,1,1.0,False
017806,0,0,12,1,1.0,False
017816,0,0,12,1,1.0,False
017827,0,0,12,1,1.0,False
017828,0,0,12,1,1.0,False
017868,0,0,12,1,1.0,False
017886,0,0,12,1,1.0,False
017902,0,0,12,1,1.0,False
017914,0,0,9,1,1.0,False
017915,0,0,12,1,1.0,False
017921,0,0,12,1,1.0,False
017941,0,0,12,1,1.0,False
017959,0,0,12,1,1.0,False
017961,0,0,12,1,1.0,False
017965,0,0,12,1,1.0,False
017997,0,0,12,1,1.0,False
018013,0,0,12,1,1.0,False
018024,0,0,12,1,1.0,False
018031,0,0,12,1,1.0,False
018049,0,0,12,1,1.0,False
018081,0,0,12,1,1.0,False
018107,0,0,12,1,1.0,False
018115,0,0,12,1,1.0,False
018135,0,0,12,1,1.0,False
018144,0,0,12,1,1.0,False
018185,0,0,9,1,1.0,False
018191,0,0,12,1,1.0,False
018195,0,0,12,1,1.0,False
018212,0,0,12,1,1.0,False
018230,0,0,12,1,1.0,False
018242,0,0,12,1,1.0,False
018251,0,0,12,1,1.0,False
018256,0,0,12,1,1.0,False
018267,0,0,12,1,1.0,False
018345,0,0,12,1,1.0,False
018384,0,0,12,1,1.0,False
018388,0,0,12,1,1.0,False
018392,0,0,12,1,1.0,False
018394,0,0,12,1,1.0,False
018408,0,0,12,1,1.0,False
018415,0,0,12,1,1.0,False
018419,0,0,12,1,1.0,False
018439,0,0,12,1,1.0,False
018442,0,0,12,1,1.0,False
018451,0,0,12,1,1.0,False
018494,0,0,12,1,1.0,False
018507,0,0,12,1,1.0,False
018511,0,0,12,1,1.0,False
018535,0,0,12,1,1.0,False
018540,0,0,12,1,1.0,False
018589,0,0,12,1,1.0,False
018626,0,0,12,1,1.0,False
018668,0,0,12,1,1.0,False
018729,0,0,12,1,1.0,False
018755,0,0,12,1,1.0,False
018783,0,0,12,1,1.0,False
018788,0,0,12,1,1.0,False
018807,0,0,12,1,1.0,False
018841,0,0,6,1,1.0,False
018859,0,0,12,1,1.0,False
018861,0,0,12,1,1.0,False
018990,0,0,12,1,1.0,False
019012,0,0,12,1,1.0,False
019086,0,0,12,1,1.0,False
019101,0,0,12,1,1.0,False
019173,0,0,9,1,1.0,False
019186,0,0,12,1,1.0,False
019190,0,0,12,1,1.0,False
019281,0,0,12,1,1.0,False
019291,0,0,12,1,1.0,False
019315,0,0,12,1,1.0,False
019364,0,0,12,1,1.0,False
019369,0,0,9,1,1.0,False
019479,0,0,12,1,1.0,False
019495,0,0,12,1,1.0,False
019581,0,0,12,1,1.0,False
019598,0,0,12,1,1.0,False
019624,0,0,12,1,1.0,False
019647,0,0,12,1,1.0,False
019655,0,0,12,1,1.0,False
019720,0,0,12,1,1.0,False
019740,0,0,12,1,1.0,False
019791,0,0,12,1,1.0,False
019802,0,0,9,1,1.0,False
019838,0,0,12,1,1.0,False
019867,0,0,12,1,1.0,False
019914,0,0,12,1,1.0,False
019969,0,0,12,1,1.0,False
019976,0,0,12,1,1.0,False
019990,0,0,12,1,1.0,False
020000,0,0,12,1,1.0,False
020071,0,0,12,1,1.0,False
020086,0,0,12,1,1.0,False
020166,0,0,12,1,1.0,False
020197,0,0,12,1,1.0,False
020242,0,0,12,1,1.0,False
020253,0,0,12,1,1.0,False
020304,0,0,12,1,1.0,False
020327,0,0,12,1,1.0,False
020343,0,0,12,1,1.0,False
020361,0,0,12,1,1.0,False
020435,0,0,12,1,1.0,False
020471,0,0,12,1,1.0,False
020482,0,0,12,1,1.0,False
020483,0,0,12,1,1.0,False
020508,0,0,12,1,1.0,False
020525,0,0,12,1,1.0,False
020580,0,0,12,1,1.0,False
020666,0,0,12,1,1.0,False
020682,0,0,12,1,1.0,False
020703,0,0,6,1,1.0,False
020747,0,0,12,1,1.0,False
020764,0,0,12,1,1.0,False
020791,0,0,12,1,1.0,False
020819,0,0,12,1,1.0,False
020846,0,0,12,1,1.0,False
020880,0,0,12,1,1.0,False
020971,0,0,12,1,1.0,False
020993,0,0,12,1,1.0,False
021010,0,0,9,1,1.0,False
021012,0,0,12,1,1.0,False
021081,0,0,10,1,1.0,False
021122,0,0,12,1,1.0,False
021124,0,0,12,1,1.0,False
021223,0,0,12,1,1.0,False
021252,0,0,9,1,1.0,False
021365,0,0,12,1,1.0,False
021387,0,0,12,1,1.0,False
021412,0,0,12,1,1.0,False
021424,0,0,12,1,1.0,False
021463,0,0,12,1,1.0,False
021482,0,0,12,1,1.0,False
021502,0,0,12,1,1.0,False
021521,0,0,12,1,1.0,False
021597,0,0,12,1,1.0,False
021620,0,0,12,1,1.0,False
021660,0,0,12,1,1.0,False
021677,0,0,9,1,1.0,False
021714,0,0,12,1,1.0,False
021814,0,0,12,1,1.0,False
021831,0,0,12,1,1.0,False
021916,0,0,12,1,1.0,False
021947,0,0,12,1,1.0,False
021957,0,0,12,1,1.0,False
022009,0,0,12,1,1.0,False
022018,0,0,12,1,1.0,False
022100,0,0,12,1,1.0,False
022108,0,0,12,1,1.0,False
022128,0,0,12,1,1.0,False
022131,0,0,12,1,1.0,False
022171,0,0,12,1,1.0,False
022237,0,0,12,1,1.0,False
022310,0,0,12,1,1.0,False
022315,0,0,12,1,1.0,False
022334,0,0,12,1,1.0,False
022388,0,0,12,1,1.0,False
022414,0,0,12,1,1.0,False
022526,0,0,12,1,1.0,False
022549,0,0,12,1,1.0,False
022572,0,0,12,1,1.0,False
022574,0,0,12,1,1.0,False
022659,0,0,12,1,1.0,False
022666,0,0,12,1,1.0,False
022691,0,0,12,1,1.0,False
022705,0,0,12,1,1.0,False
022785,0,0,12,1,1.0,False
022845,0,0,12,1,1.0,False
022870,0,0,12,1,1.0,False
022945,0,0,9,1,1.0,False
022959,0,0,12,1,1.0,False
022962,0,0,12,1,1.0,False
023024,0,0,12,1,1.0,False
023034,0,0,12,1,1.0,False
023050,0,0,12,1,1.0,False
023103,0,0,12,1,1.0,False
023126,0,0,12,1,1.0,False
023180,0,0,12,1,1.0,False
023191,0,0,12,1,1.0,False
023252,0,0,12,1,1.0,False
023319,0,0,12,1,1.0,False
023329,0,0,12,1,1.0,False
023382,0,0,12,1,1.0,False
023386,0,0,12,1,1.0,False
023456,0,0,12,1,1.0,False
023480,0,0,12,1,1.0,False
023538,0,0,12,1,1.0,False
023570,0,0,12,1,1.0,False
023578,0,0,12,1,1.0,False
023594,0,0,12,1,1.0,False
023606,0,0,12,1,1.0,False
023612,0,0,12,1,1.0,False
023682,0,0,12,1,1.0,False
023697,0,0,9,1,1.0,False
023734,0,0,12,1,1.0,False
023748,0,0,12,1,1.0,False
023758,0,0,12,1,1.0,False
023900,0,0,12,1,1.0,False
023903,0,0,12,1,1.0,False
023985,0,0,12,1,1.0,False
024000,0,0,12,1,1.0,False
024019,0,0,12,1,1.0,False
024032,0,0,12,1,1.0,False
024069,0,0,12,1,1.0,False
024104,0,0,12,1,1.0,False
024134,0,0,12,1,1.0,False
024260,0,0,11,1,1.0,False
024269,0,0,12,1,1.0,False
024292,0,0,12,1,1.0,False
024293,0,0,12,1,1.0,False
024322,0,0,9,1,1.0,False
024329,0,0,10,1,1.0,False
024378,0,0,12,1,1.0,False
024394,0,0,12,1,1.0,False
024400,0,0,12,1,1.0,False
024479,0,0,12,1,1.0,False
024491,0,0,12,1,1.0,False
024508,0,0,12,1,1.0,False
024527,0,0,12,1,1.0,False
024626,0,0,12,1,1.0,False
024632,0,0,12,1,1.0,False
024644,0,0,9,1,1.0,False
024677,0,0,12,1,1.0,False
024680,0,0,12,1,1.0,False
024820,0,0,12,1,1.0,False
024857,0,0,12,1,1.0,False
024870,0,0,12,1,1.0,False
024902,0,0,12,1,1.0,False
024962,0,0,12,1,1.0,False
025046,0,0,12,1,1.0,False
025104,0,0,12,1,1.0,False
025115,0,0,12,1,1.0,False
025123,0,0,12,1,1.0,False
025191,0,0,12,1,1.0,False
025206,0,0,12,1,1.0,False
025255,0,0,9,1,1.0,False
025256,0,0,12,1,1.0,False
025364,0,0,12,1,1.0,False
025387,0,0,12,1,1.0,False
025409,0,0,12,1,1.0,False
025454,0,0,12,1,1.0,False
025465,0,0,12,1,1.0,False
025505,0,0,12,1,1.0,False
025564,0,0,12,1,1.0,False
025614,0,0,12,1,1.0,False
025620,0,0,12,1,1.0,False
025639,0,0,9,1,1.0,False
025665,0,0,12,1,1.0,False
025694,0,0,9,1,1.0,False
025724,0,0,12,1,1.0,False
025772,0,0,12,1,1.0,False
025830,0,0,12,1,1.0,False
025834,0,0,12,1,1.0,False
025865,0,0,12,1,1.0,False
025907,0,0,12,1,1.0,False
025913,0,0,12,1,1.0,False
025926,0,0,12,1,1.0,False
025983,0,0,12,1,1.0,False
025995,0,0,12,1,1.0,False
026005,0,0,12,1,1.0,False
026080,0,0,12,1,1.0,False
026112,0,0,12,1,1.0,False
026113,0,0,12,1,1.0,False
026154,0,0,12,1,1.0,False
026160,0,0,12,1,1.0,False
026220,0,0,12,1,1.0,False
026340,0,0,12,1,1.0,False
026348,0,0,10,1,1.0,False
026362,0,0,12,1,1.0,False
026373,0,0,12,1,1.0,False
026390,0,0,12,1,1.0,False
026536,0,0,9,1,1.0,False
026566,0,0,12,1,1.0,False
026612,0,0,6,1,1.0,False
026721,0,0,12,1,1.0,False
026745,0,0,12,1,1.0,False
026748,0,0,12,1,1.0,False
026756,0,0,12,1,1.0,False
026770,0,0,12,1,1.0,False
026861,0,0,12,1,1.0,False
026938,0,0,9,1,1.0,False
026943,0,0,9,1,1.0,False
026957,0,0,9,1,1.0,False
026976,0,0,12,1,1.0,False
026984,0,0,12,1,1.0,False
026989,0,0,12,1,1.0,False
026991,0,0,6,1,1.0,False
027148,0,0,12,1,1.0,False
027176,0,0,12,1,1.0,False
027192,0,0,12,1,1.0,False
027204,0,0,12,1,1.0,False
027259,0,0,12,1,1.0,False
027285,0,0,12,1,1.0,False
027321,0,0,12,1,1.0,False
027366,0,0,12,1,1.0,False
027390,0,0,12,1,1.0,False
027417,0,0,12,1,1.0,False
027430,0,0,12,1,1.0,False
027490,0,0,12,1,1.0,False
027510,0,0,12,1,1.0,False
027600,0,0,12,1,1.0,False
027623,0,0,12,1,1.0,False
027674,0,0,12,1,1.0,False
027698,0,0,12,1,1.0,False
027725,0,0,12,1,1.0,False
027742,0,0,12,1,1.0,False
027758,0,0,12,1,1.0,False
027850,0,0,12,1,1.0,False
027860,0,0,12,1,1.0,False
027916,0,0,12,1,1.0,False
027932,0,0,12,1,1.0,False
027965,0,0,12,1,1.0,False
027987,0,0,12,1,1.0,False
028013,0,0,12,1,1.0,False
028045,0,0,12,1,1.0,False
028047,0,0,11,1,1.0,False
028071,0,0,12,1,1.0,False
028148,0,0,12,1,1.0,False
028159,0,0,12,1,1.0,False
028189,0,0,12,1,1.0,False
028292,0,0,12,1,1.0,False
028307,0,0,12,1,1.0,False
028328,0,0,12,1,1.0,False
028337,0,0,12,1,1.0,False
028392,0,0,12,1,1.0,False
028447,0,0,12,1,1.0,False
028461,0,0,12,1,1.0,False
028532,0,0,12,1,1.0,False
028555,0,0,12,1,1.0,False
028557,0,0,12,1,1.0,False
028568,0,0,12,1,1.0,False
028588,0,0,12,1,1.0,False
028600,0,0,12,1,1.0,False
028704,0,0,12,1,1.0,False
028708,0,0,12,1,1.0,False
028721,0,0,12,1,1.0,False
028730,0,0,12,1,1.0,False
028781,0,0,9,1,1.0,False
028791,0,0,12,1,1.0,False
028897,0,0,12,1,1.0,False
028937,0,0,12,1,1.0,False
028945,0,0,12,1,1.0,False
028966,0,0,12,1,1.0,False
028982,0,0,12,1,1.0,False
029003,0,0,12,1,1.0,False
029102,0,0,12,1,1.0,False
029113,0,0,12,1,1.0,False
029152,0,0,12,1,1.0,False
029179,0,0,12,1,1.0,False
029269,0,0,12,1,1.0,False
029272,0,0,12,1,1.0,False
029305,0,0,12,1,1.0,False
029383,0,0,9,1,1.0,False
029403,0,0,12,1,1.0,False
029404,0,0,12,1,1.0,False
029527,0,0,12,1,1.0,False
029563,0,0,6,1,1.0,False
029583,0,0,12,1,1.0,False
029619,0,0,12,1,1.0,False
029673,0,0,12,1,1.0,False
029684,0,0,12,1,1.0,False
029765,0,0,12,1,1.0,False
029854,0,0,12,1,1.0,False
029858,0,0,12,1,1.0,False
029892,0,0,6,1,1.0,False
017271,0,0,12,1,1.0,False
017311,0,0,12,1,1.0,False
017369,0,0,12,1,1.0,False
017409,0,0,12,1,1.0,False
017440,0,0,12,1,1.0,False
017488,0,0,12,1,1.0,False
017523,0,0,12,1,1.0,False
017554,0,0,12,1,1.0,False
017617,0,0,12,1,1.0,False
017656,0,0,12,1,1.0,False
017699,0,0,12,1,1.0,False
017728,0,0,12,1,1.0,False
017744,0,0,12,1,1.0,False
017765,0,0,12,1,1.0,False
017811,0,0,12,1,1.0,False
017818,0,0,9,1,1.0,False
017900,0,0,12,1,1.0,False
017912,0,0,12,1,1.0,False
017933,0,0,12,1,1.0,False
017949,0,0,12,1,1.0,False
018001,0,0,12,1,1.0,False
018025,0,0,12,1,1.0,False
018055,0,0,12,1,1.0,False
018109,0,0,12,1,1.0,False
018142,0,0,12,1,1.0,False
018189,0,0,12,1,1.0,False
018200,0,0,12,1,1.0,False
018246,0,0,12,1,1.0,False
018311,0,0,12,1,1.0,False
018386,0,0,12,1,1.0,False
018387,0,0,12,1,1.0,False
018393,0,0,12,1,1.0,False
018414,0,0,12,1,1.0,False
018432,0,0,12,1,1.0,False
018450,0,0,12,1,1.0,False
018506,0,0,12,1,1.0,False
018536,0,0,12,1,1.0,False
018578,0,0,12,1,1.0,False
018636,0,0,12,1,1.0,False
018801,0,0,12,1,1.0,False
018825,0,0,12,1,1.0,False
018854,0,0,12,1,1.0,False
019039,0,0,12,1,1.0,False
019179,0,0,6,1,1.0,False
019286,0,0,9,1,1.0,False
019340,0,0,12,1,1.0,False
019362,0,0,12,1,1.0,False
019490,0,0,12,1,1.0,False
019592,0,0,12,1,1.0,False
019633,0,0,12,1,1.0,False
019662,0,0,12,1,1.0,False
019729,0,0,9,1,1.0,False
019779,0,0,12,1,1.0,False
019850,0,0,12,1,1.0,False
019893,0,0,12,1,1.0,False
019981,0,0,12,1,1.0,False
019985,0,0,12,1,1.0,False
020079,0,0,12,1,1.0,False
020176,0,0,12,1,1.0,False
020216,0,0,12,1,1.0,False
020337,0,0,12,1,1.0,False
020464,0,0,12,1,1.0,False
020494,0,0,12,1,1.0,False
020498,0,0,12,1,1.0,False
020545,0,0,12,1,1.0,False
020691,0,0,12,1,1.0,False
020695,0,0,12,1,1.0,False
020754,0,0,12,1,1.0,False
020776,0,0,12,1,1.0,False
020854,0,0,12,1,1.0,False
020984,0,0,12,1,1.0,False
021003,0,0,12,1,1.0,False
021113,0,0,12,1,1.0,False
021230,0,0,12,1,1.0,False
021373,0,0,12,1,1.0,False
021451,0,0,12,1,1.0,False
021465,0,0,12,1,1.0,False
021508,0,0,12,1,1.0,False
021602,0,0,12,1,1.0,False
021667,0,0,12,1,1.0,False
021737,0,0,12,1,1.0,False
021905,0,0,12,1,1.0,False
021952,0,0,12,1,1.0,False
021998,0,0,12,1,1.0,False
022002,0,0,12,1,1.0,False
022117,0,0,12,1,1.0,False
022120,0,0,12,1,1.0,False
022227,0,0,12,1,1.0,False
022327,0,0,12,1,1.0,False
022393,0,0,12,1,1.0,False
022520,0,0,12,1,1.0,False
022557,0,0,12,1,1.0,False
022645,0,0,12,1,1.0,False
022685,0,0,12,1,1.0,False
022700,0,0,12,1,1.0,False
022811,0,0,12,1,1.0,False
022838,0,0,12,1,1.0,False
022954,0,0,12,1,1.0,False
022983,0,0,12,1,1.0,False
023029,0,0,12,1,1.0,False
023110,0,0,12,1,1.0,False
023185,0,0,12,1,1.0,False
023257,0,0,12,1,1.0,False
023324,0,0,12,1,1.0,False
023438,0,0,9,1,1.0,False
023495,0,0,12,1,1.0,False
023510,0,0,9,1,1.0,False
023586,0,0,12,1,1.0,False
023597,0,0,12,1,1.0,False
023649,0,0,12,1,1.0,False
023688,0,0,12,1,1.0,False
023884,0,0,12,1,1.0,False
023894,0,0,12,1,1.0,False
023993,0,0,12,1,1.0,False
024026,0,0,12,1,1.0,False
024095,0,0,6,1,1.0,False
024127,0,0,12,1,1.0,False
024281,0,0,12,1,1.0,False
024389,0,0,12,1,1.0,False
024507,0,0,12,1,1.0,False
024559,0,0,12,1,1.0,False
024635,0,0,12,1,1.0,False
024672,0,0,12,1,1.0,False
024719,0,0,12,1,1.0,False
024846,0,0,12,1,1.0,False
024887,0,0,12,1,1.0,False
025039,0,0,12,1,1.0,False
025057,0,0,12,1,1.0,False
025200,0,0,12,1,1.0,False
025244,0,0,12,1,1.0,False
025284,0,0,12,1,1.0,False
025372,0,0,12,1,1.0,False
025413,0,0,12,1,1.0,False
025491,0,0,12,1,1.0,False
025623,0,0,12,1,1.0,False
025642,0,0,12,1,1.0,False
025673,0,0,12,1,1.0,False
025840,0,0,12,1,1.0,False
025850,0,0,12,1,1.0,False
025914,0,0,12,1,1.0,False
025920,0,0,12,1,1.0,False
026058,0,0,12,1,1.0,False
026134,0,0,12,1,1.0,False
026144,0,0,9,1,1.0,False
026164,0,0,9,1,1.0,False
026232,0,0,12,1,1.0,False
026356,0,0,12,1,1.0,False
026379,0,0,9,1,1.0,False
026473,0,0,12,1,1.0,False
026526,0,0,12,1,1.0,False
026672,0,0,12,1,1.0,False
026763,0,0,12,1,1.0,False
026819,0,0,3,1,1.0,False
026848,0,0,12,1,1.0,False
026970,0,0,12,1,1.0,False
027006,0,0,12,1,1.0,False
027034,0,0,12,1,1.0,False
027164,0,0,12,1,1.0,False
027185,0,0,9,1,1.0,False
027306,0,0,12,1,1.0,False
027399,0,0,12,1,1.0,False
027409,0,0,12,1,1.0,False
027503,0,0,12,1,1.0,False
027609,0,0,12,1,1.0,False
027692,0,0,12,1,1.0,False
027730,0,0,12,1,1.0,False
027771,0,0,12,1,1.0,False
027855,0,0,12,1,1.0,False
027922,0,0,12,1,1.0,False
027980,0,0,12,1,1.0,False
028035,0,0,12,1,1.0,False
028179,0,0,12,1,1.0,False
028301,0,0,12,1,1.0,False
028324,0,0,12,1,1.0,False
028348,0,0,12,1,1.0,False
028456,0,0,12,1,1.0,False
028541,0,0,12,1,1.0,False
028562,0,0,12,1,1.0,False
028595,0,0,12,1,1.0,False
028711,0,0,12,1,1.0,False
028718,0,0,12,1,1.0,False
028786,0,0,12,1,1.0,False
028916,0,0,12,1,1.0,False
028993,0,0,12,1,1.0,False
029108,0,0,12,1,1.0,False
029263,0,0,12,1,1.0,False
029287,0,0,12,1,1.0,False
029392,0,0,12,1,1.0,False
029430,0,0,12,1,1.0,False
029549,0,0,12,1,1.0,False
029550,0,0,12,1,1.0,False
029678,0,0,12,1,1.0,False
029749,0,0,12,1,1.0,False
029878,0,0,12,1,1.0,False
017307,0,0,12,1,1.0,False
017346,0,0,12,1,1.0,False
017398,0,0,12,1,1.0,False
017411,0,0,12,1,1.0,False
017431,0,0,12,1,1.0,False
017450,0,0,12,1,1.0,False
017459,0,0,12,1,1.0,False
017495,0,0,12,1,1.0,False
017531,0,0,12,1,1.0,False
017560,0,0,12,1,1.0,False
017597,0,0,12,1,1.0,False
017604,0,0,12,1,1.0,False
017657,0,0,12,1,1.0,False
017662,0,0,12,1,1.0,False
017669,0,0,12,1,1.0,False
017722,0,0,12,1,1.0,False
017727,0,0,12,1,1.0,False
017783,0,0,12,1,1.0,False
017838,0,0,12,1,1.0,False
017842,0,0,12,1,1.0,False
017863,0,0,12,1,1.0,False
017876,0,0,12,1,1.0,False
017971,0,0,12,1,1.0,False
018070,0,0,12,1,1.0,False
018073,0,0,12,1,1.0,False
018084,0,0,12,1,1.0,False
018095,0,0,12,1,1.0,False
018118,0,0,12,1,1.0,False
018215,0,0,9,1,1.0,False
018225,0,0,12,1,1.0,False
018382,0,0,12,1,1.0,False
018390,0,0,9,1,1.0,False
018391,0,0,9,1,1.0,False
018397,0,0,12,1,1.0,False
018479,0,0,12,1,1.0,False
018533,0,0,12,1,1.0,False
018543,0,0,12,1,1.0,False
018622,0,0,9,1,1.0,False
018688,0,0,9,1,1.0,False
018873,0,0,12,1,1.0,False
018940,0,0,12,1,1.0,False
018979,0,0,12,1,1.0,False
019057,0,0,12,1,1.0,False
019131,0,0,12,1,1.0,False
019177,0,0,12,1,1.0,False
019213,0,0,12,1,1.0,False
019312,0,0,12,1,1.0,False
019374,0,0,12,1,1.0,False
019393,0,0,12,1,1.0,False
019686,0,0,12,1,1.0,False
019734,0,0,9,1,1.0,False
019911,0,0,12,1,1.0,False
020025,0,0,12,1,1.0,False
020090,0,0,12,1,1.0,False
020094,0,0,12,1,1.0,False
020095,0,0,12,1,1.0,False
020118,0,0,12,1,1.0,False
020203,0,0,12,1,1.0,False
020369,0,0,9,1,1.0,False
020414,0,0,12,1,1.0,False
020532,0,0,12,1,1.0,False
020641,0,0,12,1,1.0,False
020674,0,0,12,1,1.0,False
020789,0,0,12,1,1.0,False
020864,0,0,12,1,1.0,False
020935,0,0,12,1,1.0,False
020937,0,0,12,1,1.0,False
021051,0,0,12,1,1.0,False
021207,0,0,9,1,1.0,False
021309,0,0,12,1,1.0,False
021315,0,0,9,1,1.0,False
021366,0,0,12,1,1.0,False
021438,0,0,12,1,1.0,False
021686,0,0,12,1,1.0,False
021707,0,0,12,1,1.0,False
021747,0,0,12,1,1.0,False
021767,0,0,12,1,1.0,False
021770,0,0,12,1,1.0,False
021815,0,0,12,1,1.0,False
021849,0,0,12,1,1.0,False
021871,0,0,12,1,1.0,False
021988,0,0,12,1,1.0,False
022033,0,0,12,1,1.0,False
022194,0,0,12,1,1.0,False
022242,0,0,12,1,1.0,False
022409,0,0,12,1,1.0,False
022417,0,0,12,1,1.0,False
022483,0,0,12,1,1.0,False
022548,0,0,12,1,1.0,False
022592,0,0,12,1,1.0,False
022615,0,0,12,1,1.0,False
022773,0,0,12,1,1.0,False
022804,0,0,12,1,1.0,False
022855,0,0,12,1,1.0,False
022886,0,0,12,1,1.0,False
023030,0,0,12,1,1.0,False
023118,0,0,12,1,1.0,False
023202,0,0,12,1,1.0,False
023222,0,0,12,1,1.0,False
023269,0,0,12,1,1.0,False
023391,0,0,12,1,1.0,False
023412,0,0,9,1,1.0,False
023523,0,0,12,1,1.0,False
023533,0,0,12,1,1.0,False
023617,0,0,12,1,1.0,False
023787,0,0,12,1,1.0,False
024113,0,0,12,1,1.0,False
024159,0,0,12,1,1.0,False
024187,0,0,12,1,1.0,False
024212,0,0,12,1,1.0,False
024218,0,0,12,1,1.0,False
024342,0,0,12,1,1.0,False
024435,0,0,12,1,1.0,False
024555,0,0,12,1,1.0,False
024560,0,0,12,1,1.0,False
024668,0,0,12,1,1.0,False
024735,0,0,12,1,1.0,False
024742,0,0,12,1,1.0,False
024771,0,0,12,1,1.0,False
024906,0,0,12,1,1.0,False
024981,0,0,12,1,1.0,False
025070,0,0,12,1,1.0,False
025150,0,0,12,1,1.0,False
025282,0,0,12,1,1.0,False
025320,0,0,12,1,1.0,False
025423,0,0,12,1,1.0,False
025463,0,0,12,1,1.0,False
025520,0,0,6,1,1.0,False
025536,0,0,12,1,1.0,False
025725,0,0,12,1,1.0,False
025753,0,0,9,1,1.0,False
025769,0,0,12,1,1.0,False
026001,0,0,12,1,1.0,False
026033,0,0,12,1,1.0,False
026034,0,0,12,1,1.0,False
026138,0,0,9,1,1.0,False
026227,0,0,12,1,1.0,False
026229,0,0,12,1,1.0,False
026287,0,0,12,1,1.0,False
026304,0,0,9,1,1.0,False
026400,0,0,12,1,1.0,False
026426,0,0,3,1,1.0,False
026611,0,0,9,1,1.0,False
026635,0,0,9,1,1.0,False
026667,0,0,9,1,1.0,False
026791,0,0,12,1,1.0,False
026796,0,0,12,1,1.0,False
026839,0,0,12,1,1.0,False
026867,0,0,9,1,1.0,False
027041,0,0,12,1,1.0,False
027085,0,0,12,1,1.0,False
027113,0,0,12,1,1.0,False
027128,0,0,12,1,1.0,False
027232,0,0,12,1,1.0,False
027343,0,0,12,1,1.0,False
027402,0,0,12,1,1.0,False
027418,0,0,12,1,1.0,False
027437,0,0,12,1,1.0,False
027562,0,0,12,1,1.0,False
027577,0,0,12,1,1.0,False
027685,0,0,12,1,1.0,False
027789,0,0,12,1,1.0,False
027812,0,0,12,1,1.0,False
027820,0,0,12,1,1.0,False
027864,0,0,12,1,1.0,False
027973,0,0,12,1,1.0,False
028038,0,0,12,1,1.0,False
028087,0,0,9,1,1.0,False
028129,0,0,9,1,1.0,False
028224,0,0,12,1,1.0,False
028251,0,0,12,1,1.0,False
028321,0,0,12,1,1.0,False
028362,0,0,9,1,1.0,False
028431,0,0,12,1,1.0,False
028492,0,0,12,1,1.0,False
028625,0,0,12,1,1.0,False
028645,0,0,12,1,1.0,False
028703,0,0,12,1,1.0,False
028742,0,0,12,1,1.0,False
028819,0,0,12,1,1.0,False
028842,0,0,12,1,1.0,False
028885,0,0,12,1,1.0,False
029030,0,0,12,1,1.0,False
029035,0,0,12,1,1.0,False
029130,0,0,12,1,1.0,False
029216,0,0,12,1,1.0,False
029231,0,0,12,1,1.0,False
029323,0,0,12,1,1.0,False
029344,0,0,12,1,1.0,False
029443,0,0,12,1,1.0,False
029445,0,0,12,1,1.0,False
029486,0,0,12,1,1.0,False
029639,0,0,12,1,1.0,False
029704,0,0,12,1,1.0,False
029789,0,0,12,1,1.0,False
029859,0,0,12,1,1.0,False
029881,0,0,12,1,1.0,False
017313,0,0,9,1,1.0,False
018066,0,0,12,1,1.0,False
018445,0,0,12,1,1.0,False
019018,0,0,12,1,1.0,False
019907,0,0,12,1,1.0,False
023593,0,0,12,1,1.0,False
024861,0,0,6,1,1.0,False
024956,0,0,12,1,1.0,False
028085,0,0,12,1,1.0,False
029411,0,0,12,1,1.0,False
029774,0,0,12,1,1.0,False
018149,0,0,12,1,1.0,False
018259,0,0,9,1,1.0,False
023402,0,0,9,1,1.0,False
025393,0,0,9,1,1.0,False
026481,0,0,12,1,1.0,False
026538,0,0,9,1,1.0,False
027111,0,0,12,1,1.0,False
028176,0,0,9,1,1.0,False
017834,0,0,9,1,1.0,False
017966,0,0,9,1,1.0,False
018206,0,0,9,1,1.0,False
019111,0,0,11,1,1.0,False
019559,0,0,11,1,1.0,False
020800,0,0,9,1,1.0,False
023369,0,0,11,1,1.0,False
025237,0,0,9,1,1.0,False
025935,0,0,9,1,1.0,False
025945,0,0,11,1,1.0,False
026425,0,0,6,1,1.0,False
028356,0,0,11,1,1.0,False
018334,0,0,10,1,1.0,False
026314,0,0,10,1,1.0,False
018760,0,0,6,1,1.0,False
020070,0,0,9,1,1.0,False
026462,0,0,9,1,1.0,False
026495,0,0,6,1,1.0,False
021845,0,0,7,1,1.0,False
025170,0,0,7,1,1.0,False
026639,0,0,6,1,1.0,False
026922,0,0,6,1,1.0,False
022506,0,0,6,1,1.0,False
023874,0,0,6,1,1.0,False
024948,0,0,6,1,1.0,False
025330,0,0,6,1,1.0,False
026490,0,0,6,1,1.0,False
021232,0,0,6,1,1.0,False
025109,0,0,6,1,1.0,False
026702,0,0,6,1,1.0,False
021583,0,0,6,1,1.0,False
025576,0,0,6,1,1.0,False
027247,0,0,6,1,1.0,False
17254,0,0,2,1,1.0,False
17262,0,0,12,1,1.0,False
17266,0,0,31,2,0.8064516129032258,False
17274,0,0,33,3,0.7272727272727273,False
17289,0,0,11,1,1.0,False
17290,0,0,12,1,1.0,False
17295,0,0,4,1,1.0,False
17302,0,0,7,1,1.0,False
17325,0,0,2,1,1.0,False
17328,0,0,11,1,1.0,False
17331,0,0,31,3,0.6451612903225806,False
17341,0,0,7,1,1.0,False
17342,0,0,7,1,1.0,False
17345,0,0,11,1,1.0,False
17353,0,0,2,1,1.0,False
17354,0,0,12,1,1.0,False
17356,0,0,12,1,1.0,False
17361,0,0,2,1,1.0,False
17363,0,0,4,1,1.0,False
17368,0,0,3,1,1.0,False
17379,0,0,30,3,0.7,False
17383,0,0,31,2,0.8064516129032258,False
17402,0,0,2,1,1.0,False
17403,0,0,31,3,0.7096774193548387,False
17417,0,0,2,1,1.0,False
17423,0,0,7,1,1.0,False
17427,0,0,7,1,1.0,False
17429,0,0,11,1,1.0,False
17433,0,0,12,1,1.0,False
17435,0,0,4,1,1.0,False
17452,0,0,32,3,0.65625,False
17458,0,0,11,1,1.0,False
17470,0,0,3,1,1.0,False
17471,0,0,12,1,1.0,False
17480,0,0,7,1,1.0,False
17485,0,0,12,1,1.0,False
17490,0,0,20,3,0.55,False
17506,0,0,27,2,0.7777777777777778,False
17511,0,0,3,1,1.0,False
17517,0,0,11,1,1.0,False
17518,0,0,20,3,0.7,False
17522,0,0,7,1,1.0,False
17534,0,0,12,1,1.0,False
17535,0,0,11,1,1.0,False
17538,0,0,4,1,1.0,False
17542,0,0,12,1,1.0,False
17555,0,0,7,1,1.0,False
17566,0,0,4,1,1.0,False
17572,0,0,2,1,1.0,False
17582,0,0,7,1,1.0,False
17585,0,0,11,1,1.0,False
17586,0,0,12,1,1.0,False
17588,0,0,23,3,0.6086956521739131,False
17591,0,0,7,1,1.0,False
17593,0,0,2,1,1.0,False
17596,0,0,4,1,1.0,False
17607,0,0,7,1,1.0,False
17608,0,0,11,1,1.0,False
17610,0,0,2,1,1.0,False
17611,0,0,12,1,1.0,False
17613,0,0,4,1,1.0,False
17620,0,0,2,1,1.0,False
17627,0,0,24,3,0.625,False
17632,0,0,3,1,1.0,False
17642,0,0,4,1,1.0,False
17646,0,0,7,1,1.0,False
17648,0,0,11,1,1.0,False
17651,0,0,12,1,1.0,False
17652,0,0,7,1,1.0,False
17653,0,0,34,3,0.6470588235294118,False
17663,0,0,4,1,1.0,False
17683,0,0,11,1,1.0,False
17684,0,0,12,1,1.0,False
17685,0,0,30,2,0.6666666666666666,False
17693,0,0,25,2,0.76,False
17695,0,0,3,1,1.0,False
17700,0,0,3,1,1.0,False
17716,0,0,11,1,1.0,False
17719,0,0,7,1,1.0,False
17720,0,0,12,1,1.0,False
17721,0,0,22,2,0.7272727272727273,False
17737,0,0,11,1,1.0,False
17738,0,0,12,1,1.0,False
17739,0,0,4,1,1.0,False
17743,0,0,32,3,0.625,False
17755,0,0,11,1,1.0,False
17757,0,0,9,1,1.0,False
17758,0,0,21,3,0.7142857142857143,False
17760,0,0,4,1,1.0,False
17778,0,0,7,1,1.0,False
17779,0,0,11,1,1.0,False
17785,0,0,28,2,0.6785714285714286,False
17789,0,0,2,1,1.0,False
17790,0,0,33,3,0.7272727272727273,False
17796,0,0,33,3,0.7272727272727273,False
17799,0,0,4,1,1.0,False
17804,0,0,3,1,1.0,False
17829,0,0,7,1,1.0,False
17831,0,0,2,1,1.0,False
17848,0,0,7,1,1.0,False
17849,0,0,11,1,1.0,False
17851,0,0,7,1,1.0,False
17852,0,0,11,1,1.0,False
17857,0,0,6,1,1.0,False
17862,0,0,35,3,0.6571428571428571,False
17866,0,0,28,2,0.7857142857142857,False
17867,0,0,7,1,1.0,False
17872,0,0,31,3,0.6451612903225806,False
17875,0,0,7,1,1.0,False
17878,0,0,11,1,1.0,False
17879,0,0,12,1,1.0,False
17882,0,0,9,1,1.0,False
17883,0,0,28,3,0.6785714285714286,False
17887,0,0,3,1,1.0,False
17889,0,0,4,1,1.0,False
17890,0,0,30,2,0.6666666666666666,False
17898,0,0,3,1,1.0,False
17908,0,0,24,2,0.75,False
17913,0,0,3,1,1.0,False
17919,0,0,21,2,0.5714285714285714,False
17920,0,0,2,1,1.0,False
17926,0,0,3,1,1.0,False
17927,0,0,7,1,1.0,False
17928,0,0,11,1,1.0,False
17934,0,0,7,1,1.0,False
17942,0,0,4,1,1.0,False
17947,0,0,32,3,0.71875,False
17955,0,0,7,1,1.0,False
17960,0,0,3,1,1.0,False
17972,0,0,7,1,1.0,False
17973,0,0,11,1,1.0,False
17979,0,0,12,1,1.0,False
17981,0,0,32,2,0.6875,False
17987,0,0,27,2,0.7777777777777778,False
17989,0,0,11,1,1.0,False
17991,0,0,12,1,1.0,False
17992,0,0,3,1,1.0,False
17993,0,0,4,1,1.0,False
17999,0,0,3,1,1.0,False
18023,0,0,7,1,1.0,False
18027,0,0,2,1,1.0,False
18032,0,0,7,1,1.0,False
18036,0,0,3,1,1.0,False
18044,0,0,11,1,1.0,False
18045,0,0,12,1,1.0,False
18047,0,0,4,1,1.0,False
18051,0,0,7,1,1.0,False
18098,0,0,11,1,1.0,False
18101,0,0,2,1,1.0,False
18102,0,0,12,1,1.0,False
18103,0,0,34,3,0.6470588235294118,False
18116,0,0,12,1,1.0,False
18117,0,0,31,2,0.8064516129032258,False
18124,0,0,2,1,1.0,False
18131,0,0,2,1,1.0,False
18139,0,0,11,1,1.0,False
18141,0,0,7,1,1.0,False
18148,0,0,3,1,1.0,False
18152,0,0,11,1,1.0,False
18156,0,0,21,3,0.7142857142857143,False
18158,0,0,2,1,1.0,False
18161,0,0,11,1,1.0,False
18165,0,0,12,1,1.0,False
18166,0,0,3,1,1.0,False
18168,0,0,28,2,0.6785714285714286,False
18172,0,0,12,1,1.0,False
18173,0,0,3,1,1.0,False
18177,0,0,12,1,1.0,False
18178,0,0,4,1,1.0,False
18179,0,0,20,3,0.7,False
18190,0,0,2,1,1.0,False
18199,0,0,7,1,1.0,False
18207,0,0,33,3,0.7272727272727273,False
18214,0,0,28,2,0.6785714285714286,False
18223,0,0,3,1,1.0,False
18226,0,0,11,1,1.0,False
18228,0,0,11,1,1.0,False
18231,0,0,12,1,1.0,False
18234,0,0,12,1,1.0,False
18236,0,0,24,2,0.875,False
18241,0,0,4,1,1.0,False
18249,0,0,2,1,1.0,False
18250,0,0,25,4,0.64,False
18258,0,0,3,1,1.0,False
18284,0,0,7,1,1.0,False
18287,0,0,7,1,1.0,False
18289,0,0,7,1,1.0,False
18297,0,0,11,1,1.0,False
18299,0,0,12,1,1.0,False
18305,0,0,4,1,1.0,False
18320,0,0,7,1,1.0,False
18322,0,0,11,1,1.0,False
18331,0,0,12,1,1.0,False
18334,0,0,32,3,0.71875,False
18339,0,0,2,1,1.0,False
18340,0,0,22,3,0.7272727272727273,False
18344,0,0,27,3,0.7777777777777778,False
18355,0,0,21,3,0.7142857142857143,False
18368,0,0,7,1,1.0,False
18375,0,0,11,1,1.0,False
18376,0,0,12,1,1.0,False
18377,0,0,7,1,1.0,False
18379,0,0,26,2,0.7307692307692307,False
18400,0,0,7,1,1.0,False
18402,0,0,11,1,1.0,False
18405,0,0,12,1,1.0,False
18407,0,0,4,1,1.0,False
18431,0,0,11,1,1.0,False
18437,0,0,12,1,1.0,False
18438,0,0,22,3,0.5909090909090909,False
18440,0,0,2,1,1.0,False
18444,0,0,11,1,1.0,False
18448,0,0,26,2,0.6538461538461539,False
18455,0,0,2,1,1.0,False
18463,0,0,3,1,1.0,False
18466,0,0,7,1,1.0,False
18480,0,0,11,1,1.0,False
18482,0,0,12,1,1.0,False
18490,0,0,11,1,1.0,False
18499,0,0,11,1,1.0,False
18503,0,0,12,1,1.0,False
18504,0,0,23,2,0.7391304347826086,False
18509,0,0,25,4,0.64,False
18514,0,0,23,2,0.7391304347826086,False
18521,0,0,29,2,0.6896551724137931,False
18524,0,0,11,1,1.0,False
18531,0,0,9,1,1.0,False
18544,0,0,7,1,1.0,False
18548,0,0,11,1,1.0,False
18560,0,0,7,1,1.0,False
18567,0,0,11,1,1.0,False
18572,0,0,9,1,1.0,False
18576,0,0,16,2,0.8125,False
18577,0,0,12,1,1.0,False
18584,0,0,2,1,1.0,False
18594,0,0,7,1,1.0,False
18606,0,0,12,1,1.0,False
18611,0,0,3,1,1.0,False
18612,0,0,4,1,1.0,False
18617,0,0,7,1,1.0,False
18638,0,0,23,3,0.6086956521739131,False
18672,0,0,12,1,1.0,False
18676,0,0,11,1,1.0,False
18683,0,0,7,1,1.0,False
18693,0,0,2,1,1.0,False
18699,0,0,3,1,1.0,False
18704,0,0,11,1,1.0,False
18709,0,0,12,1,1.0,False
18714,0,0,4,1,1.0,False
18744,0,0,7,1,1.0,False
18765,0,0,7,1,1.0,False
18805,0,0,11,1,1.0,False
18818,0,0,7,1,1.0,False
18829,0,0,12,1,1.0,False
18835,0,0,4,1,1.0,False
18843,0,0,3,1,1.0,False
18865,0,0,2,1,1.0,False
18879,0,0,3,1,1.0,False
18896,0,0,3,1,1.0,False
18901,0,0,11,1,1.0,False
18917,0,0,7,1,1.0,False
18918,0,0,12,1,1.0,False
18924,0,0,4,1,1.0,False
18949,0,0,2,1,1.0,False
18950,0,0,2,1,1.0,False
18959,0,0,3,1,1.0,False
18964,0,0,7,1,1.0,False
18967,0,0,3,1,1.0,False
18975,0,0,11,1,1.0,False
18983,0,0,9,1,1.0,False
18996,0,0,7,1,1.0,False
19020,0,0,12,1,1.0,False
19052,0,0,7,1,1.0,False
19068,0,0,7,1,1.0,False
19078,0,0,12,1,1.0,False
19084,0,0,4,1,1.0,False
19111,0,0,7,1,1.0,False
19126,0,0,7,1,1.0,False
19138,0,0,2,1,1.0,False
19146,0,0,3,1,1.0,False
19151,0,0,11,1,1.0,False
19153,0,0,33,3,0.6363636363636364,False
19159,0,0,12,1,1.0,False
19164,0,0,4,1,1.0,False
19208,0,0,3,1,1.0,False
19232,0,0,2,1,1.0,False
19240,0,0,11,1,1.0,False
19244,0,0,3,1,1.0,False
19248,0,0,12,1,1.0,False
19255,0,0,25,2,0.76,False
19264,0,0,11,1,1.0,False
19269,0,0,7,1,1.0,False
19276,0,0,4,1,1.0,False
19306,0,0,3,1,1.0,False
19325,0,0,30,2,0.6666666666666666,False
19330,0,0,3,1,1.0,False
19337,0,0,11,1,1.0,False
19343,0,0,12,1,1.0,False
19348,0,0,25,3,0.64,False
19386,0,0,24,3,0.625,False
19405,0,0,3,1,1.0,False
19407,0,0,7,1,1.0,False
19414,0,0,11,1,1.0,False
19419,0,0,2,1,1.0,False
19425,0,0,3,1,1.0,False
19434,0,0,2,1,1.0,False
19439,0,0,33,3,0.7272727272727273,False
19452,0,0,11,1,1.0,False
19458,0,0,2,1,1.0,False
19464,0,0,12,1,1.0,False
19474,0,0,7,1,1.0,False
19505,0,0,32,3,0.71875,False
19510,0,0,7,1,1.0,False
19526,0,0,3,1,1.0,False
19531,0,0,11,1,1.0,False
19549,0,0,11,1,1.0,False
19555,0,0,12,1,1.0,False
19559,0,0,7,1,1.0,False
19565,0,0,4,1,1.0,False
19570,0,0,9,1,1.0,False
19575,0,0,4,1,1.0,False
19582,0,0,12,1,1.0,False
19590,0,0,4,1,1.0,False
19612,0,0,12,1,1.0,False
19629,0,0,3,1,1.0,False
19644,0,0,20,2,0.7,False
19672,0,0,3,1,1.0,False
19675,0,0,7,1,1.0,False
19684,0,0,11,1,1.0,False
19693,0,0,7,1,1.0,False
19700,0,0,4,1,1.0,False
19707,0,0,4,1,1.0,False
19714,0,0,2,1,1.0,False
19722,0,0,3,1,1.0,False
19751,0,0,2,1,1.0,False
19759,0,0,11,1,1.0,False
19765,0,0,7,1,1.0,False
19805,0,0,12,1,1.0,False
19810,0,0,4,1,1.0,False
19822,0,0,12,1,1.0,False
19831,0,0,4,1,1.0,False
19839,0,0,7,1,1.0,False
19865,0,0,3,1,1.0,False
19875,0,0,7,1,1.0,False
19904,0,0,7,1,1.0,False
19924,0,0,2,1,1.0,False
19939,0,0,7,1,1.0,False
19944,0,0,12,1,1.0,False
19946,0,0,11,1,1.0,False
19951,0,0,12,1,1.0,False
19965,0,0,4,1,1.0,False
20017,0,0,7,1,1.0,False
20042,0,0,7,1,1.0,False
20043,0,0,3,1,1.0,False
20054,0,0,11,1,1.0,False
20059,0,0,12,1,1.0,False
20065,0,0,22,3,0.7272727272727273,False
20070,0,0,3,1,1.0,False
20101,0,0,2,1,1.0,False
20109,0,0,7,1,1.0,False
20114,0,0,25,3,0.64,False
20126,0,0,2,1,1.0,False
20131,0,0,27,2,0.6666666666666666,False
20153,0,0,11,1,1.0,False
20155,0,0,2,1,1.0,False
20157,0,0,4,1,1.0,False
20183,0,0,2,1,1.0,False
20188,0,0,7,1,1.0,False
20211,0,0,7,1,1.0,False
20221,0,0,26,2,0.7692307692307693,False
20234,0,0,3,1,1.0,False
20246,0,0,11,1,1.0,False
20263,0,0,3,1,1.0,False
20277,0,0,2,1,1.0,False
20282,0,0,7,1,1.0,False
20287,0,0,11,1,1.0,False
20292,0,0,12,1,1.0,False
20297,0,0,4,1,1.0,False
20300,0,0,12,1,1.0,False
20309,0,0,3,1,1.0,False
20314,0,0,4,1,1.0,False
20332,0,0,4,1,1.0,False
20358,0,0,11,1,1.0,False
20359,0,0,7,1,1.0,False
20389,0,0,12,1,1.0,False
20391,0,0,3,1,1.0,False
20393,0,0,2,1,1.0,False
20406,0,0,7,1,1.0,False
20417,0,0,4,1,1.0,False
20427,0,0,11,1,1.0,False
20436,0,0,12,1,1.0,False
20449,0,0,11,1,1.0,False
20454,0,0,4,1,1.0,False
20459,0,0,12,1,1.0,False
20466,0,0,4,1,1.0,False
20491,0,0,26,2,0.6538461538461539,False
20543,0,0,2,1,1.0,False
20567,0,0,7,1,1.0,False
20568,0,0,11,1,1.0,False
20590,0,0,2,1,1.0,False
20597,0,0,12,1,1.0,False
20601,0,0,3,1,1.0,False
20611,0,0,3,1,1.0,False
20618,0,0,11,1,1.0,False
20626,0,0,12,1,1.0,False
20640,0,0,4,1,1.0,False
20663,0,0,33,3,0.7272727272727273,False
20669,0,0,11,1,1.0,False
20700,0,0,2,1,1.0,False
20721,0,0,3,1,1.0,False
20726,0,0,2,1,1.0,False
20730,0,0,11,1,1.0,False
20739,0,0,4,1,1.0,False
20750,0,0,4,1,1.0,False
20780,0,0,3,1,1.0,False
20808,0,0,33,3,0.7272727272727273,False
20814,0,0,11,1,1.0,False
20827,0,0,12,1,1.0,False
20833,0,0,31,2,0.6774193548387096,False
20839,0,0,4,1,1.0,False
20855,0,0,7,1,1.0,False
20871,0,0,2,1,1.0,False
20877,0,0,2,1,1.0,False
20886,0,0,7,1,1.0,False
20891,0,0,11,1,1.0,False
20905,0,0,12,1,1.0,False
20918,0,0,7,1,1.0,False
20927,0,0,7,1,1.0,False
20952,0,0,3,1,1.0,False
20961,0,0,4,1,1.0,False
20980,0,0,12,1,1.0,False
20988,0,0,4,1,1.0,False
21019,0,0,3,1,1.0,False
21020,0,0,7,1,1.0,False
21040,0,0,3,1,1.0,False
21041,0,0,11,1,1.0,False
21064,0,0,2,1,1.0,False
21065,0,0,12,1,1.0,False
21073,0,0,7,1,1.0,False
21081,0,0,11,1,1.0,False
21087,0,0,12,1,1.0,False
21088,0,0,7,1,1.0,False
21094,0,0,4,1,1.0,False
21097,0,0,4,1,1.0,False
21106,0,0,7,1,1.0,False
21131,0,0,2,1,1.0,False
21140,0,0,3,1,1.0,False
21159,0,0,3,1,1.0,False
21160,0,0,11,1,1.0,False
21178,0,0,12,1,1.0,False
21182,0,0,2,1,1.0,False
21189,0,0,3,1,1.0,False
21190,0,0,4,1,1.0,False
21206,0,0,12,1,1.0,False
21250,0,0,7,1,1.0,False
21259,0,0,11,1,1.0,False
21268,0,0,12,1,1.0,False
21289,0,0,4,1,1.0,False
21296,0,0,7,1,1.0,False
21327,0,0,11,1,1.0,False
21328,0,0,3,1,1.0,False
21330,0,0,2,1,1.0,False
21335,0,0,11,1,1.0,False
21345,0,0,12,1,1.0,False
21348,0,0,2,1,1.0,False
21354,0,0,4,1,1.0,False
21374,0,0,3,1,1.0,False
21386,0,0,2,1,1.0,False
21394,0,0,11,1,1.0,False
21411,0,0,4,1,1.0,False
21419,0,0,2,1,1.0,False
21429,0,0,7,1,1.0,False
21449,0,0,3,1,1.0,False
21452,0,0,3,1,1.0,False
21466,0,0,11,1,1.0,False
21484,0,0,12,1,1.0,False
21495,0,0,25,3,0.64,False
21512,0,0,3,1,1.0,False
21534,0,0,2,1,1.0,False
21560,0,0,12,1,1.0,False
21569,0,0,2,1,1.0,False
21576,0,0,3,1,1.0,False
21589,0,0,4,1,1.0,False
21593,0,0,3,1,1.0,False
21605,0,0,32,3,0.71875,False
21613,0,0,11,1,1.0,False
21616,0,0,3,1,1.0,False
21625,0,0,11,1,1.0,False
21636,0,0,12,1,1.0,False
21646,0,0,12,1,1.0,False
21647,0,0,22,3,0.7272727272727273,False
21668,0,0,4,1,1.0,False
21680,0,0,7,1,1.0,False
21693,0,0,2,1,1.0,False
21699,0,0,3,1,1.0,False
21708,0,0,11,1,1.0,False
21719,0,0,12,1,1.0,False
21725,0,0,25,2,0.76,False
21727,0,0,2,1,1.0,False
21755,0,0,7,1,1.0,False
21771,0,0,2,1,1.0,False
21781,0,0,3,1,1.0,False
21787,0,0,11,1,1.0,False
21794,0,0,12,1,1.0,False
21800,0,0,4,1,1.0,False
21802,0,0,33,3,0.7272727272727273,False
21816,0,0,2,1,1.0,False
21823,0,0,2,1,1.0,False
21845,0,0,11,1,1.0,False
21861,0,0,3,1,1.0,False
21867,0,0,12,1,1.0,False
21877,0,0,4,1,1.0,False
21885,0,0,2,1,1.0,False
21890,0,0,3,1,1.0,False
21894,0,0,3,1,1.0,False
21908,0,0,11,1,1.0,False
21920,0,0,12,1,1.0,False
21925,0,0,11,1,1.0,False
21936,0,0,12,1,1.0,False
21942,0,0,4,1,1.0,False
21959,0,0,2,1,1.0,False
21976,0,0,3,1,1.0,False
21983,0,0,4,1,1.0,False
22013,0,0,2,1,1.0,False
22016,0,0,24,3,0.625,False
22045,0,0,3,1,1.0,False
22056,0,0,7,1,1.0,False
22073,0,0,12,1,1.0,False
22082,0,0,11,1,1.0,False
22089,0,0,12,1,1.0,False
22091,0,0,4,1,1.0,False
22122,0,0,2,1,1.0,False
22142,0,0,3,1,1.0,False
22144,0,0,7,1,1.0,False
22150,0,0,11,1,1.0,False
22165,0,0,4,1,1.0,False
22170,0,0,2,1,1.0,False
22186,0,0,7,1,1.0,False
22193,0,0,7,1,1.0,False
22199,0,0,2,1,1.0,False
22210,0,0,24,3,0.625,False
22215,0,0,11,1,1.0,False
22249,0,0,30,2,0.8,False
22250,0,0,12,1,1.0,False
22267,0,0,11,1,1.0,False
22272,0,0,3,1,1.0,False
22273,0,0,4,1,1.0,False
22288,0,0,12,1,1.0,False
22296,0,0,4,1,1.0,False
22321,0,0,11,1,1.0,False
22343,0,0,7,1,1.0,False
22364,0,0,12,1,1.0,False
22371,0,0,4,1,1.0,False
22384,0,0,7,1,1.0,False
22398,0,0,3,1,1.0,False
22432,0,0,2,1,1.0,False
22435,0,0,2,1,1.0,False
22442,0,0,3,1,1.0,False
22456,0,0,11,1,1.0,False
22458,0,0,2,1,1.0,False
22464,0,0,11,1,1.0,False
22466,0,0,12,1,1.0,False
22475,0,0,12,1,1.0,False
22476,0,0,4,1,1.0,False
22490,0,0,4,1,1.0,False
22498,0,0,3,1,1.0,False
22508,0,0,8,1,1.0,False
22529,0,0,12,1,1.0,False
22540,0,0,25,2,0.76,False
22564,0,0,4,1,1.0,False
22580,0,0,3,1,1.0,False
22601,0,0,2,1,1.0,False
22606,0,0,7,1,1.0,False
22617,0,0,3,1,1.0,False
22630,0,0,11,1,1.0,False
22638,0,0,2,1,1.0,False
22643,0,0,12,1,1.0,False
22655,0,0,4,1,1.0,False
22669,0,0,11,1,1.0,False
22678,0,0,12,1,1.0,False
22684,0,0,4,1,1.0,False
22712,0,0,12,1,1.0,False
22723,0,0,11,1,1.0,False
22747,0,0,12,1,1.0,False
22760,0,0,7,1,1.0,False
22762,0,0,4,1,1.0,False
22778,0,0,7,1,1.0,False
22796,0,0,3,1,1.0,False
22800,0,0,4,1,1.0,False
22807,0,0,8,1,1.0,False
22814,0,0,9,1,1.0,False
22824,0,0,4,1,1.0,False
22851,0,0,7,1,1.0,False
22871,0,0,7,1,1.0,False
22877,0,0,11,1,1.0,False
22882,0,0,7,1,1.0,False
22905,0,0,29,3,0.6896551724137931,False
22907,0,0,3,1,1.0,False
22912,0,0,11,1,1.0,False
22927,0,0,9,1,1.0,False
22931,0,0,22,3,0.7272727272727273,False
22940,0,0,4,1,1.0,False
22984,0,0,7,1,1.0,False
22999,0,0,2,1,1.0,False
23009,0,0,11,1,1.0,False
23014,0,0,12,1,1.0,False
23016,0,0,4,1,1.0,False
23060,0,0,2,1,1.0,False
23066,0,0,3,1,1.0,False
23077,0,0,11,1,1.0,False
23085,0,0,3,1,1.0,False
23096,0,0,4,1,1.0,False
23099,0,0,7,1,1.0,False
23136,0,0,2,1,1.0,False
23150,0,0,11,1,1.0,False
23156,0,0,2,1,1.0,False
23162,0,0,12,1,1.0,False
23171,0,0,7,1,1.0,False
23173,0,0,4,1,1.0,False
23197,0,0,7,1,1.0,False
23205,0,0,2,1,1.0,False
23213,0,0,2,1,1.0,False
23217,0,0,3,1,1.0,False
23227,0,0,7,1,1.0,False
23237,0,0,11,1,1.0,False
23247,0,0,4,1,1.0,False
23262,0,0,4,1,1.0,False
23279,0,0,7,1,1.0,False
23281,0,0,7,1,1.0,False
23294,0,0,2,1,1.0,False
23299,0,0,3,1,1.0,False
23304,0,0,11,1,1.0,False
23309,0,0,12,1,1.0,False
23363,0,0,11,1,1.0,False
23369,0,0,7,1,1.0,False
23376,0,0,4,1,1.0,False
23417,0,0,2,1,1.0,False
23430,0,0,11,1,1.0,False
23441,0,0,12,1,1.0,False
23464,0,0,11,1,1.0,False
23474,0,0,7,1,1.0,False
23498,0,0,11,1,1.0,False
23510,0,0,12,1,1.0,False
23515,0,0,7,1,1.0,False
23537,0,0,4,1,1.0,False
23541,0,0,7,1,1.0,False
23547,0,0,11,1,1.0,False
23555,0,0,12,1,1.0,False
23564,0,0,4,1,1.0,False
23600,0,0,4,1,1.0,False
23608,0,0,3,1,1.0,False
23624,0,0,2,1,1.0,False
23631,0,0,7,1,1.0,False
23641,0,0,11,1,1.0,False
23658,0,0,12,1,1.0,False
23670,0,0,5,1,1.0,False
23690,0,0,12,1,1.0,False
23717,0,0,2,1,1.0,False
23723,0,0,7,1,1.0,False
23750,0,0,2,1,1.0,False
23759,0,0,24,3,0.625,False
23780,0,0,7,1,1.0,False
23785,0,0,4,1,1.0,False
23797,0,0,2,1,1.0,False
23798,0,0,11,1,1.0,False
23808,0,0,24,2,0.75,False
23817,0,0,11,1,1.0,False
23821,0,0,2,1,1.0,False
23836,0,0,2,1,1.0,False
23844,0,0,12,1,1.0,False
23845,0,0,3,1,1.0,False
23851,0,0,11,1,1.0,False
23856,0,0,12,1,1.0,False
23862,0,0,4,1,1.0,False
23868,0,0,4,1,1.0,False
23887,0,0,7,1,1.0,False
23906,0,0,4,1,1.0,False
23916,0,0,2,1,1.0,False
23924,0,0,7,1,1.0,False
23926,0,0,7,1,1.0,False
23964,0,0,11,1,1.0,False
23970,0,0,12,1,1.0,False
23976,0,0,4,1,1.0,False
23997,0,0,3,1,1.0,False
24020,0,0,11,1,1.0,False
24052,0,0,2,1,1.0,False
24055,0,0,12,1,1.0,False
24062,0,0,22,3,0.7272727272727273,False
24066,0,0,3,1,1.0,False
24079,0,0,12,1,1.0,False
24084,0,0,4,1,1.0,False
24091,0,0,7,1,1.0,False
24144,0,0,3,1,1.0,False
24153,0,0,7,1,1.0,False
24169,0,0,18,2,0.8333333333333334,False
24179,0,0,12,1,1.0,False
24185,0,0,4,1,1.0,False
24198,0,0,2,1,1.0,False
24201,0,0,7,1,1.0,False
24232,0,0,3,1,1.0,False
24236,0,0,2,1,1.0,False
24247,0,0,11,1,1.0,False
24252,0,0,27,2,0.7777777777777778,False
24254,0,0,12,1,1.0,False
24256,0,0,11,1,1.0,False
24260,0,0,4,1,1.0,False
24329,0,0,11,1,1.0,False
24333,0,0,2,1,1.0,False
24360,0,0,8,1,1.0,False
24365,0,0,12,1,1.0,False
24380,0,0,2,1,1.0,False
24401,0,0,7,1,1.0,False
24417,0,0,2,1,1.0,False
24418,0,0,23,3,0.6086956521739131,False
24430,0,0,33,3,0.7272727272727273,False
24447,0,0,11,1,1.0,False
24450,0,0,3,1,1.0,False
24457,0,0,11,1,1.0,False
24469,0,0,12,1,1.0,False
24471,0,0,4,1,1.0,False
24482,0,0,4,1,1.0,False
24506,0,0,12,1,1.0,False
24545,0,0,28,2,0.75,False
24547,0,0,7,1,1.0,False
24566,0,0,2,1,1.0,False
24571,0,0,2,1,1.0,False
24576,0,0,3,1,1.0,False
24583,0,0,3,1,1.0,False
24585,0,0,11,1,1.0,False
24590,0,0,12,1,1.0,False
24599,0,0,22,2,0.8636363636363636,False
24603,0,0,11,1,1.0,False
24612,0,0,12,1,1.0,False
24618,0,0,4,1,1.0,False
24657,0,0,2,1,1.0,False
24662,0,0,7,1,1.0,False
24681,0,0,2,1,1.0,False
24700,0,0,2,1,1.0,False
24711,0,0,7,1,1.0,False
24713,0,0,11,1,1.0,False
24721,0,0,7,1,1.0,False
24728,0,0,4,1,1.0,False
24757,0,0,2,1,1.0,False
24763,0,0,7,1,1.0,False
24766,0,0,2,1,1.0,False
24778,0,0,2,1,1.0,False
24780,0,0,4,1,1.0,False
24787,0,0,3,1,1.0,False
24788,0,0,4,1,1.0,False
24790,0,0,3,1,1.0,False
24805,0,0,11,1,1.0,False
24811,0,0,12,1,1.0,False
24816,0,0,11,1,1.0,False
24819,0,0,4,1,1.0,False
24824,0,0,11,1,1.0,False
24827,0,0,9,1,1.0,False
24836,0,0,12,1,1.0,False
24854,0,0,4,1,1.0,False
24871,0,0,7,1,1.0,False
24897,0,0,3,1,1.0,False
24913,0,0,2,1,1.0,False
24919,0,0,3,1,1.0,False
24928,0,0,11,1,1.0,False
24934,0,0,12,1,1.0,False
24943,0,0,4,1,1.0,False
24968,0,0,7,1,1.0,False
24986,0,0,26,3,0.5384615384615384,False
25003,0,0,2,1,1.0,False
25010,0,0,3,1,1.0,False
25016,0,0,11,1,1.0,False
25022,0,0,12,1,1.0,False
25030,0,0,3,1,1.0,False
25052,0,0,7,1,1.0,False
25063,0,0,4,1,1.0,False
25081,0,0,27,2,0.6666666666666666,False
25086,0,0,11,1,1.0,False
25093,0,0,12,1,1.0,False
25099,0,0,4,1,1.0,False
25120,0,0,11,1,1.0,False
25135,0,0,2,1,1.0,False
25157,0,0,7,1,1.0,False
25162,0,0,3,1,1.0,False
25170,0,0,11,1,1.0,False
25175,0,0,4,1,1.0,False
25176,0,0,12,1,1.0,False
25186,0,0,4,1,1.0,False
25232,0,0,7,1,1.0,False
25242,0,0,17,3,0.6470588235294118,False
25259,0,0,2,1,1.0,False
25267,0,0,3,1,1.0,False
25273,0,0,7,1,1.0,False
25296,0,0,11,1,1.0,False
25306,0,0,7,1,1.0,False
25309,0,0,2,1,1.0,False
25311,0,0,12,1,1.0,False
25318,0,0,3,1,1.0,False
25331,0,0,4,1,1.0,False
25338,0,0,5,1,1.0,False
25347,0,0,2,1,1.0,False
25356,0,0,12,1,1.0,False
25377,0,0,4,1,1.0,False
25384,0,0,11,1,1.0,False
25386,0,0,7,1,1.0,False
25402,0,0,12,1,1.0,False
25436,0,0,4,1,1.0,False
25438,0,0,4,1,1.0,False
25442,0,0,27,2,0.7777777777777778,False
25472,0,0,11,1,1.0,False
25481,0,0,23,2,0.7391304347826086,False
25490,0,0,3,1,1.0,False
25516,0,0,7,1,1.0,False
25519,0,0,11,1,1.0,False
25546,0,0,4,1,1.0,False
25555,0,0,4,1,1.0,False
25565,0,0,3,1,1.0,False
25569,0,0,30,2,0.8,False
25585,0,0,2,1,1.0,False
25589,0,0,11,1,1.0,False
25597,0,0,2,1,1.0,False
25607,0,0,28,2,0.7857142857142857,False
25628,0,0,12,1,1.0,False
25649,0,0,7,1,1.0,False
25652,0,0,11,1,1.0,False
25688,0,0,12,1,1.0,False
25692,0,0,24,3,0.625,False
25700,0,0,3,1,1.0,False
25721,0,0,4,1,1.0,False
25735,0,0,2,1,1.0,False
25749,0,0,12,1,1.0,False
25764,0,0,2,1,1.0,False
25765,0,0,11,1,1.0,False
25792,0,0,11,1,1.0,False
25803,0,0,12,1,1.0,False
25814,0,0,12,1,1.0,False
25868,0,0,7,1,1.0,False
25878,0,0,2,1,1.0,False
25889,0,0,11,1,1.0,False
25897,0,0,12,1,1.0,False
25906,0,0,4,1,1.0,False
25941,0,0,8,1,1.0,False
25945,0,0,7,1,1.0,False
25947,0,0,12,1,1.0,False
25957,0,0,29,2,0.6896551724137931,False
26003,0,0,2,1,1.0,False
26020,0,0,3,1,1.0,False
26026,0,0,7,1,1.0,False
26055,0,0,11,1,1.0,False
26070,0,0,9,1,1.0,False
26076,0,0,25,3,0.64,False
26086,0,0,11,1,1.0,False
26096,0,0,12,1,1.0,False
26101,0,0,7,1,1.0,False
26103,0,0,7,1,1.0,False
26132,0,0,7,1,1.0,False
26148,0,0,2,1,1.0,False
26179,0,0,3,1,1.0,False
26203,0,0,12,1,1.0,False
26212,0,0,4,1,1.0,False
26235,0,0,7,1,1.0,False
26242,0,0,7,1,1.0,False
26252,0,0,7,1,1.0,False
26256,0,0,3,1,1.0,False
26272,0,0,11,1,1.0,False
26288,0,0,12,1,1.0,False
26312,0,0,4,1,1.0,False
26314,0,0,23,3,0.6086956521739131,False
26317,0,0,3,1,1.0,False
26323,0,0,21,2,0.7142857142857143,False
26335,0,0,11,1,1.0,False
26342,0,0,12,1,1.0,False
26348,0,0,8,1,1.0,False
26350,0,0,4,1,1.0,False
26359,0,0,3,1,1.0,False
26368,0,0,12,1,1.0,False
26403,0,0,4,1,1.0,False
26415,0,0,7,1,1.0,False
26438,0,0,5,1,1.0,False
26444,0,0,12,1,1.0,False
26453,0,0,2,1,1.0,False
26462,0,0,3,1,1.0,False
26463,0,0,2,1,1.0,False
26496,0,0,4,1,1.0,False
26525,0,0,11,1,1.0,False
26546,0,0,12,1,1.0,False
26556,0,0,4,1,1.0,False
26569,0,0,3,1,1.0,False
26585,0,0,4,1,1.0,False
26603,0,0,24,2,0.625,False
26629,0,0,5,1,1.0,False
26643,0,0,7,1,1.0,False
26659,0,0,7,1,1.0,False
26684,0,0,12,1,1.0,False
26689,0,0,3,1,1.0,False
26695,0,0,16,1,1.0,False
26731,0,0,12,1,1.0,False
26742,0,0,4,1,1.0,False
26780,0,0,25,2,0.76,False
26785,0,0,7,1,1.0,False
26802,0,0,11,1,1.0,False
26819,0,0,12,1,1.0,False
26830,0,0,11,1,1.0,False
26831,0,0,2,1,1.0,False
26860,0,0,7,1,1.0,False
26894,0,0,28,3,0.6785714285714286,False
26901,0,0,11,1,1.0,False
26905,0,0,12,1,1.0,False
26907,0,0,12,1,1.0,False
26912,0,0,11,1,1.0,False
26922,0,0,3,1,1.0,False
26924,0,0,16,2,0.625,False
26934,0,0,7,1,1.0,False
26942,0,0,4,1,1.0,False
26966,0,0,22,3,0.5909090909090909,False
27022,0,0,2,1,1.0,False
27027,0,0,7,1,1.0,False
27048,0,0,2,1,1.0,False
27060,0,0,3,1,1.0,False
27066,0,0,7,1,1.0,False
27098,0,0,4,1,1.0,False
27100,0,0,2,1,1.0,False
27121,0,0,3,1,1.0,False
27123,0,0,28,2,0.7142857142857143,False
27141,0,0,11,1,1.0,False
27154,0,0,12,1,1.0,False
27171,0,0,3,1,1.0,False
27184,0,0,11,1,1.0,False
27205,0,0,11,1,1.0,False
27210,0,0,12,1,1.0,False
27225,0,0,7,1,1.0,False
27226,0,0,4,1,1.0,False
27240,0,0,12,1,1.0,False
27263,0,0,11,1,1.0,False
27268,0,0,3,1,1.0,False
27273,0,0,7,1,1.0,False
27287,0,0,11,1,1.0,False
27307,0,0,7,1,1.0,False
27316,0,0,12,1,1.0,False
27323,0,0,4,1,1.0,False
27357,0,0,2,1,1.0,False
27367,0,0,24,2,0.625,False
27371,0,0,7,1,1.0,False
27372,0,0,7,1,1.0,False
27378,0,0,12,1,1.0,False
27385,0,0,4,1,1.0,False
27422,0,0,7,1,1.0,False
27433,0,0,3,1,1.0,False
27445,0,0,11,1,1.0,False
27448,0,0,7,1,1.0,False
27454,0,0,3,1,1.0,False
27460,0,0,12,1,1.0,False
27480,0,0,4,1,1.0,False
27497,0,0,2,1,1.0,False
27517,0,0,7,1,1.0,False
27527,0,0,2,1,1.0,False
27544,0,0,7,1,1.0,False
27549,0,0,11,1,1.0,False
27557,0,0,12,1,1.0,False
27568,0,0,4,1,1.0,False
27572,0,0,2,1,1.0,False
27578,0,0,3,1,1.0,False
27591,0,0,12,1,1.0,False
27619,0,0,3,1,1.0,False
27633,0,0,4,1,1.0,False
27639,0,0,11,1,1.0,False
27646,0,0,12,1,1.0,False
27651,0,0,7,1,1.0,False
27661,0,0,2,1,1.0,False
27671,0,0,11,1,1.0,False
27711,0,0,2,1,1.0,False
27716,0,0,21,3,0.7142857142857143,False
27720,0,0,4,1,1.0,False
27735,0,0,11,1,1.0,False
27739,0,0,2,1,1.0,False
27745,0,0,12,1,1.0,False
27753,0,0,4,1,1.0,False
27792,0,0,2,1,1.0,False
27797,0,0,3,1,1.0,False
27810,0,0,7,1,1.0,False
27821,0,0,2,1,1.0,False
27826,0,0,3,1,1.0,False
27835,0,0,11,1,1.0,False
27840,0,0,12,1,1.0,False
27845,0,0,4,1,1.0,False
27867,0,0,11,1,1.0,False
27884,0,0,3,1,1.0,False
27890,0,0,11,1,1.0,False
27893,0,0,3,1,1.0,False
27897,0,0,12,1,1.0,False
27913,0,0,11,1,1.0,False
27936,0,0,9,1,1.0,False
27943,0,0,4,1,1.0,False
27948,0,0,7,1,1.0,False
27963,0,0,7,1,1.0,False
27986,0,0,4,1,1.0,False
27993,0,0,2,1,1.0,False
28001,0,0,24,3,0.625,False
28016,0,0,2,1,1.0,False
28025,0,0,3,1,1.0,False
28029,0,0,12,1,1.0,False
28047,0,0,4,1,1.0,False
28069,0,0,3,1,1.0,False
28076,0,0,2,1,1.0,False
28094,0,0,21,3,0.7142857142857143,False
28103,0,0,11,1,1.0,False
28105,0,0,11,1,1.0,False
28111,0,0,12,1,1.0,False
28121,0,0,4,1,1.0,False
28126,0,0,12,1,1.0,False
28134,0,0,1,1,1.0,False
28137,0,0,22,2,0.8636363636363636,False
28150,0,0,3,1,1.0,False
28155,0,0,8,1,1.0,False
28168,0,0,12,1,1.0,False
28173,0,0,4,1,1.0,False
28210,0,0,7,1,1.0,False
28228,0,0,7,1,1.0,False
28237,0,0,2,1,1.0,False
28242,0,0,7,1,1.0,False
28258,0,0,2,1,1.0,False
28264,0,0,3,1,1.0,False
28269,0,0,11,1,1.0,False
28274,0,0,12,1,1.0,False
28280,0,0,4,1,1.0,False
28285,0,0,9,1,1.0,False
28293,0,0,7,1,1.0,False
28299,0,0,31,3,0.7096774193548387,False
28313,0,0,7,1,1.0,False
28342,0,0,12,1,1.0,False
28356,0,0,7,1,1.0,False
28370,0,0,2,1,1.0,False
28375,0,0,2,1,1.0,False
28389,0,0,11,1,1.0,False
28391,0,0,7,1,1.0,False
28403,0,0,12,1,1.0,False
28408,0,0,2,1,1.0,False
28413,0,0,3,1,1.0,False
28418,0,0,11,1,1.0,False
28424,0,0,4,1,1.0,False
28432,0,0,12,1,1.0,False
28437,0,0,2,1,1.0,False
28450,0,0,11,1,1.0,False
28477,0,0,2,1,1.0,False
28485,0,0,7,1,1.0,False
28497,0,0,17,3,0.6470588235294118,False
28503,0,0,3,1,1.0,False
28505,0,0,12,1,1.0,False
28516,0,0,11,1,1.0,False
28523,0,0,4,1,1.0,False
28526,0,0,12,1,1.0,False
28537,0,0,4,1,1.0,False
28548,0,0,4,1,1.0,False
28581,0,0,2,1,1.0,False
28604,0,0,7,1,1.0,False
28619,0,0,7,1,1.0,False
28626,0,0,3,1,1.0,False
28650,0,0,7,1,1.0,False
28663,0,0,11,1,1.0,False
28669,0,0,12,1,1.0,False
28674,0,0,11,1,1.0,False
28678,0,0,4,1,1.0,False
28688,0,0,12,1,1.0,False
28695,0,0,4,1,1.0,False
28747,0,0,2,1,1.0,False
28759,0,0,11,1,1.0,False
28771,0,0,12,1,1.0,False
28779,0,0,4,1,1.0,False
28801,0,0,32,3,0.71875,False
28808,0,0,7,1,1.0,False
28824,0,0,7,1,1.0,False
28847,0,0,11,1,1.0,False
28865,0,0,12,1,1.0,False
28866,0,0,3,1,1.0,False
28877,0,0,4,1,1.0,False
28880,0,0,3,1,1.0,False
28892,0,0,2,1,1.0,False
28905,0,0,3,1,1.0,False
28922,0,0,11,1,1.0,False
28930,0,0,12,1,1.0,False
28936,0,0,4,1,1.0,False
28946,0,0,2,1,1.0,False
28955,0,0,11,1,1.0,False
28964,0,0,12,1,1.0,False
28976,0,0,4,1,1.0,False
29000,0,0,11,1,1.0,False
29034,0,0,12,1,1.0,False
29043,0,0,2,1,1.0,False
29045,0,0,12,1,1.0,False
29046,0,0,23,2,0.7391304347826086,False
29057,0,0,3,1,1.0,False
29083,0,0,12,1,1.0,False
29085,0,0,7,1,1.0,False
29086,0,0,11,1,1.0,False
29096,0,0,4,1,1.0,False
29099,0,0,4,1,1.0,False
29132,0,0,4,1,1.0,False
29146,0,0,3,1,1.0,False
29160,0,0,11,1,1.0,False
29165,0,0,12,1,1.0,False
29169,0,0,7,1,1.0,False
29182,0,0,4,1,1.0,False
29195,0,0,3,1,1.0,False
29222,0,0,2,1,1.0,False
29230,0,0,3,1,1.0,False
29237,0,0,11,1,1.0,False
29241,0,0,2,1,1.0,False
29247,0,0,12,1,1.0,False
29255,0,0,4,1,1.0,False
29307,0,0,7,1,1.0,False
29326,0,0,2,1,1.0,False
29332,0,0,7,1,1.0,False
29348,0,0,3,1,1.0,False
29351,0,0,12,1,1.0,False
29356,0,0,2,1,1.0,False
29362,0,0,24,2,0.75,False
29366,0,0,11,1,1.0,False
29371,0,0,12,1,1.0,False
29431,0,0,7,1,1.0,False
29433,0,0,7,1,1.0,False
29466,0,0,2,1,1.0,False
29471,0,0,24,2,0.75,False
29489,0,0,11,1,1.0,False
29494,0,0,12,1,1.0,False
29499,0,0,11,1,1.0,False
29505,0,0,4,1,1.0,False
29514,0,0,6,1,1.0,False
29525,0,0,4,1,1.0,False
29531,0,0,7,1,1.0,False
29532,0,0,3,1,1.0,False
29569,0,0,2,1,1.0,False
29578,0,0,12,1,1.0,False
29579,0,0,4,1,1.0,False
29588,0,0,3,1,1.0,False
29593,0,0,7,1,1.0,False
29608,0,0,11,1,1.0,False
29629,0,0,2,1,1.0,False
29634,0,0,3,1,1.0,False
29644,0,0,2,1,1.0,False
29649,0,0,7,1,1.0,False
29654,0,0,11,1,1.0,False
29663,0,0,12,1,1.0,False
29668,0,0,4,1,1.0,False
29709,0,0,2,1,1.0,False
29715,0,0,3,1,1.0,False
29728,0,0,7,1,1.0,False
29730,0,0,12,1,1.0,False
29735,0,0,7,1,1.0,False
29759,0,0,11,1,1.0,False
29784,0,0,3,1,1.0,False
29795,0,0,12,1,1.0,False
29812,0,0,3,1,1.0,False
29823,0,0,4,1,1.0,False
29824,0,0,7,1,1.0,False
29832,0,0,11,1,1.0,False
29845,0,0,2,1,1.0,False
29905,0,0,3,1,1.0,False
29918,0,0,2,1,1.0,False
17270,0,0,12,1,1.0,False
17304,0,0,12,1,1.0,False
17364,0,0,12,1,1.0,False
17389,0,0,12,1,1.0,False
17407,0,0,12,1,1.0,False
17436,0,0,12,1,1.0,False
17446,0,0,12,1,1.0,False
17479,0,0,12,1,1.0,False
17553,0,0,12,1,1.0,False
17616,0,0,12,1,1.0,False
17654,0,0,12,1,1.0,False
17694,0,0,12,1,1.0,False
17725,0,0,12,1,1.0,False
17742,0,0,12,1,1.0,False
17759,0,0,12,1,1.0,False
17806,0,0,12,1,1.0,False
17816,0,0,12,1,1.0,False
17868,0,0,12,1,1.0,False
17886,0,0,12,1,1.0,False
17902,0,0,12,1,1.0,False
17921,0,0,12,1,1.0,False
17961,0,0,12,1,1.0,False
17997,0,0,9,1,1.0,False
18024,0,0,12,1,1.0,False
18049,0,0,12,1,1.0,False
18107,0,0,12,1,1.0,False
18135,0,0,12,1,1.0,False
18185,0,0,12,1,1.0,False
18195,0,0,12,1,1.0,False
18230,0,0,12,1,1.0,False
18242,0,0,12,1,1.0,False
18251,0,0,12,1,1.0,False
18345,0,0,12,1,1.0,False
18384,0,0,12,1,1.0,False
18392,0,0,12,1,1.0,False
18419,0,0,12,1,1.0,False
18442,0,0,12,1,1.0,False
18486,0,0,24,3,0.625,False
18511,0,0,12,1,1.0,False
18535,0,0,12,1,1.0,False
18622,0,0,12,1,1.0,False
18626,0,0,12,1,1.0,False
18755,0,0,12,1,1.0,False
18783,0,0,12,1,1.0,False
18788,0,0,12,1,1.0,False
18841,0,0,12,1,1.0,False
18990,0,0,12,1,1.0,False
19101,0,0,12,1,1.0,False
19173,0,0,12,1,1.0,False
19281,0,0,12,1,1.0,False
19315,0,0,12,1,1.0,False
19479,0,0,12,1,1.0,False
19581,0,0,12,1,1.0,False
19598,0,0,12,1,1.0,False
19624,0,0,12,1,1.0,False
19655,0,0,12,1,1.0,False
19720,0,0,9,1,1.0,False
19734,0,0,12,1,1.0,False
19838,0,0,12,1,1.0,False
19969,0,0,12,1,1.0,False
19976,0,0,12,1,1.0,False
20166,0,0,12,1,1.0,False
20197,0,0,12,1,1.0,False
20253,0,0,12,1,1.0,False
20304,0,0,12,1,1.0,False
20327,0,0,12,1,1.0,False
20435,0,0,12,1,1.0,False
20471,0,0,12,1,1.0,False
20482,0,0,12,1,1.0,False
20632,0,0,3,1,1.0,False
20666,0,0,12,1,1.0,False
20682,0,0,6,1,1.0,False
20747,0,0,12,1,1.0,False
20846,0,0,12,1,1.0,False
20971,0,0,6,1,1.0,False
20993,0,0,12,1,1.0,False
21124,0,0,12,1,1.0,False
21207,0,0,12,1,1.0,False
21223,0,0,12,1,1.0,False
21365,0,0,12,1,1.0,False
21412,0,0,12,1,1.0,False
21424,0,0,12,1,1.0,False
21502,0,0,12,1,1.0,False
21597,0,0,12,1,1.0,False
21660,0,0,12,1,1.0,False
21714,0,0,12,1,1.0,False
21814,0,0,12,1,1.0,False
21947,0,0,12,1,1.0,False
22100,0,0,12,1,1.0,False
22108,0,0,12,1,1.0,False
22171,0,0,12,1,1.0,False
22310,0,0,12,1,1.0,False
22315,0,0,12,1,1.0,False
22388,0,0,12,1,1.0,False
22506,0,0,12,1,1.0,False
22549,0,0,9,1,1.0,False
22574,0,0,12,1,1.0,False
22666,0,0,12,1,1.0,False
22691,0,0,12,1,1.0,False
22785,0,0,12,1,1.0,False
22945,0,0,12,1,1.0,False
22962,0,0,12,1,1.0,False
23024,0,0,12,1,1.0,False
23103,0,0,12,1,1.0,False
23180,0,0,12,1,1.0,False
23252,0,0,12,1,1.0,False
23386,0,0,9,1,1.0,False
23480,0,0,12,1,1.0,False
23570,0,0,12,1,1.0,False
23578,0,0,12,1,1.0,False
23606,0,0,12,1,1.0,False
23682,0,0,12,1,1.0,False
23734,0,0,9,1,1.0,False
23874,0,0,12,1,1.0,False
23985,0,0,12,1,1.0,False
24019,0,0,12,1,1.0,False
24069,0,0,12,1,1.0,False
24269,0,0,12,1,1.0,False
24292,0,0,12,1,1.0,False
24371,0,0,3,1,1.0,False
24378,0,0,12,1,1.0,False
24400,0,0,12,1,1.0,False
24479,0,0,9,1,1.0,False
24491,0,0,12,1,1.0,False
24626,0,0,12,1,1.0,False
24632,0,0,9,1,1.0,False
24677,0,0,9,1,1.0,False
24820,0,0,12,1,1.0,False
24857,0,0,12,1,1.0,False
24870,0,0,9,1,1.0,False
24948,0,0,9,1,1.0,False
25104,0,0,6,1,1.0,False
25191,0,0,12,1,1.0,False
25206,0,0,12,1,1.0,False
25255,0,0,12,1,1.0,False
25362,0,0,18,2,0.6666666666666666,False
25364,0,0,12,1,1.0,False
25387,0,0,9,1,1.0,False
25465,0,0,12,1,1.0,False
25564,0,0,12,1,1.0,False
25614,0,0,12,1,1.0,False
25620,0,0,12,1,1.0,False
25665,0,0,12,1,1.0,False
25830,0,0,12,1,1.0,False
25834,0,0,12,1,1.0,False
25913,0,0,12,1,1.0,False
26005,0,0,12,1,1.0,False
26112,0,0,9,1,1.0,False
26113,0,0,12,1,1.0,False
26220,0,0,12,1,1.0,False
26340,0,0,12,1,1.0,False
26362,0,0,12,1,1.0,False
26495,0,0,3,1,1.0,False
26612,0,0,6,1,1.0,False
26667,0,0,6,1,1.0,False
26756,0,0,12,1,1.0,False
26861,0,0,12,1,1.0,False
26938,0,0,12,1,1.0,False
26943,0,0,9,1,1.0,False
26957,0,0,12,1,1.0,False
26984,0,0,9,1,1.0,False
27148,0,0,12,1,1.0,False
27169,0,0,3,1,1.0,False
27176,0,0,12,1,1.0,False
27259,0,0,12,1,1.0,False
27285,0,0,12,1,1.0,False
27390,0,0,12,1,1.0,False
27490,0,0,12,1,1.0,False
27600,0,0,12,1,1.0,False
27674,0,0,12,1,1.0,False
27725,0,0,12,1,1.0,False
27758,0,0,12,1,1.0,False
27850,0,0,12,1,1.0,False
27916,0,0,12,1,1.0,False
27965,0,0,12,1,1.0,False
28013,0,0,12,1,1.0,False
28071,0,0,12,1,1.0,False
28129,0,0,12,1,1.0,False
28159,0,0,12,1,1.0,False
28292,0,0,12,1,1.0,False
28307,0,0,12,1,1.0,False
28447,0,0,12,1,1.0,False
28532,0,0,12,1,1.0,False
28557,0,0,12,1,1.0,False
28588,0,0,12,1,1.0,False
28704,0,0,12,1,1.0,False
28708,0,0,12,1,1.0,False
28781,0,0,12,1,1.0,False
28897,0,0,12,1,1.0,False
28937,0,0,12,1,1.0,False
28945,0,0,12,1,1.0,False
28982,0,0,9,1,1.0,False
29102,0,0,12,1,1.0,False
29152,0,0,12,1,1.0,False
29272,0,0,12,1,1.0,False
29404,0,0,9,1,1.0,False
29527,0,0,12,1,1.0,False
29673,0,0,12,1,1.0,False
29765,0,0,12,1,1.0,False
29854,0,0,12,1,1.0,False
29892,0,0,12,1,1.0,False
17260,0,0,9,1,1.0,False
17272,0,0,9,1,1.0,False
17313,0,0,9,1,1.0,False
17370,0,0,9,1,1.0,False
17415,0,0,9,1,1.0,False
17437,0,0,9,1,1.0,False
17442,0,0,9,1,1.0,False
17525,0,0,9,1,1.0,False
17527,0,0,9,1,1.0,False
17556,0,0,9,1,1.0,False
17631,0,0,9,1,1.0,False
17661,0,0,9,1,1.0,False
17708,0,0,9,1,1.0,False
17729,0,0,9,1,1.0,False
17746,0,0,9,1,1.0,False
17769,0,0,9,1,1.0,False
17827,0,0,9,1,1.0,False
17828,0,0,9,1,1.0,False
17914,0,0,9,1,1.0,False
17915,0,0,9,1,1.0,False
17941,0,0,9,1,1.0,False
17959,0,0,9,1,1.0,False
17965,0,0,9,1,1.0,False
18013,0,0,9,1,1.0,False
18031,0,0,9,1,1.0,False
18081,0,0,9,1,1.0,False
18115,0,0,9,1,1.0,False
18144,0,0,9,1,1.0,False
18191,0,0,9,1,1.0,False
18212,0,0,9,1,1.0,False
18256,0,0,9,1,1.0,False
18267,0,0,9,1,1.0,False
18388,0,0,9,1,1.0,False
18394,0,0,9,1,1.0,False
18408,0,0,9,1,1.0,False
18415,0,0,9,1,1.0,False
18439,0,0,9,1,1.0,False
18451,0,0,9,1,1.0,False
18507,0,0,9,1,1.0,False
18540,0,0,9,1,1.0,False
18589,0,0,6,1,1.0,False
18668,0,0,9,1,1.0,False
18729,0,0,9,1,1.0,False
18807,0,0,9,1,1.0,False
18859,0,0,9,1,1.0,False
18861,0,0,9,1,1.0,False
18993,0,0,9,1,1.0,False
19012,0,0,9,1,1.0,False
19086,0,0,9,1,1.0,False
19186,0,0,9,1,1.0,False
19190,0,0,9,1,1.0,False
19291,0,0,9,1,1.0,False
19364,0,0,9,1,1.0,False
19369,0,0,9,1,1.0,False
19495,0,0,9,1,1.0,False
19647,0,0,9,1,1.0,False
19740,0,0,9,1,1.0,False
19791,0,0,9,1,1.0,False
19802,0,0,9,1,1.0,False
19867,0,0,9,1,1.0,False
19914,0,0,3,1,1.0,False
19990,0,0,9,1,1.0,False
20000,0,0,9,1,1.0,False
20086,0,0,9,1,1.0,False
20242,0,0,9,1,1.0,False
20343,0,0,9,1,1.0,False
20361,0,0,9,1,1.0,False
20483,0,0,9,1,1.0,False
20508,0,0,9,1,1.0,False
20525,0,0,9,1,1.0,False
20580,0,0,9,1,1.0,False
20703,0,0,9,1,1.0,False
20764,0,0,9,1,1.0,False
20791,0,0,9,1,1.0,False
20880,0,0,9,1,1.0,False
21010,0,0,9,1,1.0,False
21012,0,0,9,1,1.0,False
21122,0,0,9,1,1.0,False
21252,0,0,9,1,1.0,False
21387,0,0,9,1,1.0,False
21463,0,0,9,1,1.0,False
21482,0,0,9,1,1.0,False
21521,0,0,9,1,1.0,False
21620,0,0,9,1,1.0,False
21677,0,0,9,1,1.0,False
21831,0,0,9,1,1.0,False
21916,0,0,9,1,1.0,False
21957,0,0,9,1,1.0,False
22009,0,0,9,1,1.0,False
22018,0,0,9,1,1.0,False
22128,0,0,9,1,1.0,False
22131,0,0,9,1,1.0,False
22237,0,0,9,1,1.0,False
22334,0,0,9,1,1.0,False
22414,0,0,9,1,1.0,False
22526,0,0,9,1,1.0,False
22572,0,0,9,1,1.0,False
22659,0,0,9,1,1.0,False
22705,0,0,9,1,1.0,False
22845,0,0,9,1,1.0,False
22870,0,0,9,1,1.0,False
22959,0,0,9,1,1.0,False
23034,0,0,9,1,1.0,False
23050,0,0,9,1,1.0,False
23115,0,0,9,1,1.0,False
23126,0,0,9,1,1.0,False
23191,0,0,9,1,1.0,False
23382,0,0,9,1,1.0,False
23456,0,0,9,1,1.0,False
23538,0,0,9,1,1.0,False
23594,0,0,9,1,1.0,False
23612,0,0,9,1,1.0,False
23697,0,0,9,1,1.0,False
23748,0,0,9,1,1.0,False
23758,0,0,9,1,1.0,False
23900,0,0,9,1,1.0,False
23903,0,0,9,1,1.0,False
24000,0,0,9,1,1.0,False
24032,0,0,9,1,1.0,False
24104,0,0,9,1,1.0,False
24134,0,0,6,1,1.0,False
24293,0,0,9,1,1.0,False
24322,0,0,9,1,1.0,False
24394,0,0,9,1,1.0,False
24508,0,0,9,1,1.0,False
24527,0,0,9,1,1.0,False
24644,0,0,9,1,1.0,False
24680,0,0,9,1,1.0,False
24861,0,0,9,1,1.0,False
24902,0,0,9,1,1.0,False
24962,0,0,6,1,1.0,False
25046,0,0,9,1,1.0,False
25115,0,0,9,1,1.0,False
25123,0,0,9,1,1.0,False
25330,0,0,9,1,1.0,False
25409,0,0,9,1,1.0,False
25454,0,0,9,1,1.0,False
25505,0,0,9,1,1.0,False
25639,0,0,9,1,1.0,False
25694,0,0,9,1,1.0,False
25724,0,0,9,1,1.0,False
25772,0,0,9,1,1.0,False
25865,0,0,9,1,1.0,False
25907,0,0,9,1,1.0,False
25926,0,0,9,1,1.0,False
26080,0,0,9,1,1.0,False
26154,0,0,9,1,1.0,False
26160,0,0,9,1,1.0,False
26186,0,0,9,1,1.0,False
26373,0,0,6,1,1.0,False
26390,0,0,9,1,1.0,False
26536,0,0,9,1,1.0,False
26566,0,0,9,1,1.0,False
26721,0,0,9,1,1.0,False
26745,0,0,9,1,1.0,False
26748,0,0,9,1,1.0,False
26770,0,0,9,1,1.0,False
26976,0,0,9,1,1.0,False
26989,0,0,9,1,1.0,False
26991,0,0,9,1,1.0,False
27192,0,0,9,1,1.0,False
27366,0,0,9,1,1.0,False
27417,0,0,9,1,1.0,False
27430,0,0,9,1,1.0,False
27510,0,0,9,1,1.0,False
27623,0,0,9,1,1.0,False
27698,0,0,9,1,1.0,False
27742,0,0,9,1,1.0,False
27860,0,0,9,1,1.0,False
27987,0,0,9,1,1.0,False
28045,0,0,9,1,1.0,False
28148,0,0,9,1,1.0,False
28189,0,0,9,1,1.0,False
28328,0,0,9,1,1.0,False
28337,0,0,9,1,1.0,False
28392,0,0,9,1,1.0,False
28461,0,0,9,1,1.0,False
28555,0,0,9,1,1.0,False
28568,0,0,9,1,1.0,False
28600,0,0,9,1,1.0,False
28721,0,0,9,1,1.0,False
28730,0,0,9,1,1.0,False
28791,0,0,9,1,1.0,False
28966,0,0,9,1,1.0,False
29003,0,0,9,1,1.0,False
29113,0,0,9,1,1.0,False
29179,0,0,9,1,1.0,False
29269,0,0,9,1,1.0,False
29305,0,0,9,1,1.0,False
29403,0,0,9,1,1.0,False
29563,0,0,3,1,1.0,False
29583,0,0,9,1,1.0,False
29619,0,0,9,1,1.0,False
29684,0,0,9,1,1.0,False
29858,0,0,9,1,1.0,False
17271,0,0,9,1,1.0,False
17311,0,0,9,1,1.0,False
17369,0,0,9,1,1.0,False
17409,0,0,9,1,1.0,False
17440,0,0,9,1,1.0,False
17488,0,0,9,1,1.0,False
17523,0,0,9,1,1.0,False
17554,0,0,9,1,1.0,False
17617,0,0,9,1,1.0,False
17656,0,0,9,1,1.0,False
17699,0,0,9,1,1.0,False
17728,0,0,9,1,1.0,False
17744,0,0,9,1,1.0,False
17765,0,0,9,1,1.0,False
17811,0,0,9,1,1.0,False
17818,0,0,9,1,1.0,False
17900,0,0,9,1,1.0,False
17912,0,0,9,1,1.0,False
17933,0,0,9,1,1.0,False
17949,0,0,9,1,1.0,False
18001,0,0,9,1,1.0,False
18025,0,0,9,1,1.0,False
18055,0,0,9,1,1.0,False
18109,0,0,6,1,1.0,False
18142,0,0,9,1,1.0,False
18189,0,0,9,1,1.0,False
18246,0,0,9,1,1.0,False
18259,0,0,9,1,1.0,False
18311,0,0,9,1,1.0,False
18386,0,0,9,1,1.0,False
18387,0,0,3,1,1.0,False
18393,0,0,9,1,1.0,False
18414,0,0,9,1,1.0,False
18432,0,0,9,1,1.0,False
18450,0,0,9,1,1.0,False
18506,0,0,9,1,1.0,False
18536,0,0,9,1,1.0,False
18578,0,0,9,1,1.0,False
18636,0,0,9,1,1.0,False
18801,0,0,9,1,1.0,False
18825,0,0,9,1,1.0,False
18854,0,0,9,1,1.0,False
19039,0,0,9,1,1.0,False
19179,0,0,9,1,1.0,False
19286,0,0,9,1,1.0,False
19340,0,0,9,1,1.0,False
19362,0,0,9,1,1.0,False
19490,0,0,9,1,1.0,False
19633,0,0,9,1,1.0,False
19662,0,0,9,1,1.0,False
19729,0,0,9,1,1.0,False
19779,0,0,9,1,1.0,False
19893,0,0,9,1,1.0,False
19981,0,0,9,1,1.0,False
19985,0,0,9,1,1.0,False
20079,0,0,9,1,1.0,False
20176,0,0,9,1,1.0,False
20216,0,0,9,1,1.0,False
20337,0,0,9,1,1.0,False
20464,0,0,9,1,1.0,False
20494,0,0,9,1,1.0,False
20498,0,0,9,1,1.0,False
20545,0,0,9,1,1.0,False
20691,0,0,9,1,1.0,False
20695,0,0,9,1,1.0,False
20754,0,0,9,1,1.0,False
20776,0,0,9,1,1.0,False
20854,0,0,9,1,1.0,False
20984,0,0,9,1,1.0,False
21003,0,0,9,1,1.0,False
21113,0,0,9,1,1.0,False
21230,0,0,9,1,1.0,False
21232,0,0,9,1,1.0,False
21373,0,0,6,1,1.0,False
21451,0,0,9,1,1.0,False
21465,0,0,9,1,1.0,False
21508,0,0,9,1,1.0,False
21602,0,0,9,1,1.0,False
21667,0,0,9,1,1.0,False
21737,0,0,9,1,1.0,False
21905,0,0,9,1,1.0,False
21952,0,0,9,1,1.0,False
21998,0,0,9,1,1.0,False
22002,0,0,9,1,1.0,False
22117,0,0,9,1,1.0,False
22120,0,0,9,1,1.0,False
22227,0,0,9,1,1.0,False
22327,0,0,9,1,1.0,False
22393,0,0,9,1,1.0,False
22520,0,0,9,1,1.0,False
22557,0,0,9,1,1.0,False
22645,0,0,9,1,1.0,False
22685,0,0,9,1,1.0,False
22700,0,0,9,1,1.0,False
22811,0,0,9,1,1.0,False
22838,0,0,9,1,1.0,False
22954,0,0,9,1,1.0,False
22983,0,0,9,1,1.0,False
23029,0,0,9,1,1.0,False
23090,0,0,9,1,1.0,False
23110,0,0,9,1,1.0,False
23185,0,0,9,1,1.0,False
23257,0,0,9,1,1.0,False
23324,0,0,9,1,1.0,False
23402,0,0,9,1,1.0,False
23438,0,0,9,1,1.0,False
23495,0,0,6,1,1.0,False
23586,0,0,9,1,1.0,False
23597,0,0,9,1,1.0,False
23649,0,0,9,1,1.0,False
23688,0,0,9,1,1.0,False
23884,0,0,9,1,1.0,False
23894,0,0,9,1,1.0,False
23993,0,0,9,1,1.0,False
24026,0,0,9,1,1.0,False
24095,0,0,9,1,1.0,False
24127,0,0,9,1,1.0,False
24281,0,0,6,1,1.0,False
24389,0,0,9,1,1.0,False
24507,0,0,9,1,1.0,False
24559,0,0,9,1,1.0,False
24635,0,0,9,1,1.0,False
24672,0,0,9,1,1.0,False
24719,0,0,9,1,1.0,False
24846,0,0,9,1,1.0,False
24887,0,0,9,1,1.0,False
25039,0,0,9,1,1.0,False
25057,0,0,9,1,1.0,False
25109,0,0,9,1,1.0,False
25200,0,0,9,1,1.0,False
25244,0,0,9,1,1.0,False
25284,0,0,9,1,1.0,False
25372,0,0,9,1,1.0,False
25393,0,0,9,1,1.0,False
25413,0,0,9,1,1.0,False
25491,0,0,9,1,1.0,False
25623,0,0,9,1,1.0,False
25642,0,0,9,1,1.0,False
25673,0,0,9,1,1.0,False
25840,0,0,9,1,1.0,False
25850,0,0,9,1,1.0,False
25914,0,0,9,1,1.0,False
25920,0,0,9,1,1.0,False
26058,0,0,9,1,1.0,False
26134,0,0,9,1,1.0,False
26144,0,0,9,1,1.0,False
26164,0,0,9,1,1.0,False
26232,0,0,9,1,1.0,False
26356,0,0,9,1,1.0,False
26379,0,0,6,1,1.0,False
26473,0,0,9,1,1.0,False
26526,0,0,6,1,1.0,False
26538,0,0,9,1,1.0,False
26672,0,0,9,1,1.0,False
26702,0,0,9,1,1.0,False
26763,0,0,9,1,1.0,False
26848,0,0,9,1,1.0,False
26970,0,0,9,1,1.0,False
27006,0,0,9,1,1.0,False
27034,0,0,6,1,1.0,False
27076,0,0,6,1,1.0,False
27164,0,0,9,1,1.0,False
27185,0,0,9,1,1.0,False
27306,0,0,9,1,1.0,False
27399,0,0,9,1,1.0,False
27409,0,0,9,1,1.0,False
27503,0,0,9,1,1.0,False
27609,0,0,9,1,1.0,False
27692,0,0,9,1,1.0,False
27730,0,0,9,1,1.0,False
27771,0,0,9,1,1.0,False
27855,0,0,9,1,1.0,False
27922,0,0,9,1,1.0,False
27980,0,0,9,1,1.0,False
28035,0,0,9,1,1.0,False
28176,0,0,9,1,1.0,False
28179,0,0,9,1,1.0,False
28301,0,0,9,1,1.0,False
28324,0,0,9,1,1.0,False
28348,0,0,9,1,1.0,False
28456,0,0,9,1,1.0,False
28541,0,0,9,1,1.0,False
28562,0,0,9,1,1.0,False
28595,0,0,9,1,1.0,False
28711,0,0,9,1,1.0,False
28718,0,0,9,1,1.0,False
28786,0,0,9,1,1.0,False
28916,0,0,9,1,1.0,False
28993,0,0,9,1,1.0,False
29108,0,0,9,1,1.0,False
29263,0,0,9,1,1.0,False
29287,0,0,9,1,1.0,False
29430,0,0,9,1,1.0,False
29549,0,0,6,1,1.0,False
29678,0,0,9,1,1.0,False
29749,0,0,9,1,1.0,False
29878,0,0,9,1,1.0,False
17307,0,0,9,1,1.0,False
17346,0,0,6,1,1.0,False
17398,0,0,9,1,1.0,False
17411,0,0,9,1,1.0,False
17431,0,0,9,1,1.0,False
17450,0,0,9,1,1.0,False
17459,0,0,9,1,1.0,False
17495,0,0,9,1,1.0,False
17531,0,0,6,1,1.0,False
17560,0,0,9,1,1.0,False
17597,0,0,9,1,1.0,False
17604,0,0,9,1,1.0,False
17657,0,0,9,1,1.0,False
17662,0,0,9,1,1.0,False
17669,0,0,9,1,1.0,False
17722,0,0,9,1,1.0,False
17727,0,0,9,1,1.0,False
17783,0,0,9,1,1.0,False
17834,0,0,9,1,1.0,False
17838,0,0,9,1,1.0,False
17842,0,0,9,1,1.0,False
17863,0,0,9,1,1.0,False
17876,0,0,9,1,1.0,False
17966,0,0,9,1,1.0,False
17971,0,0,9,1,1.0,False
18070,0,0,9,1,1.0,False
18073,0,0,9,1,1.0,False
18084,0,0,9,1,1.0,False
18095,0,0,9,1,1.0,False
18118,0,0,9,1,1.0,False
18206,0,0,6,1,1.0,False
18215,0,0,9,1,1.0,False
18225,0,0,9,1,1.0,False
18382,0,0,9,1,1.0,False
18390,0,0,9,1,1.0,False
18391,0,0,9,1,1.0,False
18397,0,0,9,1,1.0,False
18479,0,0,9,1,1.0,False
18543,0,0,9,1,1.0,False
18688,0,0,9,1,1.0,False
18873,0,0,9,1,1.0,False
18940,0,0,9,1,1.0,False
18979,0,0,9,1,1.0,False
19057,0,0,9,1,1.0,False
19131,0,0,9,1,1.0,False
19177,0,0,9,1,1.0,False
19213,0,0,9,1,1.0,False
19312,0,0,9,1,1.0,False
19374,0,0,9,1,1.0,False
19393,0,0,9,1,1.0,False
19686,0,0,9,1,1.0,False
19911,0,0,9,1,1.0,False
20025,0,0,9,1,1.0,False
20071,0,0,9,1,1.0,False
20090,0,0,9,1,1.0,False
20094,0,0,6,1,1.0,False
20095,0,0,9,1,1.0,False
20118,0,0,9,1,1.0,False
20203,0,0,9,1,1.0,False
20369,0,0,9,1,1.0,False
20414,0,0,9,1,1.0,False
20532,0,0,9,1,1.0,False
20641,0,0,9,1,1.0,False
20674,0,0,9,1,1.0,False
20789,0,0,9,1,1.0,False
20800,0,0,9,1,1.0,False
20864,0,0,9,1,1.0,False
20935,0,0,9,1,1.0,False
20937,0,0,9,1,1.0,False
21051,0,0,9,1,1.0,False
21309,0,0,9,1,1.0,False
21315,0,0,9,1,1.0,False
21366,0,0,9,1,1.0,False
21438,0,0,9,1,1.0,False
21583,0,0,9,1,1.0,False
21686,0,0,9,1,1.0,False
21707,0,0,9,1,1.0,False
21747,0,0,9,1,1.0,False
21767,0,0,9,1,1.0,False
21770,0,0,9,1,1.0,False
21815,0,0,9,1,1.0,False
21849,0,0,9,1,1.0,False
21871,0,0,9,1,1.0,False
21988,0,0,9,1,1.0,False
22033,0,0,9,1,1.0,False
22194,0,0,9,1,1.0,False
22242,0,0,9,1,1.0,False
22409,0,0,9,1,1.0,False
22417,0,0,9,1,1.0,False
22483,0,0,9,1,1.0,False
22548,0,0,9,1,1.0,False
22592,0,0,9,1,1.0,False
22615,0,0,9,1,1.0,False
22773,0,0,9,1,1.0,False
22804,0,0,9,1,1.0,False
22855,0,0,9,1,1.0,False
22886,0,0,9,1,1.0,False
23030,0,0,9,1,1.0,False
23118,0,0,9,1,1.0,False
23202,0,0,9,1,1.0,False
23222,0,0,9,1,1.0,False
23269,0,0,9,1,1.0,False
23319,0,0,9,1,1.0,False
23391,0,0,9,1,1.0,False
23412,0,0,9,1,1.0,False
23523,0,0,9,1,1.0,False
23533,0,0,9,1,1.0,False
23617,0,0,9,1,1.0,False
23787,0,0,9,1,1.0,False
24113,0,0,9,1,1.0,False
24159,0,0,9,1,1.0,False
24187,0,0,3,1,1.0,False
24212,0,0,9,1,1.0,False
24218,0,0,9,1,1.0,False
24342,0,0,9,1,1.0,False
24435,0,0,9,1,1.0,False
24555,0,0,9,1,1.0,False
24560,0,0,9,1,1.0,False
24668,0,0,6,1,1.0,False
24735,0,0,9,1,1.0,False
24742,0,0,9,1,1.0,False
24771,0,0,9,1,1.0,False
24906,0,0,9,1,1.0,False
24981,0,0,9,1,1.0,False
25070,0,0,9,1,1.0,False
25150,0,0,9,1,1.0,False
25237,0,0,9,1,1.0,False
25282,0,0,9,1,1.0,False
25320,0,0,9,1,1.0,False
25423,0,0,6,1,1.0,False
25463,0,0,9,1,1.0,False
25520,0,0,9,1,1.0,False
25536,0,0,9,1,1.0,False
25576,0,0,9,1,1.0,False
25725,0,0,6,1,1.0,False
25753,0,0,9,1,1.0,False
25769,0,0,9,1,1.0,False
25935,0,0,9,1,1.0,False
26001,0,0,9,1,1.0,False
26033,0,0,9,1,1.0,False
26034,0,0,9,1,1.0,False
26138,0,0,6,1,1.0,False
26229,0,0,9,1,1.0,False
26287,0,0,9,1,1.0,False
26304,0,0,6,1,1.0,False
26400,0,0,6,1,1.0,False
26426,0,0,9,1,1.0,False
26611,0,0,9,1,1.0,False
26635,0,0,9,1,1.0,False
26791,0,0,9,1,1.0,False
26796,0,0,9,1,1.0,False
26839,0,0,9,1,1.0,False
26867,0,0,9,1,1.0,False
27041,0,0,9,1,1.0,False
27113,0,0,9,1,1.0,False
27128,0,0,9,1,1.0,False
27232,0,0,9,1,1.0,False
27343,0,0,9,1,1.0,False
27402,0,0,9,1,1.0,False
27418,0,0,9,1,1.0,False
27562,0,0,9,1,1.0,False
27577,0,0,9,1,1.0,False
27685,0,0,9,1,1.0,False
27789,0,0,9,1,1.0,False
27812,0,0,9,1,1.0,False
27820,0,0,9,1,1.0,False
27864,0,0,9,1,1.0,False
27973,0,0,9,1,1.0,False
28038,0,0,9,1,1.0,False
28087,0,0,9,1,1.0,False
28224,0,0,9,1,1.0,False
28251,0,0,9,1,1.0,False
28321,0,0,9,1,1.0,False
28362,0,0,9,1,1.0,False
28431,0,0,9,1,1.0,False
28492,0,0,9,1,1.0,False
28625,0,0,9,1,1.0,False
28645,0,0,9,1,1.0,False
28703,0,0,9,1,1.0,False
28742,0,0,9,1,1.0,False
28819,0,0,9,1,1.0,False
28842,0,0,9,1,1.0,False
28885,0,0,9,1,1.0,False
29030,0,0,9,1,1.0,False
29035,0,0,9,1,1.0,False
29130,0,0,9,1,1.0,False
29216,0,0,9,1,1.0,False
29231,0,0,9,1,1.0,False
29323,0,0,9,1,1.0,False
29344,0,0,9,1,1.0,False
29443,0,0,9,1,1.0,False
29445,0,0,9,1,1.0,False
29486,0,0,9,1,1.0,False
29639,0,0,9,1,1.0,False
29704,0,0,9,1,1.0,False
29789,0,0,9,1,1.0,False
29859,0,0,9,1,1.0,False
29881,0,0,9,1,1.0,False
17261,0,0,6,1,1.0,False
17279,0,0,6,1,1.0,False
17292,0,0,6,1,1.0,False
17315,0,0,6,1,1.0,False
17387,0,0,6,1,1.0,False
17395,0,0,6,1,1.0,False
17472,0,0,6,1,1.0,False
17487,0,0,6,1,1.0,False
17544,0,0,6,1,1.0,False
17713,0,0,6,1,1.0,False
17750,0,0,6,1,1.0,False
17768,0,0,6,1,1.0,False
17812,0,0,6,1,1.0,False
17833,0,0,6,1,1.0,False
17918,0,0,6,1,1.0,False
17938,0,0,6,1,1.0,False
17969,0,0,6,1,1.0,False
18041,0,0,6,1,1.0,False
18066,0,0,6,1,1.0,False
18077,0,0,6,1,1.0,False
18086,0,0,6,1,1.0,False
18114,0,0,6,1,1.0,False
18145,0,0,6,1,1.0,False
18180,0,0,6,1,1.0,False
18192,0,0,6,1,1.0,False
18255,0,0,6,1,1.0,False
18271,0,0,6,1,1.0,False
18364,0,0,6,1,1.0,False
18398,0,0,6,1,1.0,False
18445,0,0,6,1,1.0,False
18449,0,0,6,1,1.0,False
18462,0,0,6,1,1.0,False
18465,0,0,6,1,1.0,False
18510,0,0,6,1,1.0,False
18517,0,0,6,1,1.0,False
18571,0,0,6,1,1.0,False
18603,0,0,6,1,1.0,False
18659,0,0,6,1,1.0,False
18734,0,0,6,1,1.0,False
18891,0,0,6,1,1.0,False
19018,0,0,6,1,1.0,False
19037,0,0,6,1,1.0,False
19073,0,0,6,1,1.0,False
19092,0,0,6,1,1.0,False
19106,0,0,6,1,1.0,False
19116,0,0,6,1,1.0,False
19193,0,0,6,1,1.0,False
19254,0,0,6,1,1.0,False
19421,0,0,6,1,1.0,False
19606,0,0,6,1,1.0,False
19746,0,0,6,1,1.0,False
19800,0,0,6,1,1.0,False
19874,0,0,6,1,1.0,False
19891,0,0,6,1,1.0,False
19907,0,0,6,1,1.0,False
19922,0,0,6,1,1.0,False
19933,0,0,6,1,1.0,False
19999,0,0,6,1,1.0,False
20013,0,0,6,1,1.0,False
20148,0,0,6,1,1.0,False
20250,0,0,6,1,1.0,False
20518,0,0,6,1,1.0,False
20551,0,0,6,1,1.0,False
20556,0,0,6,1,1.0,False
20714,0,0,6,1,1.0,False
20778,0,0,6,1,1.0,False
20819,0,0,3,1,1.0,False
20831,0,0,6,1,1.0,False
20837,0,0,6,1,1.0,False
21137,0,0,6,1,1.0,False
21295,0,0,6,1,1.0,False
21404,0,0,6,1,1.0,False
21477,0,0,6,1,1.0,False
21529,0,0,6,1,1.0,False
21559,0,0,6,1,1.0,False
21627,0,0,6,1,1.0,False
21732,0,0,6,1,1.0,False
21927,0,0,6,1,1.0,False
21970,0,0,6,1,1.0,False
21993,0,0,6,1,1.0,False
22064,0,0,6,1,1.0,False
22174,0,0,6,1,1.0,False
22324,0,0,6,1,1.0,False
22341,0,0,6,1,1.0,False
22348,0,0,6,1,1.0,False
22403,0,0,6,1,1.0,False
22535,0,0,6,1,1.0,False
22667,0,0,6,1,1.0,False
22726,0,0,6,1,1.0,False
22736,0,0,6,1,1.0,False
22779,0,0,6,1,1.0,False
22896,0,0,6,1,1.0,False
22967,0,0,6,1,1.0,False
23057,0,0,6,1,1.0,False
23135,0,0,6,1,1.0,False
23242,0,0,6,1,1.0,False
23334,0,0,6,1,1.0,False
23352,0,0,6,1,1.0,False
23424,0,0,6,1,1.0,False
23593,0,0,6,1,1.0,False
23648,0,0,6,1,1.0,False
23672,0,0,6,1,1.0,False
23692,0,0,6,1,1.0,False
23704,0,0,6,1,1.0,False
23729,0,0,6,1,1.0,False
23910,0,0,6,1,1.0,False
24100,0,0,6,1,1.0,False
24140,0,0,6,1,1.0,False
24148,0,0,6,1,1.0,False
24233,0,0,6,1,1.0,False
24301,0,0,6,1,1.0,False
24310,0,0,6,1,1.0,False
24349,0,0,6,1,1.0,False
24460,0,0,6,1,1.0,False
24485,0,0,6,1,1.0,False
24532,0,0,6,1,1.0,False
24689,0,0,6,1,1.0,False
24738,0,0,6,1,1.0,False
24877,0,0,6,1,1.0,False
24956,0,0,6,1,1.0,False
25028,0,0,6,1,1.0,False
25034,0,0,6,1,1.0,False
25048,0,0,3,1,1.0,False
25205,0,0,6,1,1.0,False
25212,0,0,6,1,1.0,False
25278,0,0,6,1,1.0,False
25348,0,0,6,1,1.0,False
25418,0,0,6,1,1.0,False
25468,0,0,6,1,1.0,False
25537,0,0,6,1,1.0,False
25609,0,0,6,1,1.0,False
25659,0,0,6,1,1.0,False
25793,0,0,6,1,1.0,False
25837,0,0,6,1,1.0,False
25857,0,0,6,1,1.0,False
25934,0,0,6,1,1.0,False
25956,0,0,6,1,1.0,False
25995,0,0,3,1,1.0,False
26057,0,0,6,1,1.0,False
26178,0,0,6,1,1.0,False
26263,0,0,6,1,1.0,False
26267,0,0,6,1,1.0,False
26389,0,0,6,1,1.0,False
26437,0,0,6,1,1.0,False
26552,0,0,6,1,1.0,False
26584,0,0,6,1,1.0,False
26705,0,0,6,1,1.0,False
26761,0,0,6,1,1.0,False
26775,0,0,6,1,1.0,False
27003,0,0,6,1,1.0,False
27013,0,0,6,1,1.0,False
27204,0,0,6,1,1.0,False
27206,0,0,6,1,1.0,False
27244,0,0,6,1,1.0,False
27266,0,0,6,1,1.0,False
27272,0,0,6,1,1.0,False
27317,0,0,6,1,1.0,False
27340,0,0,6,1,1.0,False
27348,0,0,3,1,1.0,False
27482,0,0,6,1,1.0,False
27604,0,0,6,1,1.0,False
27628,0,0,6,1,1.0,False
27703,0,0,6,1,1.0,False
27781,0,0,6,1,1.0,False
27944,0,0,6,1,1.0,False
28007,0,0,6,1,1.0,False
28051,0,0,6,1,1.0,False
28085,0,0,6,1,1.0,False
28195,0,0,6,1,1.0,False
28383,0,0,6,1,1.0,False
28474,0,0,6,1,1.0,False
28576,0,0,6,1,1.0,False
28585,0,0,6,1,1.0,False
28606,0,0,6,1,1.0,False
28728,0,0,6,1,1.0,False
28757,0,0,6,1,1.0,False
28953,0,0,6,1,1.0,False
29126,0,0,6,1,1.0,False
29277,0,0,6,1,1.0,False
29318,0,0,6,1,1.0,False
29391,0,0,6,1,1.0,False
29411,0,0,6,1,1.0,False
29559,0,0,3,1,1.0,False
29624,0,0,6,1,1.0,False
29689,0,0,6,1,1.0,False
29774,0,0,6,1,1.0,False
29800,0,0,6,1,1.0,False
29842,0,0,6,1,1.0,False
29873,0,0,6,1,1.0,False
29902,0,0,6,1,1.0,False
29910,0,0,6,1,1.0,False
17297,0,0,6,1,1.0,False
17319,0,0,6,1,1.0,False
17333,0,0,6,1,1.0,False
17405,0,0,6,1,1.0,False
17454,0,0,6,1,1.0,False
17478,0,0,6,1,1.0,False
17492,0,0,6,1,1.0,False
17503,0,0,6,1,1.0,False
17549,0,0,6,1,1.0,False
17571,0,0,6,1,1.0,False
17605,0,0,6,1,1.0,False
17647,0,0,6,1,1.0,False
17705,0,0,6,1,1.0,False
17712,0,0,6,1,1.0,False
17773,0,0,6,1,1.0,False
17822,0,0,6,1,1.0,False
17844,0,0,6,1,1.0,False
17845,0,0,6,1,1.0,False
17922,0,0,6,1,1.0,False
17953,0,0,3,1,1.0,False
17996,0,0,6,1,1.0,False
18005,0,0,6,1,1.0,False
18011,0,0,6,1,1.0,False
18046,0,0,6,1,1.0,False
18080,0,0,6,1,1.0,False
18125,0,0,6,1,1.0,False
18149,0,0,6,1,1.0,False
18194,0,0,6,1,1.0,False
18200,0,0,6,1,1.0,False
18218,0,0,6,1,1.0,False
18270,0,0,6,1,1.0,False
18283,0,0,6,1,1.0,False
18292,0,0,6,1,1.0,False
18365,0,0,6,1,1.0,False
18371,0,0,3,1,1.0,False
18424,0,0,6,1,1.0,False
18425,0,0,6,1,1.0,False
18467,0,0,6,1,1.0,False
18483,0,0,6,1,1.0,False
18516,0,0,6,1,1.0,False
18526,0,0,6,1,1.0,False
18669,0,0,6,1,1.0,False
18724,0,0,6,1,1.0,False
18739,0,0,6,1,1.0,False
18771,0,0,6,1,1.0,False
18779,0,0,6,1,1.0,False
18884,0,0,6,1,1.0,False
18906,0,0,6,1,1.0,False
19003,0,0,6,1,1.0,False
19026,0,0,6,1,1.0,False
19046,0,0,6,1,1.0,False
19099,0,0,6,1,1.0,False
19121,0,0,6,1,1.0,False
19203,0,0,6,1,1.0,False
19354,0,0,6,1,1.0,False
19379,0,0,6,1,1.0,False
19484,0,0,6,1,1.0,False
19500,0,0,6,1,1.0,False
19521,0,0,6,1,1.0,False
19592,0,0,6,1,1.0,False
19666,0,0,6,1,1.0,False
19823,0,0,6,1,1.0,False
19850,0,0,3,1,1.0,False
19888,0,0,6,1,1.0,False
19957,0,0,6,1,1.0,False
20007,0,0,6,1,1.0,False
20034,0,0,6,1,1.0,False
20204,0,0,6,1,1.0,False
20231,0,0,6,1,1.0,False
20258,0,0,6,1,1.0,False
20353,0,0,6,1,1.0,False
20377,0,0,6,1,1.0,False
20440,0,0,6,1,1.0,False
20501,0,0,6,1,1.0,False
20535,0,0,6,1,1.0,False
20569,0,0,6,1,1.0,False
20620,0,0,6,1,1.0,False
20683,0,0,6,1,1.0,False
20911,0,0,6,1,1.0,False
20922,0,0,6,1,1.0,False
20943,0,0,6,1,1.0,False
21030,0,0,6,1,1.0,False
21061,0,0,6,1,1.0,False
21241,0,0,6,1,1.0,False
21270,0,0,6,1,1.0,False
21282,0,0,6,1,1.0,False
21286,0,0,6,1,1.0,False
21403,0,0,6,1,1.0,False
21487,0,0,3,1,1.0,False
21540,0,0,6,1,1.0,False
21649,0,0,6,1,1.0,False
21742,0,0,6,1,1.0,False
21826,0,0,6,1,1.0,False
21856,0,0,6,1,1.0,False
21898,0,0,6,1,1.0,False
21979,0,0,6,1,1.0,False
22041,0,0,6,1,1.0,False
22051,0,0,6,1,1.0,False
22068,0,0,6,1,1.0,False
22159,0,0,6,1,1.0,False
22180,0,0,6,1,1.0,False
22264,0,0,6,1,1.0,False
22354,0,0,6,1,1.0,False
22560,0,0,6,1,1.0,False
22597,0,0,6,1,1.0,False
22744,0,0,3,1,1.0,False
22745,0,0,6,1,1.0,False
22831,0,0,6,1,1.0,False
22832,0,0,6,1,1.0,False
22861,0,0,6,1,1.0,False
22863,0,0,6,1,1.0,False
22978,0,0,6,1,1.0,False
23044,0,0,6,1,1.0,False
23076,0,0,6,1,1.0,False
23314,0,0,6,1,1.0,False
23392,0,0,6,1,1.0,False
23459,0,0,6,1,1.0,False
23468,0,0,6,1,1.0,False
23476,0,0,6,1,1.0,False
23485,0,0,6,1,1.0,False
23504,0,0,6,1,1.0,False
23728,0,0,6,1,1.0,False
23744,0,0,6,1,1.0,False
23749,0,0,6,1,1.0,False
23774,0,0,6,1,1.0,False
23931,0,0,6,1,1.0,False
24013,0,0,6,1,1.0,False
24108,0,0,6,1,1.0,False
24121,0,0,6,1,1.0,False
24314,0,0,6,1,1.0,False
24347,0,0,6,1,1.0,False
24428,0,0,6,1,1.0,False
24494,0,0,3,1,1.0,False
24524,0,0,6,1,1.0,False
24537,0,0,6,1,1.0,False
24613,0,0,6,1,1.0,False
24747,0,0,6,1,1.0,False
24890,0,0,6,1,1.0,False
24949,0,0,6,1,1.0,False
25058,0,0,6,1,1.0,False
25141,0,0,6,1,1.0,False
25428,0,0,6,1,1.0,False
25499,0,0,6,1,1.0,False
25532,0,0,6,1,1.0,False
25595,0,0,6,1,1.0,False
25682,0,0,6,1,1.0,False
25708,0,0,6,1,1.0,False
25796,0,0,6,1,1.0,False
25862,0,0,6,1,1.0,False
26004,0,0,6,1,1.0,False
26116,0,0,6,1,1.0,False
26130,0,0,6,1,1.0,False
26274,0,0,6,1,1.0,False
26413,0,0,6,1,1.0,False
26512,0,0,6,1,1.0,False
26570,0,0,6,1,1.0,False
26605,0,0,6,1,1.0,False
26653,0,0,6,1,1.0,False
26671,0,0,6,1,1.0,False
27019,0,0,6,1,1.0,False
27077,0,0,6,1,1.0,False
27094,0,0,6,1,1.0,False
27111,0,0,6,1,1.0,False
27145,0,0,6,1,1.0,False
27216,0,0,6,1,1.0,False
27247,0,0,6,1,1.0,False
27290,0,0,6,1,1.0,False
27296,0,0,6,1,1.0,False
27335,0,0,6,1,1.0,False
27528,0,0,6,1,1.0,False
27634,0,0,6,1,1.0,False
27805,0,0,6,1,1.0,False
27954,0,0,6,1,1.0,False
28061,0,0,6,1,1.0,False
28117,0,0,6,1,1.0,False
28204,0,0,6,1,1.0,False
28350,0,0,6,1,1.0,False
28511,0,0,3,1,1.0,False
28618,0,0,6,1,1.0,False
28686,0,0,6,1,1.0,False
28737,0,0,6,1,1.0,False
28806,0,0,6,1,1.0,False
28832,0,0,6,1,1.0,False
28854,0,0,6,1,1.0,False
29024,0,0,6,1,1.0,False
29066,0,0,6,1,1.0,False
29186,0,0,6,1,1.0,False
29203,0,0,3,1,1.0,False
29209,0,0,6,1,1.0,False
29294,0,0,6,1,1.0,False
29380,0,0,6,1,1.0,False
29416,0,0,6,1,1.0,False
29422,0,0,6,1,1.0,False
29512,0,0,6,1,1.0,False
29550,0,0,3,1,1.0,False
29694,0,0,6,1,1.0,False
29837,0,0,6,1,1.0,False
29901,0,0,6,1,1.0,False
18533,0,0,3,1,1.0,False
24979,0,0,6,1,1.0,False
25143,0,0,6,1,1.0,False
27085,0,0,3,1,1.0,False
27437,0,0,6,1,1.0,False
27583,0,0,6,1,1.0,False
17253,0,0,27,2,0.7777777777777778,False
17255,0,0,30,3,0.7,False
17273,0,0,30,3,0.7,False
17367,0,0,27,2,0.7777777777777778,False
17434,0,0,30,3,0.7,False
17441,0,0,27,2,0.7777777777777778,False
17497,0,0,27,2,0.7777777777777778,False
17504,0,0,27,3,0.6666666666666666,False
17638,0,0,3,1,1.0,False
17643,0,0,27,2,0.7777777777777778,False
17730,0,0,3,1,1.0,False
17732,0,0,30,3,0.7,False
17801,0,0,27,3,0.6666666666666666,False
17846,0,0,30,3,0.7,False
17847,0,0,27,2,0.7777777777777778,False
17853,0,0,27,2,0.7777777777777778,False
17944,0,0,27,2,0.7777777777777778,False
17962,0,0,27,2,0.7777777777777778,False
17964,0,0,27,2,0.7777777777777778,False
17994,0,0,30,3,0.7,False
18062,0,0,30,3,0.7,False
18063,0,0,27,2,0.7777777777777778,False
18204,0,0,27,2,0.7777777777777778,False
18213,0,0,3,1,1.0,False
18264,0,0,27,2,0.7777777777777778,False
18276,0,0,27,2,0.7777777777777778,False
18278,0,0,21,2,0.7142857142857143,False
18304,0,0,30,3,0.7,False
18369,0,0,27,3,0.6666666666666666,False
18460,0,0,24,2,0.875,False
18491,0,0,27,2,0.7777777777777778,False
18512,0,0,24,2,0.875,False
18515,0,0,27,2,0.7777777777777778,False
18590,0,0,30,3,0.7,False
18614,0,0,30,3,0.7,False
18625,0,0,27,3,0.7777777777777778,False
18832,0,0,30,3,0.7,False
18928,0,0,27,2,0.7777777777777778,False
18957,0,0,30,3,0.7,False
19034,0,0,30,3,0.7,False
19035,0,0,30,3,0.7,False
19050,0,0,27,2,0.7777777777777778,False
19253,0,0,27,2,0.7777777777777778,False
19267,0,0,30,3,0.7,False
19401,0,0,27,2,0.7777777777777778,False
19426,0,0,27,2,0.7777777777777778,False
19433,0,0,27,2,0.7777777777777778,False
19441,0,0,27,2,0.7777777777777778,False
19481,0,0,30,3,0.7,False
19741,0,0,30,3,0.7,False
19747,0,0,30,3,0.7,False
19980,0,0,24,3,0.625,False
19986,0,0,21,2,0.8571428571428571,False
20195,0,0,30,3,0.7,False
20206,0,0,30,3,0.7,False
20207,0,0,27,2,0.7777777777777778,False
20215,0,0,21,1,1.0,False
20243,0,0,27,2,0.7777777777777778,False
20254,0,0,24,2,0.875,False
20649,0,0,27,2,0.7777777777777778,False
20653,0,0,30,3,0.7,False
20654,0,0,30,3,0.7,False
20681,0,0,27,2,0.7777777777777778,False
20685,0,0,30,3,0.7,False
21053,0,0,3,1,1.0,False
21056,0,0,27,2,0.7777777777777778,False
21062,0,0,30,3,0.7,False
21069,0,0,30,3,0.7,False
21261,0,0,30,3,0.7,False
21275,0,0,30,3,0.7,False
21290,0,0,30,3,0.7,False
21564,0,0,27,3,0.7777777777777778,False
21571,0,0,30,3,0.7,False
21580,0,0,21,2,0.8571428571428571,False
21776,0,0,27,2,0.7777777777777778,False
21779,0,0,27,3,0.6666666666666666,False
21810,0,0,30,3,0.7,False
21968,0,0,27,3,0.7777777777777778,False
22000,0,0,30,3,0.7,False
22069,0,0,30,3,0.7,False
22078,0,0,30,3,0.7,False
22188,0,0,30,3,0.7,False
22204,0,0,30,3,0.7,False
22427,0,0,3,1,1.0,False
22454,0,0,30,3,0.7,False
22470,0,0,27,2,0.7777777777777778,False
22511,0,0,27,2,0.7777777777777778,False
22522,0,0,24,2,0.75,False
22551,0,0,27,2,0.7777777777777778,False
22576,0,0,30,3,0.7,False
22589,0,0,3,1,1.0,False
22956,0,0,27,2,0.7777777777777778,False
23051,0,0,27,3,0.7777777777777778,False
23069,0,0,30,3,0.7,False
23078,0,0,27,2,0.7777777777777778,False
23132,0,0,30,3,0.7,False
23347,0,0,30,3,0.7,False
23447,0,0,30,3,0.7,False
23452,0,0,30,3,0.7,False
23453,0,0,27,3,0.6666666666666666,False
23454,0,0,24,2,0.875,False
23466,0,0,30,3,0.7,False
23505,0,0,27,3,0.6666666666666666,False
23601,0,0,27,2,0.7777777777777778,False
23792,0,0,30,3,0.7,False
23963,0,0,30,3,0.7,False
23973,0,0,27,3,0.6666666666666666,False
24005,0,0,3,1,1.0,False
24189,0,0,30,3,0.7,False
24193,0,0,30,3,0.7,False
24199,0,0,30,3,0.7,False
24211,0,0,27,2,0.7777777777777778,False
24438,0,0,30,3,0.7,False
24445,0,0,27,2,0.7777777777777778,False
24669,0,0,24,2,0.75,False
24675,0,0,18,3,0.6666666666666666,False
24698,0,0,27,2,0.7777777777777778,False
24714,0,0,27,2,0.7777777777777778,False
24971,0,0,3,1,1.0,False
25121,0,0,24,2,0.75,False
25133,0,0,27,2,0.7777777777777778,False
25250,0,0,27,2,0.7777777777777778,False
25260,0,0,24,2,0.75,False
25378,0,0,18,2,0.6666666666666666,False
25380,0,0,24,2,0.75,False
25390,0,0,27,2,0.6666666666666666,False
25570,0,0,30,3,0.7,False
25650,0,0,30,2,0.7,False
25658,0,0,27,2,0.7777777777777778,False
25758,0,0,30,3,0.7,False
25853,0,0,30,3,0.7,False
25859,0,0,30,3,0.7,False
25861,0,0,24,3,0.625,False
25864,0,0,30,3,0.7,False
26180,0,0,27,3,0.7777777777777778,False
26231,0,0,30,2,0.7,False
26417,0,0,27,2,0.6666666666666666,False
26420,0,0,21,2,0.7142857142857143,False
26554,0,0,24,2,0.625,False
26808,0,0,21,3,0.5714285714285714,False
26873,0,0,15,2,0.8,False
26887,0,0,30,3,0.7,False
26981,0,0,21,2,0.5714285714285714,False
26988,0,0,27,2,0.7777777777777778,False
27086,0,0,30,3,0.7,False
27200,0,0,18,2,0.8333333333333334,False
27376,0,0,30,3,0.7,False
27411,0,0,30,2,0.7,False
27414,0,0,30,3,0.7,False
27451,0,0,27,3,0.7777777777777778,False
27468,0,0,30,3,0.7,False
27470,0,0,30,3,0.7,False
27817,0,0,30,3,0.7,False
27831,0,0,30,3,0.7,False
27907,0,0,30,3,0.7,False
27912,0,0,24,2,0.875,False
28026,0,0,24,2,0.75,False
28278,0,0,27,3,0.6666666666666666,False
28286,0,0,27,2,0.7777777777777778,False
28288,0,0,30,3,0.7,False
28304,0,0,27,3,0.7777777777777778,False
28319,0,0,30,3,0.7,False
28577,0,0,30,3,0.7,False
28809,0,0,30,3,0.7,False
28820,0,0,30,3,0.7,False
28859,0,0,30,3,0.7,False
29184,0,0,30,3,0.7,False
29193,0,0,30,3,0.7,False
29384,0,0,24,2,0.75,False
29389,0,0,27,2,0.7777777777777778,False
29417,0,0,27,2,0.7777777777777778,False
29604,0,0,30,3,0.7,False
29606,0,0,30,3,0.7,False
29734,0,0,24,2,0.875,False
46744,0,0,27,2,0.7777777777777778,False
46770,0,0,27,2,0.7777777777777778,False
46874,0,0,27,2,0.7777777777777778,False
46876,0,0,27,2,0.7777777777777778,False
46906,0,0,24,2,0.875,False
47242,0,0,30,3,0.7,False
47331,0,0,27,2,0.7777777777777778,False
47497,0,0,18,1,1.0,False
47586,0,0,27,2,0.7777777777777778,False
47709,0,0,27,2,0.7777777777777778,False
47710,0,0,27,2,0.7777777777777778,False
47764,0,0,30,3,0.7,False
47806,0,0,27,2,0.7777777777777778,False
47810,0,0,27,2,0.7777777777777778,False
48038,0,0,30,3,0.7,False
48045,0,0,30,2,0.7,False
17284,0,0,27,2,0.7777777777777778,False
17285,0,0,27,2,0.7777777777777778,False
17287,0,0,30,3,0.7,False
17329,0,0,30,3,0.7,False
17358,0,0,33,3,0.6363636363636364,False
17380,0,0,30,3,0.7,False
17399,0,0,33,3,0.6363636363636364,False
17449,0,0,30,3,0.7,False
17509,0,0,30,3,0.7,False
17512,0,0,33,3,0.6363636363636364,False
17658,0,0,27,3,0.7777777777777778,False
17664,0,0,30,3,0.7,False
17740,0,0,27,3,0.7777777777777778,False
17870,0,0,30,2,0.7,False
17957,0,0,30,3,0.7,False
17975,0,0,30,3,0.7,False
17985,0,0,33,3,0.6363636363636364,False
18002,0,0,30,3,0.7,False
18014,0,0,30,3,0.7,False
18075,0,0,24,2,0.875,False
18088,0,0,27,2,0.7777777777777778,False
18126,0,0,27,2,0.7777777777777778,False
18217,0,0,24,2,0.875,False
18220,0,0,30,2,0.7,False
18288,0,0,24,2,0.75,False
18290,0,0,27,2,0.7777777777777778,False
18324,0,0,30,3,0.7,False
18372,0,0,27,3,0.7777777777777778,False
18495,0,0,27,2,0.7777777777777778,False
18528,0,0,27,2,0.7777777777777778,False
18530,0,0,27,2,0.7777777777777778,False
18649,0,0,27,2,0.7777777777777778,False
19069,0,0,30,3,0.7,False
19076,0,0,30,3,0.7,False
19284,0,0,27,2,0.7777777777777778,False
19462,0,0,27,2,0.7777777777777778,False
19469,0,0,27,2,0.7777777777777778,False
19478,0,0,30,2,0.7,False
19544,0,0,27,2,0.7777777777777778,False
19548,0,0,30,2,0.7,False
19613,0,0,27,2,0.7777777777777778,False
19772,0,0,30,3,0.7,False
19781,0,0,30,3,0.7,False
20006,0,0,27,3,0.7777777777777778,False
20012,0,0,27,2,0.7777777777777778,False
20156,0,0,24,2,0.75,False
20235,0,0,30,3,0.7,False
20268,0,0,30,3,0.7,False
20273,0,0,33,3,0.6363636363636364,False
20421,0,0,30,2,0.7,False
20547,0,0,27,2,0.7777777777777778,False
20659,0,0,33,3,0.6363636363636364,False
20692,0,0,30,3,0.7,False
20717,0,0,30,3,0.7,False
20725,0,0,24,3,0.625,False
20797,0,0,24,2,0.75,False
21090,0,0,30,3,0.7,False
21096,0,0,24,2,0.875,False
21303,0,0,27,2,0.7777777777777778,False
21308,0,0,30,3,0.7,False
21319,0,0,24,2,0.75,False
21532,0,0,24,2,0.875,False
21555,0,0,30,3,0.7,False
21610,0,0,30,3,0.7,False
21796,0,0,27,2,0.7777777777777778,False
21812,0,0,30,2,0.7,False
21866,0,0,30,3,0.7,False
21876,0,0,33,3,0.6363636363636364,False
22050,0,0,30,3,0.7,False
22058,0,0,30,3,0.7,False
22236,0,0,30,3,0.7,False
22561,0,0,27,2,0.7777777777777778,False
22571,0,0,27,3,0.6666666666666666,False
22635,0,0,27,2,0.7777777777777778,False
22637,0,0,24,2,0.875,False
22660,0,0,30,3,0.7,False
22673,0,0,30,3,0.7,False
22706,0,0,21,2,0.7142857142857143,False
22753,0,0,3,1,1.0,False
23045,0,0,30,3,0.7,False
23079,0,0,30,3,0.7,False
23178,0,0,30,3,0.7,False
23184,0,0,24,2,0.875,False
23490,0,0,27,2,0.7777777777777778,False
23497,0,0,24,2,0.75,False
23546,0,0,30,3,0.7,False
23556,0,0,33,3,0.6363636363636364,False
23566,0,0,21,3,0.5714285714285714,False
23768,0,0,30,2,0.7,False
23859,0,0,24,2,0.75,False
23996,0,0,27,3,0.6666666666666666,False
24004,0,0,30,3,0.6,False
24263,0,0,27,2,0.7777777777777778,False
24398,0,0,24,2,0.75,False
24467,0,0,24,2,0.75,False
24473,0,0,33,3,0.6363636363636364,False
24607,0,0,27,2,0.7777777777777778,False
24696,0,0,30,3,0.7,False
24703,0,0,30,2,0.7,False
24746,0,0,27,2,0.7777777777777778,False
24755,0,0,30,3,0.7,False
24872,0,0,27,2,0.7777777777777778,False
24881,0,0,30,3,0.7,False
25127,0,0,33,3,0.6363636363636364,False
25159,0,0,24,3,0.75,False
25266,0,0,27,2,0.6666666666666666,False
25275,0,0,30,3,0.7,False
25408,0,0,30,3,0.7,False
25424,0,0,27,2,0.6666666666666666,False
25443,0,0,30,2,0.7,False
25573,0,0,30,2,0.7,False
25667,0,0,24,3,0.625,False
25770,0,0,27,2,0.7777777777777778,False
25802,0,0,27,2,0.7777777777777778,False
25877,0,0,30,3,0.7,False
25887,0,0,24,2,0.75,False
25921,0,0,21,2,0.7142857142857143,False
26061,0,0,33,3,0.6363636363636364,False
26162,0,0,21,2,0.7142857142857143,False
26185,0,0,27,2,0.7777777777777778,False
26262,0,0,27,2,0.7777777777777778,False
26268,0,0,24,2,0.875,False
26391,0,0,27,2,0.7777777777777778,False
26436,0,0,18,2,0.6666666666666666,False
26498,0,0,21,2,0.8571428571428571,False
26574,0,0,18,2,0.6666666666666666,False
26581,0,0,24,2,0.875,False
26700,0,0,24,2,0.625,False
26719,0,0,3,1,1.0,False
26728,0,0,27,2,0.7777777777777778,False
26749,0,0,27,2,0.7777777777777778,False
26883,0,0,24,2,0.75,False
27004,0,0,30,2,0.7,False
27096,0,0,30,3,0.7,False
27119,0,0,27,2,0.6666666666666666,False
27149,0,0,27,3,0.7777777777777778,False
27207,0,0,30,2,0.7,False
27443,0,0,30,3,0.7,False
27459,0,0,27,2,0.7777777777777778,False
27464,0,0,27,2,0.7777777777777778,False
27570,0,0,24,2,0.75,False
27597,0,0,27,3,0.6666666666666666,False
27833,0,0,27,3,0.6666666666666666,False
27885,0,0,30,3,0.7,False
27892,0,0,30,3,0.7,False
27961,0,0,30,3,0.7,False
27970,0,0,30,3,0.7,False
28046,0,0,30,2,0.7,False
28214,0,0,3,1,1.0,False
28335,0,0,30,3,0.7,False
28351,0,0,30,3,0.7,False
28358,0,0,30,3,0.7,False
28372,0,0,33,3,0.6363636363636364,False
28594,0,0,30,2,0.7,False
28841,0,0,30,3,0.7,False
28855,0,0,27,2,0.6666666666666666,False
28906,0,0,27,2,0.7777777777777778,False
28910,0,0,27,2,0.7777777777777778,False
28919,0,0,33,3,0.6363636363636364,False
28957,0,0,30,3,0.7,False
29212,0,0,27,2,0.7777777777777778,False
29298,0,0,30,3,0.7,False
29309,0,0,3,1,1.0,False
29408,0,0,27,2,0.7777777777777778,False
29415,0,0,30,2,0.7,False
29586,0,0,33,3,0.6363636363636364,False
29625,0,0,30,3,0.7,False
29631,0,0,27,2,0.7777777777777778,False
29747,0,0,33,3,0.6363636363636364,False
29754,0,0,30,3,0.7,False
29833,0,0,24,2,0.875,False
29876,0,0,21,2,0.7142857142857143,False
29891,0,0,27,2,0.7777777777777778,False
46754,0,0,27,2,0.7777777777777778,False
46756,0,0,27,2,0.7777777777777778,False
46786,0,0,33,3,0.6363636363636364,False
46886,0,0,24,2,0.875,False
46889,0,0,33,3,0.6363636363636364,False
46924,0,0,30,3,0.7,False
46932,0,0,30,3,0.7,False
46982,0,0,24,2,0.75,False
47069,0,0,30,3,0.6,False
47237,0,0,30,3,0.7,False
47258,0,0,30,3,0.7,False
47271,0,0,27,2,0.7777777777777778,False
47311,0,0,33,3,0.6363636363636364,False
47374,0,0,27,3,0.7777777777777778,False
47377,0,0,30,2,0.7,False
47590,0,0,24,2,0.75,False
47619,0,0,27,2,0.7777777777777778,False
47737,0,0,30,2,0.7,False
47793,0,0,30,3,0.7,False
17299,0,0,27,3,0.6666666666666666,False
17300,0,0,30,3,0.6,False
17340,0,0,30,3,0.6,False
17457,0,0,24,3,0.625,False
17486,0,0,27,2,0.6666666666666666,False
17529,0,0,30,3,0.6,False
17540,0,0,30,3,0.7,False
17600,0,0,24,3,0.75,False
17609,0,0,30,3,0.6,False
17672,0,0,27,2,0.7777777777777778,False
17674,0,0,27,2,0.7777777777777778,False
17748,0,0,30,3,0.5,False
17751,0,0,27,3,0.6666666666666666,False
17802,0,0,24,2,0.875,False
17803,0,0,30,3,0.7,False
17884,0,0,33,3,0.6363636363636364,False
17885,0,0,30,3,0.7,False
17980,0,0,30,4,0.6,False
17984,0,0,30,4,0.6,False
18020,0,0,30,3,0.7,False
18078,0,0,27,2,0.7777777777777778,False
18097,0,0,33,3,0.5454545454545454,False
18132,0,0,30,3,0.6,False
18227,0,0,30,2,0.7,False
18232,0,0,30,3,0.7,False
18298,0,0,33,4,0.5454545454545454,False
18306,0,0,27,3,0.6666666666666666,False
18378,0,0,27,3,0.6666666666666666,False
18381,0,0,33,4,0.5454545454545454,False
18396,0,0,24,2,0.75,False
18464,0,0,27,3,0.6666666666666666,False
18498,0,0,24,3,0.75,False
18501,0,0,30,3,0.6,False
18539,0,0,30,3,0.7,False
18655,0,0,30,3,0.7,False
18759,0,0,30,2,0.7,False
18768,0,0,27,2,0.7777777777777778,False
19110,0,0,30,3,0.6,False
19118,0,0,27,3,0.6666666666666666,False
19172,0,0,30,3,0.7,False
19219,0,0,30,3,0.7,False
19304,0,0,27,3,0.6666666666666666,False
19309,0,0,27,2,0.7777777777777778,False
19502,0,0,33,3,0.6363636363636364,False
19585,0,0,33,3,0.5454545454545454,False
19594,0,0,27,3,0.6666666666666666,False
19626,0,0,30,3,0.6,False
19732,0,0,21,2,0.7142857142857143,False
19783,0,0,27,2,0.6666666666666666,False
19820,0,0,27,3,0.5555555555555556,False
19835,0,0,30,3,0.7,False
20032,0,0,33,3,0.5454545454545454,False
20038,0,0,30,4,0.6,False
20291,0,0,21,2,0.8571428571428571,False
20296,0,0,30,3,0.6,False
20317,0,0,30,3,0.7,False
20329,0,0,30,3,0.7,False
20495,0,0,30,3,0.6,False
20505,0,0,27,3,0.6666666666666666,False
20732,0,0,33,3,0.5454545454545454,False
20751,0,0,30,3,0.7,False
20757,0,0,21,3,0.5714285714285714,False
20767,0,0,27,3,0.6666666666666666,False
20820,0,0,30,3,0.7,False
20847,0,0,33,3,0.5454545454545454,False
20851,0,0,30,3,0.6,False
21111,0,0,27,3,0.6666666666666666,False
21119,0,0,24,2,0.75,False
21288,0,0,30,3,0.7,False
21332,0,0,30,3,0.7,False
21339,0,0,24,3,0.625,False
21406,0,0,27,3,0.6666666666666666,False
21544,0,0,30,3,0.7,False
21592,0,0,30,3,0.6,False
21650,0,0,27,2,0.7777777777777778,False
21662,0,0,30,3,0.7,False
21911,0,0,27,3,0.6666666666666666,False
21918,0,0,30,3,0.6,False
22179,0,0,33,3,0.5454545454545454,False
22185,0,0,30,3,0.6,False
22240,0,0,24,3,0.75,False
22274,0,0,30,3,0.6,False
22282,0,0,24,2,0.75,False
22299,0,0,27,3,0.5555555555555556,False
22603,0,0,30,3,0.6,False
22612,0,0,24,2,0.75,False
22708,0,0,30,3,0.7,False
22720,0,0,27,3,0.7777777777777778,False
22730,0,0,27,2,0.7777777777777778,False
22953,0,0,30,3,0.7,False
22991,0,0,30,3,0.7,False
23101,0,0,30,4,0.6,False
23125,0,0,30,3,0.6,False
23220,0,0,27,3,0.5555555555555556,False
23516,0,0,27,2,0.6666666666666666,False
23621,0,0,30,3,0.7,False
23726,0,0,27,3,0.6666666666666666,False
23833,0,0,30,3,0.7,False
23839,0,0,30,3,0.6,False
23907,0,0,33,3,0.5454545454545454,False
23936,0,0,30,3,0.6,False
24175,5,5,27,3,0.4444444444444444,False
24227,0,0,30,3,0.7,False
24283,0,0,24,3,0.625,False
24288,0,0,27,3,0.6666666666666666,False
24496,0,0,30,3,0.7,False
24511,0,0,27,2,0.7777777777777778,False
24529,0,0,30,3,0.7,False
24779,0,0,30,3,0.6,False
24792,0,0,27,3,0.7777777777777778,False
24842,0,0,30,3,0.6,False
24869,0,0,30,3,0.7,False
24896,0,0,30,3,0.6,False
24904,0,0,27,3,0.6666666666666666,False
25152,0,0,27,3,0.6666666666666666,False
25174,0,0,27,3,0.6666666666666666,False
25313,0,0,30,3,0.7,False
25430,0,0,30,4,0.6,False
25435,0,0,27,3,0.6666666666666666,False
25473,0,0,30,3,0.6,False
25591,0,0,30,3,0.6,False
25681,0,0,27,2,0.6666666666666666,False
25780,0,0,30,4,0.5,False
25899,0,0,24,3,0.75,False
25908,0,0,27,3,0.6666666666666666,False
25939,0,0,27,2,0.6666666666666666,False
26157,0,0,30,3,0.7,False
26285,0,0,24,3,0.75,False
26398,0,0,30,3,0.7,False
26450,0,0,12,1,1.0,False
26510,0,0,30,4,0.6,False
26602,0,0,18,2,0.6666666666666666,False
26609,0,0,21,2,0.7142857142857143,False
26707,0,0,24,2,0.75,False
26746,0,0,27,2,0.6666666666666666,False
26762,0,0,30,3,0.6,False
26903,0,0,21,2,0.7142857142857143,False
26909,0,0,21,3,0.5714285714285714,False
27036,0,0,30,2,0.7,False
27129,0,0,33,3,0.6363636363636364,False
27193,0,0,30,3,0.7,False
27219,0,0,27,3,0.6666666666666666,False
27360,0,0,33,4,0.5454545454545454,False
27487,0,0,27,2,0.6666666666666666,False
27519,0,0,27,2,0.7777777777777778,False
27611,0,0,33,3,0.6363636363636364,False
27616,0,0,33,3,0.5454545454545454,False
27624,0,0,30,3,0.6,False
27846,0,0,27,3,0.5555555555555556,False
27924,0,0,33,3,0.5454545454545454,False
27933,0,0,21,3,0.7142857142857143,False
28010,0,0,27,4,0.6666666666666666,False
28064,0,0,30,4,0.6,False
28390,0,0,33,3,0.6363636363636364,False
28406,0,0,30,3,0.6,False
28462,0,0,27,3,0.6666666666666666,False
28569,0,0,27,3,0.6666666666666666,False
28624,0,0,33,3,0.6363636363636364,False
28888,0,0,24,3,0.75,False
28908,0,0,27,4,0.5555555555555556,False
28939,0,0,30,3,0.6,False
28947,0,0,24,2,0.75,False
28995,0,0,24,2,0.75,False
29002,0,0,30,3,0.7,False
29227,0,0,30,2,0.7,False
29319,0,0,30,3,0.7,False
29438,0,0,27,2,0.6666666666666666,False
29444,0,0,27,2,0.5555555555555556,False
29545,0,0,27,3,0.6666666666666666,False
29645,0,0,30,3,0.7,False
29652,0,0,30,3,0.7,False
29750,0,0,27,3,0.6666666666666666,False
46954,0,0,30,3,0.6,False
46961,0,0,30,3,0.7,False
47012,0,0,27,3,0.6666666666666666,False
47032,0,0,27,3,0.6666666666666666,False
47245,0,0,33,3,0.6363636363636364,False
47358,0,0,33,3,0.5454545454545454,False
47479,0,0,27,3,0.6666666666666666,False
47598,0,0,30,3,0.6,False
47656,0,0,27,3,0.6666666666666666,False
47657,0,0,27,3,0.6666666666666666,False
47762,0,0,27,3,0.7777777777777778,False
47783,0,0,30,3,0.6,False
47928,0,0,27,4,0.6666666666666666,False
48040,0,0,30,3,0.6,False
48064,0,0,27,3,0.6666666666666666,False
19406,0,0,24,2,0.75,False
21199,0,0,6,1,1.0,False
25745,0,0,6,1,1.0,False
26246,0,0,21,2,0.7142857142857143,False
26868,0,0,21,2,0.7142857142857143,False
17733,0,0,6,1,1.0,False
19085,0,0,27,3,0.6666666666666666,False
20738,0,0,6,1,1.0,False
23857,0,0,6,1,1.0,False
27011,0,0,21,2,0.7142857142857143,False
18634,0,0,27,3,0.5555555555555556,False
23613,0,0,27,3,0.6666666666666666,False
25710,0,0,27,2,0.5555555555555556,False
25944,0,0,24,3,0.625,False
25983,0,0,6,1,1.0,False
26291,0,0,24,2,0.625,False
27042,0,0,27,3,0.5555555555555556,False
29383,0,0,6,1,1.0,False
17258,0,0,27,3,0.6666666666666666,False
17263,0,0,30,3,0.6,False
17277,0,0,27,3,0.6666666666666666,False
17280,0,0,27,3,0.6666666666666666,False
17282,0,0,30,3,0.6,False
17347,0,0,30,3,0.6,False
17365,0,0,27,3,0.6666666666666666,False
17394,0,0,27,3,0.5555555555555556,False
17447,0,0,24,3,0.75,False
17508,0,0,27,3,0.6666666666666666,False
17645,0,0,27,3,0.6666666666666666,False
17736,0,0,30,3,0.6,False
17792,0,0,21,2,0.7142857142857143,False
17794,0,0,27,2,0.6666666666666666,False
17855,0,0,24,3,0.75,False
17859,0,0,27,3,0.6666666666666666,False
17860,0,0,24,2,0.75,False
17951,0,0,27,3,0.6666666666666666,False
17954,0,0,30,3,0.6,False
17968,0,0,27,3,0.5555555555555556,False
17998,0,0,27,3,0.6666666666666666,False
18000,0,0,30,3,0.6,False
18068,0,0,27,3,0.6666666666666666,False
18072,0,0,30,3,0.6,False
18121,0,0,24,3,0.625,False
18123,0,0,27,3,0.5555555555555556,False
18208,0,0,27,3,0.6666666666666666,False
18210,0,0,24,2,0.625,False
18280,0,0,27,3,0.6666666666666666,False
18285,0,0,30,3,0.6,False
18316,0,0,27,3,0.6666666666666666,False
18318,0,0,27,2,0.6666666666666666,False
18461,0,0,27,3,0.6666666666666666,False
18493,0,0,27,2,0.6666666666666666,False
18523,0,0,30,2,0.6,False
18618,0,0,24,2,0.75,False
18877,0,0,27,3,0.6666666666666666,False
18913,0,0,30,3,0.6,False
18961,0,0,30,3,0.6,False
19056,0,0,27,3,0.6666666666666666,False
19063,0,0,30,3,0.6,False
19079,0,0,27,3,0.6666666666666666,False
19093,0,0,30,3,0.6,False
19277,0,0,27,3,0.6666666666666666,False
19413,0,0,24,2,0.75,False
19448,0,0,24,2,0.625,False
19454,0,0,30,3,0.6,False
19460,0,0,30,3,0.6,False
19534,0,0,27,3,0.6666666666666666,False
19539,0,0,30,3,0.6,False
19753,0,0,27,3,0.6666666666666666,False
19761,0,0,30,3,0.6,False
19993,0,0,27,3,0.6666666666666666,False
19998,0,0,27,2,0.6666666666666666,False
20227,0,0,27,2,0.6666666666666666,False
20261,0,0,30,3,0.6,False
20381,0,0,27,3,0.6666666666666666,False
20386,0,0,27,2,0.6666666666666666,False
20655,0,0,30,3,0.6,False
20673,0,0,27,3,0.6666666666666666,False
20704,0,0,27,3,0.6666666666666666,False
20712,0,0,24,2,0.75,False
20770,0,0,24,3,0.625,False
21076,0,0,21,2,0.7142857142857143,False
21082,0,0,30,3,0.6,False
21121,0,0,27,3,0.6666666666666666,False
21273,0,0,30,3,0.6,False
21294,0,0,18,2,0.8333333333333334,False
21302,0,0,27,3,0.6666666666666666,False
21538,0,0,21,2,0.8571428571428571,False
21549,0,0,30,3,0.6,False
21579,0,0,27,3,0.6666666666666666,False
21618,0,0,30,3,0.6,False
21782,0,0,24,2,0.75,False
21789,0,0,30,3,0.6,False
21822,0,0,24,2,0.75,False
21841,0,0,30,3,0.6,False
22007,0,0,27,3,0.6666666666666666,False
22026,0,0,27,3,0.6666666666666666,False
22090,0,0,27,3,0.6666666666666666,False
22103,0,0,30,3,0.6,False
22220,0,0,27,3,0.6666666666666666,False
22229,0,0,30,3,0.6,False
22375,0,0,30,3,0.6,False
22528,0,0,21,2,0.7142857142857143,False
22533,0,0,27,3,0.6666666666666666,False
22545,0,0,30,3,0.6,False
22567,0,0,30,3,0.6,False
22590,0,0,27,3,0.6666666666666666,False
22614,0,0,30,3,0.6,False
23062,0,0,24,3,0.75,False
23143,0,0,27,3,0.6666666666666666,False
23163,0,0,30,3,0.6,False
23329,0,0,27,3,0.6666666666666666,False
23388,0,0,24,3,0.75,False
23482,0,0,27,3,0.6666666666666666,False
23525,0,0,27,3,0.6666666666666666,False
23529,0,0,24,2,0.75,False
23540,0,0,21,2,0.5714285714285714,False
23632,0,0,27,3,0.5555555555555556,False
23811,0,0,27,2,0.6666666666666666,False
23978,0,0,27,3,0.6666666666666666,False
23987,0,0,30,3,0.6,False
24213,0,0,24,2,0.625,False
24241,0,0,24,3,0.75,False
24246,0,0,27,3,0.6666666666666666,False
24444,0,0,27,3,0.6666666666666666,False
24455,0,0,27,3,0.6666666666666666,False
24466,0,0,30,3,0.6,False
24683,0,0,24,3,0.625,False
24690,0,0,27,2,0.6666666666666666,False
24726,0,0,24,3,0.75,False
24733,0,0,30,3,0.6,False
24863,0,0,24,2,0.75,False
25061,0,0,24,2,0.625,False
25149,0,0,27,3,0.6666666666666666,False
25233,0,0,27,2,0.6666666666666666,False
25253,0,0,27,2,0.6666666666666666,False
25399,0,0,27,3,0.6666666666666666,False
25405,0,0,30,3,0.6,False
25657,0,0,21,2,0.5714285714285714,False
25661,0,0,27,3,0.6666666666666666,False
25763,0,0,27,3,0.6666666666666666,False
25872,0,0,24,2,0.75,False
25884,0,0,21,2,0.8571428571428571,False
25910,0,0,27,3,0.5555555555555556,False
26126,0,0,21,2,0.7142857142857143,False
26150,0,0,27,3,0.6666666666666666,False
26251,0,0,24,2,0.75,False
26258,0,0,21,3,0.7142857142857143,False
26424,0,0,27,3,0.6666666666666666,False
26431,0,0,30,3,0.6,False
26541,0,0,30,3,0.6,False
26724,0,0,24,2,0.625,False
26732,0,0,24,2,0.75,False
26876,0,0,24,2,0.75,False
26880,0,0,27,3,0.6666666666666666,False
26998,0,0,18,1,1.0,False
27088,0,0,27,3,0.6666666666666666,False
27114,0,0,21,2,0.7142857142857143,False
27122,0,0,15,1,1.0,False
27351,0,0,27,2,0.6666666666666666,False
27423,0,0,27,3,0.6666666666666666,False
27434,0,0,27,3,0.6666666666666666,False
27436,0,0,30,3,0.6,False
27534,0,0,27,3,0.6666666666666666,False
27560,0,0,30,3,0.6,False
27870,0,0,24,2,0.75,False
27877,0,0,30,3,0.6,False
27950,0,0,27,3,0.6666666666666666,False
28036,0,0,27,3,0.6666666666666666,False
28310,0,0,30,3,0.6,False
28316,0,0,21,3,0.7142857142857143,False
28343,0,0,30,3,0.6,False
28410,0,0,27,3,0.6666666666666666,False
28589,0,0,27,3,0.6666666666666666,False
28823,0,0,27,3,0.6666666666666666,False
28831,0,0,30,3,0.6,False
28843,0,0,27,3,0.6666666666666666,False
28870,0,0,30,3,0.6,False
28891,0,0,27,3,0.6666666666666666,False
28896,0,0,30,3,0.6,False
29204,0,0,30,3,0.6,False
29289,0,0,27,3,0.6666666666666666,False
29396,0,0,21,3,0.7142857142857143,False
29402,0,0,24,2,0.5,True
29556,0,0,27,2,0.5555555555555556,False
29611,0,0,27,3,0.6666666666666666,False
29617,0,0,30,3,0.6,False
29737,0,0,27,3,0.6666666666666666,False
29741,0,0,30,3,0.6,False
29857,0,0,27,3,0.6666666666666666,False
46746,0,0,27,3,0.6666666666666666,False
46748,0,0,30,3,0.6,False
46753,0,0,30,3,0.6,False
46782,0,0,24,2,0.75,False
46820,0,0,24,2,0.75,False
46877,0,0,27,2,0.6666666666666666,False
46878,0,0,27,3,0.6666666666666666,False
47041,0,0,27,3,0.6666666666666666,False
47542,0,0,27,3,0.6666666666666666,False
47681,0,0,27,3,0.6666666666666666,False
47688,0,0,27,3,0.6666666666666666,False
47758,0,0,30,3,0.6,False
47771,0,0,27,3,0.6666666666666666,False
47785,0,0,30,3,0.6,False
17293,0,0,29,3,0.6206896551724138,False
17294,0,0,30,3,0.6,False
17334,0,0,30,3,0.6,False
17385,0,0,29,3,0.6206896551724138,False
17453,0,0,30,4,0.6,False
17515,0,0,29,3,0.6206896551724138,False
17520,0,0,30,4,0.6,False
17528,0,0,29,2,0.6206896551724138,False
17546,0,0,29,3,0.6206896551724138,False
17598,0,0,21,2,0.7142857142857143,False
17666,0,0,29,3,0.6206896551724138,False
17670,0,0,27,3,0.6666666666666666,False
17798,0,0,29,3,0.6206896551724138,False
17874,0,0,30,3,0.6,False
17880,0,0,29,3,0.6206896551724138,False
17976,0,0,29,3,0.6206896551724138,False
18015,0,0,29,3,0.6206896551724138,False
18017,0,0,27,3,0.6666666666666666,False
18091,0,0,26,2,0.6923076923076923,False
18094,0,0,24,2,0.75,False
18128,0,0,29,3,0.6206896551724138,False
18130,0,0,24,3,0.5,False
18222,0,0,29,3,0.6206896551724138,False
18224,0,0,27,3,0.6666666666666666,False
18293,0,0,26,2,0.6923076923076923,False
18295,0,0,27,4,0.6666666666666666,False
18342,0,0,29,3,0.6206896551724138,False
18373,0,0,27,4,0.6666666666666666,False
18484,0,0,30,3,0.6,False
18497,0,0,27,2,0.6666666666666666,False
18532,0,0,29,3,0.6206896551724138,False
18538,0,0,27,2,0.6666666666666666,False
18604,0,0,29,3,0.6206896551724138,False
18745,0,0,26,3,0.6923076923076923,False
19082,0,0,29,3,0.6206896551724138,False
19103,0,0,27,3,0.6666666666666666,False
19294,0,0,29,3,0.6206896551724138,False
19298,0,0,30,3,0.6,False
19491,0,0,27,3,0.6666666666666666,False
19496,0,0,30,3,0.6,False
19557,0,0,29,3,0.6206896551724138,False
19564,0,0,27,3,0.5555555555555556,False
19579,0,0,27,3,0.6666666666666666,False
19705,0,0,20,2,0.6,False
19798,0,0,29,3,0.6206896551724138,False
19814,0,0,30,4,0.6,False
20020,0,0,23,3,0.5217391304347826,False
20027,0,0,30,3,0.6,False
20283,0,0,29,3,0.6206896551724138,False
20289,0,0,30,3,0.6,False
20301,0,0,29,3,0.6206896551724138,False
20311,0,0,27,3,0.5555555555555556,False
20480,0,0,26,3,0.6923076923076923,False
20606,0,0,27,3,0.6666666666666666,False
20706,0,0,30,3,0.6,False
20734,0,0,29,3,0.6206896551724138,False
20746,0,0,27,3,0.6666666666666666,False
20825,0,0,26,2,0.6923076923076923,False
20838,0,0,30,3,0.6,False
21100,0,0,23,3,0.6521739130434783,False
21105,0,0,27,4,0.6666666666666666,False
21132,0,0,29,3,0.6206896551724138,False
21326,0,0,21,2,0.7142857142857143,False
21362,0,0,29,3,0.6206896551724138,False
21395,0,0,27,3,0.6666666666666666,False
21582,0,0,26,3,0.5769230769230769,False
21617,0,0,30,3,0.6,False
21635,0,0,26,3,0.6923076923076923,False
21824,0,0,26,2,0.6923076923076923,False
21895,0,0,29,3,0.6206896551724138,False
21902,0,0,27,3,0.5555555555555556,False
22123,0,0,29,3,0.6206896551724138,False
22130,0,0,30,3,0.6,False
22157,0,0,29,3,0.6206896551724138,False
22164,0,0,30,4,0.6,False
22260,0,0,26,2,0.6923076923076923,False
22268,0,0,24,3,0.625,False
22583,0,0,29,3,0.6206896551724138,False
22595,0,0,30,4,0.6,False
22682,0,0,26,3,0.5769230769230769,False
22695,0,0,27,3,0.5555555555555556,False
22734,0,0,29,3,0.6206896551724138,False
22791,0,0,30,3,0.6,False
22913,0,0,27,3,0.5555555555555556,False
22963,0,0,29,3,0.6206896551724138,False
23092,0,0,27,4,0.5555555555555556,False
23198,0,0,29,3,0.6206896551724138,False
23206,0,0,21,2,0.8571428571428571,False
23349,0,0,29,3,0.6206896551724138,False
23506,0,0,23,3,0.6521739130434783,False
23561,0,0,29,3,0.6206896551724138,False
23568,0,0,27,3,0.6666666666666666,False
23659,0,0,29,3,0.6206896551724138,False
23718,0,0,24,2,0.75,False
23819,0,0,29,3,0.6206896551724138,False
23826,0,0,24,3,0.625,False
23893,0,0,30,3,0.6,False
24012,0,0,29,3,0.6206896551724138,False
24038,0,0,24,2,0.75,False
24223,0,0,26,3,0.6923076923076923,False
24229,0,0,27,3,0.6666666666666666,False
24271,0,0,29,3,0.6206896551724138,False
24277,0,0,27,3,0.6666666666666666,False
24480,0,0,23,2,0.6521739130434783,False
24488,0,0,30,3,0.6,False
24501,0,0,23,2,0.782608695652174,False
24754,0,0,29,3,0.6206896551724138,False
24762,0,0,27,3,0.6666666666666666,False
24767,0,0,29,3,0.6206896551724138,False
24774,0,0,30,3,0.6,False
24803,0,0,27,3,0.6666666666666666,False
24888,0,0,29,3,0.6206896551724138,False
25139,0,0,30,4,0.6,False
25167,0,0,29,3,0.6206896551724138,False
25281,0,0,29,3,0.6206896551724138,False
25287,0,0,27,3,0.6666666666666666,False
25422,0,0,27,2,0.6666666666666666,False
25451,0,0,29,3,0.6206896551724138,False
25466,0,0,24,2,0.625,False
25579,0,0,27,4,0.6666666666666666,False
25619,0,0,29,3,0.6206896551724138,False
25670,0,0,26,3,0.6923076923076923,False
25676,0,0,30,3,0.6,False
25775,0,0,26,3,0.6923076923076923,False
25783,0,0,30,3,0.6,False
25893,0,0,24,4,0.5,False
25930,0,0,29,3,0.6206896551724138,False
25964,0,0,24,2,0.75,False
26078,0,0,26,3,0.6923076923076923,False
26169,0,0,30,3,0.6,False
26228,0,0,29,3,0.6206896551724138,False
26275,0,0,23,2,0.5217391304347826,False
26446,0,0,24,2,0.625,False
26588,0,0,27,2,0.6666666666666666,False
26589,0,0,17,2,0.5294117647058824,False
26595,0,0,18,2,0.8333333333333334,False
26755,0,0,26,2,0.6923076923076923,False
26820,0,0,21,2,0.7142857142857143,False
26897,0,0,15,2,0.8,False
27020,0,0,24,3,0.75,False
27175,0,0,27,3,0.6666666666666666,False
27214,0,0,30,3,0.6,False
27361,0,0,21,2,0.7142857142857143,False
27479,0,0,23,2,0.6521739130434783,False
27508,0,0,26,3,0.6923076923076923,False
27515,0,0,30,3,0.6,False
27585,0,0,27,3,0.6666666666666666,False
27599,0,0,27,3,0.6666666666666666,False
27841,0,0,30,3,0.6,False
27902,0,0,29,3,0.6206896551724138,False
27915,0,0,30,3,0.6,False
27978,0,0,26,2,0.6923076923076923,False
27991,0,0,24,4,0.625,False
28055,0,0,29,3,0.6206896551724138,False
28359,0,0,26,2,0.6923076923076923,False
28378,0,0,29,3,0.6206896551724138,False
28379,0,0,24,2,0.75,False
28395,0,0,27,3,0.6666666666666666,False
28547,0,0,26,2,0.6923076923076923,False
28559,0,0,27,3,0.6666666666666666,False
28603,0,0,29,3,0.6206896551724138,False
28864,0,0,29,3,0.6206896551724138,False
28872,0,0,30,3,0.6,False
28928,0,0,29,3,0.6206896551724138,False
28933,0,0,27,3,0.6666666666666666,False
28981,0,0,30,3,0.6,False
29220,0,0,30,3,0.6,False
29423,0,0,20,2,0.75,False
29429,0,0,30,3,0.6,False
29564,0,0,18,3,0.6666666666666666,False
29641,0,0,27,3,0.6666666666666666,False
29762,0,0,30,4,0.6,False
46835,0,0,27,3,0.6666666666666666,False
46894,0,0,24,2,0.75,False
46931,0,0,29,3,0.6206896551724138,False
46941,0,0,27,3,0.6666666666666666,False
47002,0,0,27,3,0.6666666666666666,False
47082,0,0,29,3,0.6206896551724138,False
47240,0,0,26,3,0.6923076923076923,False
47244,0,0,27,3,0.6666666666666666,False
47304,0,0,29,3,0.6206896551724138,False
47357,0,0,21,2,0.8571428571428571,False
47567,0,0,29,3,0.6206896551724138,False
47874,0,0,29,3,0.6206896551724138,False
48047,0,0,21,2,0.8571428571428571,False
17349,0,0,27,2,0.6666666666666666,False
17351,0,0,28,2,0.6428571428571429,False
17390,0,0,27,2,0.6666666666666666,False
17406,0,0,28,2,0.6428571428571429,False
17473,0,0,27,2,0.6666666666666666,False
17477,0,0,25,2,0.72,False
17496,0,0,27,2,0.6666666666666666,False
17548,0,0,27,2,0.6666666666666666,False
17557,0,0,28,2,0.6428571428571429,False
17614,0,0,27,2,0.6666666666666666,False
17618,0,0,28,2,0.6428571428571429,False
17680,0,0,27,2,0.6666666666666666,False
17753,0,0,28,2,0.6428571428571429,False
17807,0,0,27,2,0.6666666666666666,False
17809,0,0,25,2,0.72,False
17888,0,0,27,2,0.6666666666666666,False
17911,0,0,27,2,0.6666666666666666,False
17990,0,0,25,2,0.6,False
18082,0,0,27,2,0.6666666666666666,False
18100,0,0,28,2,0.6428571428571429,False
18112,0,0,27,2,0.6666666666666666,False
18134,0,0,27,2,0.6666666666666666,False
18147,0,0,25,2,0.6,False
18235,0,0,27,2,0.6666666666666666,False
18315,0,0,27,2,0.6666666666666666,False
18323,0,0,27,2,0.6666666666666666,False
18404,0,0,27,2,0.6666666666666666,False
18410,0,0,25,2,0.72,False
18470,0,0,27,2,0.6666666666666666,False
18508,0,0,21,2,0.8571428571428571,False
18547,0,0,28,2,0.6428571428571429,False
18597,0,0,28,2,0.6428571428571429,False
19125,0,0,27,2,0.6666666666666666,False
19132,0,0,28,2,0.6428571428571429,False
19230,0,0,28,2,0.6428571428571429,False
19600,0,0,27,2,0.6666666666666666,False
19608,0,0,28,2,0.6428571428571429,False
19646,0,0,24,2,0.75,False
19653,0,0,25,2,0.6,False
19790,0,0,25,2,0.72,False
19856,0,0,27,2,0.6666666666666666,False
19869,0,0,22,2,0.6818181818181818,False
20045,0,0,27,2,0.6666666666666666,False
20052,0,0,22,2,0.6818181818181818,False
20162,0,0,24,2,0.75,False
20303,0,0,27,2,0.6666666666666666,False
20325,0,0,28,2,0.6428571428571429,False
20339,0,0,24,2,0.75,False
20380,0,0,28,2,0.6428571428571429,False
20516,0,0,24,2,0.75,False
20526,0,0,16,2,0.75,False
20762,0,0,27,2,0.6666666666666666,False
20783,0,0,27,2,0.6666666666666666,False
20794,0,0,25,2,0.72,False
20861,0,0,24,2,0.75,False
20902,0,0,28,2,0.6428571428571429,False
21135,0,0,27,2,0.6666666666666666,False
21150,0,0,28,2,0.6428571428571429,False
21346,0,0,27,2,0.6666666666666666,False
21351,0,0,28,2,0.6428571428571429,False
21414,0,0,28,2,0.6428571428571429,False
21601,0,0,28,2,0.6428571428571429,False
21641,0,0,27,2,0.6666666666666666,False
21860,0,0,27,2,0.6666666666666666,False
21868,0,0,28,2,0.6428571428571429,False
21933,0,0,27,2,0.6666666666666666,False
21965,0,0,28,2,0.6428571428571429,False
22289,0,0,27,2,0.6666666666666666,False
22297,0,0,28,2,0.6428571428571429,False
22357,0,0,27,2,0.6666666666666666,False
22368,0,0,25,2,0.72,False
22620,0,0,27,2,0.6666666666666666,False
22625,0,0,25,2,0.72,False
22727,0,0,27,2,0.6666666666666666,False
22752,0,0,24,2,0.75,False
22766,0,0,24,2,0.75,False
22920,0,0,27,2,0.6666666666666666,False
23000,0,0,27,2,0.6666666666666666,False
23004,0,0,25,2,0.72,False
23104,0,0,27,2,0.6666666666666666,False
23230,0,0,27,2,0.6666666666666666,False
23355,0,0,25,2,0.72,False
23375,0,0,24,2,0.75,False
23437,0,0,27,2,0.6666666666666666,False
23522,0,0,21,2,0.8571428571428571,False
23633,0,0,24,2,0.75,False
23639,0,0,25,2,0.72,False
23847,0,0,22,2,0.6818181818181818,False
23980,0,0,27,2,0.6666666666666666,False
23998,0,0,22,2,0.5454545454545454,False
24053,0,0,24,2,0.75,False
24059,0,0,28,2,0.6428571428571429,False
24294,0,0,24,2,0.75,False
24300,0,0,28,2,0.6428571428571429,False
24409,0,0,27,2,0.6666666666666666,False
24518,0,0,27,2,0.6666666666666666,False
24525,0,0,25,2,0.72,False
24804,0,0,27,2,0.6666666666666666,False
24815,0,0,28,2,0.6428571428571429,False
24900,0,0,27,2,0.6666666666666666,False
24917,0,0,28,2,0.6428571428571429,False
24957,0,0,22,2,0.8181818181818182,False
25171,0,0,28,2,0.6428571428571429,False
25183,0,0,27,2,0.6666666666666666,False
25295,0,0,21,2,0.7142857142857143,False
25316,0,0,28,2,0.6428571428571429,False
25462,0,0,28,2,0.6428571428571429,False
25586,0,0,27,2,0.6666666666666666,False
25687,0,0,27,2,0.6666666666666666,False
25722,0,0,21,2,0.7142857142857143,False
25786,0,0,28,2,0.6428571428571429,False
25991,0,0,27,2,0.6666666666666666,False
26006,0,0,28,2,0.6428571428571429,False
26084,0,0,28,2,0.6428571428571429,False
26174,0,0,27,2,0.6666666666666666,False
26205,0,0,25,2,0.6,False
26296,0,0,24,2,0.75,False
26302,0,0,25,2,0.72,False
26456,0,0,24,2,0.75,False
26460,0,0,27,2,0.6666666666666666,False
26616,0,0,12,2,0.75,False
26619,0,0,22,2,0.5454545454545454,False
26772,0,0,24,2,0.75,False
26810,0,0,24,2,0.75,False
26915,0,0,21,2,0.7142857142857143,False
26919,0,0,18,1,1.0,False
27047,0,0,21,2,0.7142857142857143,False
27052,0,0,25,2,0.72,False
27234,0,0,24,2,0.75,False
27241,0,0,22,2,0.8181818181818182,False
27383,0,0,25,2,0.72,False
27501,0,0,28,2,0.6428571428571429,False
27530,0,0,28,2,0.6428571428571429,False
27631,0,0,27,2,0.6666666666666666,False
27638,0,0,27,2,0.6666666666666666,False
27643,0,0,28,2,0.6428571428571429,False
27946,0,0,27,2,0.6666666666666666,False
27989,0,0,22,2,0.6818181818181818,False
28019,0,0,27,2,0.6666666666666666,False
28037,0,0,22,2,0.5454545454545454,False
28070,0,0,24,2,0.75,False
28427,0,0,27,2,0.6666666666666666,False
28435,0,0,25,2,0.72,False
28472,0,0,24,2,0.75,False
28488,0,0,28,2,0.6428571428571429,False
28646,0,0,27,2,0.6666666666666666,False
28683,0,0,28,2,0.6428571428571429,False
28927,0,0,27,2,0.6666666666666666,False
28954,0,0,24,2,0.75,False
28973,0,0,28,2,0.6428571428571429,False
29014,0,0,27,2,0.6666666666666666,False
29023,0,0,25,2,0.72,False
29233,0,0,27,2,0.6666666666666666,False
29243,0,0,25,2,0.72,False
29451,0,0,27,2,0.6666666666666666,False
29457,0,0,25,2,0.72,False
29507,0,0,25,2,0.72,False
29658,0,0,27,2,0.6666666666666666,False
29665,0,0,28,2,0.6428571428571429,False
29757,0,0,27,2,0.6666666666666666,False
29834,0,0,27,2,0.6666666666666666,False
29911,0,0,24,2,0.625,False
46732,0,0,27,2,0.6666666666666666,False
46735,0,0,28,2,0.6428571428571429,False
46900,0,0,27,2,0.6666666666666666,False
46904,0,0,28,2,0.6428571428571429,False
46970,0,0,24,2,0.625,False
47038,0,0,27,2,0.6666666666666666,False
47047,0,0,22,2,0.6818181818181818,False
47090,0,0,25,2,0.6,False
47303,0,0,28,2,0.6428571428571429,False
47385,0,0,24,2,0.625,False
47386,0,0,28,2,0.6428571428571429,False
47476,0,0,25,2,0.72,False
47575,0,0,27,2,0.6666666666666666,False
47580,0,0,28,2,0.6428571428571429,False
47623,0,0,25,2,0.72,False
47628,0,0,27,2,0.6666666666666666,False
47696,0,0,24,2,0.75,False
47825,0,0,25,2,0.72,False
47934,0,0,28,2,0.6428571428571429,False
25256,0,0,3,1,1.0,False
25268,0,0,21,2,0.7142857142857143,False
25395,0,0,18,2,0.5,True
26490,0,0,3,1,1.0,False
26558,0,0,18,2,0.8333333333333334,False
26562,0,0,24,3,0.625,False
26994,0,0,12,2,0.75,False
27932,0,0,3,1,1.0,False
17800,0,0,21,3,0.42857142857142855,False
18650,0,0,26,3,0.5769230769230769,False
26280,0,0,18,2,0.8333333333333334,False
26442,0,0,6,2,0.5,True
29392,0,0,3,1,1.0,False
19182,0,0,21,2,0.5714285714285714,False
21684,0,0,25,2,0.6,False
24924,0,0,21,2,0.7142857142857143,False
26227,0,0,3,1,1.0,False
27133,0,0,18,2,0.8333333333333334,False
17309,0,0,24,2,0.625,False
17312,0,0,21,2,0.7142857142857143,False
17413,0,0,21,2,0.7142857142857143,False
17420,0,0,21,2,0.7142857142857143,False
17439,0,0,24,2,0.625,False
17443,0,0,21,2,0.7142857142857143,False
17521,0,0,15,2,0.8,False
17570,0,0,24,2,0.625,False
17574,0,0,24,2,0.625,False
17575,0,0,21,2,0.7142857142857143,False
17623,0,0,24,2,0.625,False
17624,0,0,21,2,0.7142857142857143,False
17691,0,0,21,2,0.7142857142857143,False
17761,0,0,24,2,0.625,False
17764,0,0,21,2,0.7142857142857143,False
17820,0,0,15,2,0.6,False
17823,0,0,21,2,0.7142857142857143,False
17923,0,0,21,2,0.7142857142857143,False
18010,0,0,24,2,0.625,False
18016,0,0,21,2,0.7142857142857143,False
18028,0,0,24,2,0.625,False
18033,0,0,21,2,0.7142857142857143,False
18119,0,0,21,2,0.5714285714285714,False
18146,0,0,24,2,0.625,False
18151,0,0,15,1,1.0,False
18160,0,0,21,2,0.5714285714285714,False
18176,0,0,21,2,0.7142857142857143,False
18247,0,0,24,2,0.625,False
18335,0,0,18,2,0.5,True
18337,0,0,21,2,0.7142857142857143,False
18399,0,0,21,2,0.7142857142857143,False
18422,0,0,24,2,0.625,False
18428,0,0,21,2,0.7142857142857143,False
18555,0,0,24,2,0.625,False
18556,0,0,21,2,0.7142857142857143,False
18630,0,0,21,2,0.7142857142857143,False
18671,0,0,24,2,0.625,False
19155,0,0,24,2,0.625,False
19161,0,0,21,2,0.7142857142857143,False
19218,0,0,21,2,0.7142857142857143,False
19342,0,0,24,2,0.625,False
19527,0,0,24,2,0.625,False
19634,0,0,24,2,0.625,False
19736,0,0,21,2,0.7142857142857143,False
19832,0,0,21,2,0.5714285714285714,False
19844,0,0,21,2,0.7142857142857143,False
19906,0,0,24,2,0.625,False
19915,0,0,21,2,0.7142857142857143,False
20072,0,0,21,2,0.5714285714285714,False
20077,0,0,21,2,0.7142857142857143,False
20174,0,0,21,2,0.7142857142857143,False
20364,0,0,21,2,0.7142857142857143,False
20371,0,0,21,2,0.7142857142857143,False
20388,0,0,18,2,0.6666666666666666,False
20409,0,0,24,2,0.625,False
20416,0,0,21,2,0.7142857142857143,False
20542,0,0,18,2,0.8333333333333334,False
20552,0,0,21,2,0.7142857142857143,False
20862,0,0,24,2,0.625,False
20885,0,0,21,2,0.7142857142857143,False
20933,0,0,24,2,0.625,False
20934,0,0,24,2,0.625,False
20941,0,0,18,2,0.8333333333333334,False
21141,0,0,24,2,0.625,False
21168,0,0,21,2,0.7142857142857143,False
21177,0,0,18,2,0.6666666666666666,False
21372,0,0,21,2,0.7142857142857143,False
21383,0,0,21,2,0.7142857142857143,False
21460,0,0,21,2,0.7142857142857143,False
21702,0,0,24,2,0.625,False
21709,0,0,24,2,0.625,False
21711,0,0,21,2,0.7142857142857143,False
21924,0,0,21,2,0.7142857142857143,False
21939,0,0,21,2,0.7142857142857143,False
22014,0,0,24,2,0.625,False
22031,0,0,18,2,0.8333333333333334,False
22256,0,0,24,2,0.625,False
22278,0,0,21,2,0.7142857142857143,False
22328,0,0,24,2,0.625,False
22342,0,0,18,2,0.6666666666666666,False
22395,0,0,24,2,0.625,False
22429,0,0,21,2,0.7142857142857143,False
22657,0,0,24,2,0.625,False
22683,0,0,18,2,0.6666666666666666,False
22792,0,0,24,2,0.625,False
22801,0,0,24,2,0.625,False
22810,0,0,21,2,0.7142857142857143,False
22971,0,0,21,2,0.7142857142857143,False
23018,0,0,18,2,0.8333333333333334,False
23152,0,0,21,2,0.7142857142857143,False
23157,0,0,24,2,0.625,False
23258,0,0,24,2,0.625,False
23272,0,0,18,2,0.6666666666666666,False
23366,0,0,21,2,0.7142857142857143,False
23583,0,0,24,2,0.625,False
23691,0,0,21,2,0.7142857142857143,False
23778,0,0,24,2,0.625,False
23872,0,0,24,2,0.625,False
23883,0,0,21,2,0.7142857142857143,False
24035,0,0,21,2,0.7142857142857143,False
24083,0,0,24,2,0.625,False
24262,0,0,21,2,0.7142857142857143,False
24318,0,0,24,2,0.625,False
24328,0,0,24,2,0.625,False
24337,0,0,18,2,0.8333333333333334,False
24567,0,0,18,2,0.8333333333333334,False
24573,0,0,21,2,0.7142857142857143,False
24847,0,0,24,2,0.625,False
24853,0,0,21,2,0.7142857142857143,False
24937,0,0,24,2,0.625,False
24951,0,0,18,2,0.6666666666666666,False
25044,0,0,18,2,0.8333333333333334,False
25198,0,0,21,2,0.7142857142857143,False
25199,0,0,24,2,0.625,False
25312,0,0,21,2,0.7142857142857143,False
25332,0,0,21,2,0.7142857142857143,False
25512,0,0,18,2,0.8333333333333334,False
25602,0,0,21,2,0.7142857142857143,False
25636,0,0,18,2,0.5,True
25701,0,0,24,2,0.625,False
25734,0,0,18,2,0.6666666666666666,False
25805,0,0,18,2,0.6666666666666666,False
25970,0,0,15,2,0.8,False
25978,0,0,21,2,0.7142857142857143,False
26042,0,0,21,2,0.5714285714285714,False
26095,0,0,21,2,0.7142857142857143,False
26214,0,0,24,2,0.625,False
26318,0,0,18,2,0.5,True
26478,0,0,24,2,0.625,False
26485,0,0,18,2,0.6666666666666666,False
26549,0,0,18,2,0.6666666666666666,False
26634,0,0,24,2,0.625,False
26642,0,0,21,2,0.5714285714285714,False
26817,0,0,21,2,0.7142857142857143,False
26931,0,0,15,2,0.8,False
26936,0,0,15,1,1.0,False
27070,0,0,21,2,0.7142857142857143,False
27073,0,0,21,2,0.7142857142857143,False
27157,0,0,24,2,0.625,False
27283,0,0,21,2,0.7142857142857143,False
27521,0,0,24,2,0.625,False
27550,0,0,24,2,0.625,False
27555,0,0,21,2,0.7142857142857143,False
27723,0,0,21,2,0.7142857142857143,False
27738,0,0,21,2,0.7142857142857143,False
27856,0,0,24,2,0.625,False
28089,0,0,21,2,0.7142857142857143,False
28115,0,0,24,2,0.625,False
28122,0,0,21,2,0.7142857142857143,False
28125,0,0,24,2,0.625,False
28455,0,0,24,2,0.625,False
28471,0,0,21,2,0.7142857142857143,False
28614,0,0,24,2,0.625,False
28696,0,0,24,2,0.625,False
28746,0,0,24,2,0.625,False
28752,0,0,21,2,0.7142857142857143,False
29017,0,0,21,2,0.5714285714285714,False
29063,0,0,24,2,0.625,False
29105,0,0,18,2,0.8333333333333334,False
29134,0,0,24,2,0.625,False
29139,0,0,21,2,0.7142857142857143,False
29256,0,0,21,2,0.7142857142857143,False
29478,0,0,18,2,0.6666666666666666,False
29517,0,0,21,2,0.7142857142857143,False
29676,0,0,24,2,0.625,False
29781,0,0,15,2,0.8,False
46794,0,0,24,2,0.625,False
46913,0,0,24,2,0.625,False
46914,0,0,18,2,0.6666666666666666,False
47013,0,0,24,2,0.625,False
47043,0,0,21,2,0.7142857142857143,False
47079,0,0,24,2,0.625,False
47110,0,0,21,2,0.7142857142857143,False
47341,0,0,15,2,0.8,False
47441,0,0,24,2,0.625,False
47603,0,0,24,2,0.625,False
47670,0,0,21,2,0.7142857142857143,False
47888,0,0,21,2,0.7142857142857143,False
47935,0,0,24,2,0.625,False
17320,0,0,21,2,0.7142857142857143,False
17322,0,0,24,2,0.625,False
17422,0,0,21,2,0.7142857142857143,False
17426,0,0,24,2,0.625,False
17466,0,0,21,2,0.7142857142857143,False
17474,0,0,24,2,0.625,False
17550,0,0,24,2,0.625,False
17579,0,0,21,2,0.7142857142857143,False
17590,0,0,24,2,0.625,False
17633,0,0,24,2,0.625,False
17677,0,0,21,2,0.7142857142857143,False
17703,0,0,18,2,0.6666666666666666,False
17706,0,0,24,2,0.625,False
17776,0,0,21,2,0.7142857142857143,False
17819,0,0,24,2,0.625,False
17830,0,0,18,2,0.8333333333333334,False
17903,0,0,21,2,0.7142857142857143,False
17904,0,0,21,2,0.7142857142857143,False
18034,0,0,21,2,0.7142857142857143,False
18040,0,0,24,2,0.625,False
18164,0,0,18,2,0.8333333333333334,False
18186,0,0,21,2,0.7142857142857143,False
18188,0,0,24,2,0.625,False
18257,0,0,21,2,0.7142857142857143,False
18262,0,0,21,2,0.5714285714285714,False
18309,0,0,24,2,0.625,False
18353,0,0,21,2,0.7142857142857143,False
18406,0,0,18,2,0.6666666666666666,False
18412,0,0,18,2,0.8333333333333334,False
18446,0,0,21,2,0.7142857142857143,False
18477,0,0,18,2,0.6666666666666666,False
18563,0,0,18,2,0.8333333333333334,False
18565,0,0,21,2,0.7142857142857143,False
18566,0,0,21,2,0.7142857142857143,False
18684,0,0,24,2,0.625,False
19014,0,0,21,2,0.7142857142857143,False
19181,0,0,21,2,0.7142857142857143,False
19188,0,0,24,2,0.625,False
19314,0,0,21,2,0.7142857142857143,False
19352,0,0,18,2,0.8333333333333334,False
19367,0,0,21,2,0.7142857142857143,False
19372,0,0,24,2,0.625,False
19660,0,0,18,2,0.8333333333333334,False
19685,0,0,21,2,0.7142857142857143,False
19691,0,0,24,2,0.625,False
19809,0,0,21,2,0.7142857142857143,False
19858,0,0,21,2,0.7142857142857143,False
19864,0,0,24,2,0.625,False
19889,0,0,24,2,0.625,False
19937,0,0,18,2,0.8333333333333334,False
19945,0,0,24,2,0.625,False
20100,0,0,21,2,0.7142857142857143,False
20107,0,0,24,2,0.625,False
20446,0,0,21,2,0.7142857142857143,False
20448,0,0,21,2,0.7142857142857143,False
20455,0,0,24,2,0.625,False
20458,0,0,21,2,0.5714285714285714,False
20595,0,0,24,2,0.625,False
20946,0,0,15,2,0.8,False
20965,0,0,21,2,0.7142857142857143,False
20992,0,0,21,2,0.7142857142857143,False
21006,0,0,24,2,0.625,False
21128,0,0,21,2,0.7142857142857143,False
21201,0,0,18,2,0.8333333333333334,False
21212,0,0,21,2,0.7142857142857143,False
21219,0,0,24,2,0.625,False
21433,0,0,21,2,0.7142857142857143,False
21441,0,0,24,2,0.625,False
21475,0,0,18,2,0.8333333333333334,False
21489,0,0,24,2,0.625,False
21665,0,0,24,2,0.625,False
21728,0,0,21,2,0.5714285714285714,False
21753,0,0,21,2,0.7142857142857143,False
21958,0,0,21,2,0.7142857142857143,False
21974,0,0,24,2,0.625,False
22099,0,0,18,2,0.8333333333333334,False
22121,0,0,24,2,0.625,False
22352,0,0,21,2,0.7142857142857143,False
22410,0,0,21,2,0.7142857142857143,False
22421,0,0,21,2,0.7142857142857143,False
22480,0,0,21,2,0.7142857142857143,False
22494,0,0,24,2,0.625,False
22741,0,0,21,2,0.7142857142857143,False
22757,0,0,21,2,0.7142857142857143,False
22842,0,0,24,2,0.625,False
22939,0,0,21,2,0.7142857142857143,False
22982,0,0,21,2,0.7142857142857143,False
23021,0,0,21,2,0.7142857142857143,False
23023,0,0,21,2,0.7142857142857143,False
23341,0,0,21,2,0.7142857142857143,False
23435,0,0,24,2,0.625,False
23590,0,0,18,2,0.6666666666666666,False
23711,0,0,15,2,0.8,False
23722,0,0,21,2,0.5714285714285714,False
23902,0,0,21,2,0.7142857142857143,False
23939,0,0,21,2,0.7142857142857143,False
24099,0,0,18,2,0.6666666666666666,False
24106,0,0,24,2,0.625,False
24139,0,0,21,2,0.7142857142857143,False
24147,0,0,21,2,0.7142857142857143,False
24194,0,0,24,2,0.625,False
24356,0,0,21,2,0.7142857142857143,False
24364,0,0,24,2,0.625,False
24586,0,0,24,2,0.625,False
24628,0,0,24,2,0.625,False
25005,0,0,21,2,0.7142857142857143,False
25014,0,0,21,2,0.7142857142857143,False
25067,0,0,21,2,0.7142857142857143,False
25225,0,0,21,2,0.7142857142857143,False
25226,0,0,24,2,0.625,False
25328,0,0,21,2,0.7142857142857143,False
25511,0,0,21,2,0.7142857142857143,False
25525,0,0,21,2,0.7142857142857143,False
25621,0,0,21,2,0.7142857142857143,False
25641,0,0,18,2,0.6666666666666666,False
25714,0,0,18,2,0.8333333333333334,False
25790,0,0,18,2,0.8333333333333334,False
25822,0,0,24,2,0.625,False
25994,0,0,15,2,0.6,False
26017,0,0,21,2,0.7142857142857143,False
26071,0,0,21,2,0.7142857142857143,False
26124,0,0,18,2,0.8333333333333334,False
26226,0,0,21,2,0.7142857142857143,False
26341,0,0,18,2,0.6666666666666666,False
26349,0,0,24,2,0.625,False
26509,0,0,21,2,0.7142857142857143,False
26517,0,0,21,2,0.7142857142857143,False
26658,0,0,18,2,0.6666666666666666,False
26675,0,0,21,2,0.7142857142857143,False
26850,0,0,24,2,0.625,False
26951,0,0,12,1,1.0,False
27249,0,0,18,2,0.8333333333333334,False
27303,0,0,24,2,0.625,False
27315,0,0,18,2,0.6666666666666666,False
27326,0,0,18,2,0.6666666666666666,False
27388,0,0,21,2,0.7142857142857143,False
27650,0,0,24,2,0.625,False
27659,0,0,21,2,0.7142857142857143,False
27663,0,0,24,2,0.625,False
27751,0,0,21,2,0.7142857142857143,False
27757,0,0,24,2,0.625,False
27784,0,0,18,2,0.8333333333333334,False
27996,0,0,21,2,0.7142857142857143,False
28154,0,0,21,2,0.7142857142857143,False
28174,0,0,18,2,0.8333333333333334,False
28182,0,0,24,2,0.625,False
28219,0,0,18,2,0.8333333333333334,False
28232,0,0,24,2,0.625,False
28502,0,0,21,2,0.7142857142857143,False
28517,0,0,24,2,0.625,False
28643,0,0,21,2,0.7142857142857143,False
28655,0,0,24,2,0.625,False
28715,0,0,21,2,0.7142857142857143,False
28773,0,0,24,2,0.625,False
29087,0,0,21,2,0.7142857142857143,False
29095,0,0,12,2,0.5,True
29119,0,0,21,2,0.7142857142857143,False
29144,0,0,21,2,0.7142857142857143,False
29154,0,0,24,2,0.625,False
29159,0,0,24,2,0.625,False
29328,0,0,21,2,0.7142857142857143,False
29370,0,0,24,2,0.625,False
29496,0,0,18,2,0.8333333333333334,False
29504,0,0,24,2,0.625,False
29699,0,0,21,2,0.7142857142857143,False
29707,0,0,24,2,0.625,False
29810,0,0,21,2,0.7142857142857143,False
46764,0,0,21,2,0.7142857142857143,False
46772,0,0,21,2,0.7142857142857143,False
46807,0,0,24,2,0.625,False
46945,0,0,24,2,0.625,False
47116,0,0,24,2,0.625,False
47141,0,0,21,2,0.7142857142857143,False
47156,0,0,21,2,0.7142857142857143,False
47171,0,0,24,2,0.625,False
47399,0,0,21,2,0.5714285714285714,False
47554,0,0,21,2,0.7142857142857143,False
47561,0,0,24,2,0.625,False
47646,0,0,24,2,0.625,False
47717,0,0,21,2,0.7142857142857143,False
47741,0,0,18,2,0.8333333333333334,False
47790,0,0,21,2,0.7142857142857143,False
17337,0,0,24,3,0.5,False
17355,0,0,24,3,0.5,False
17372,0,0,15,2,0.8,False
17418,0,0,18,2,0.6666666666666666,False
17430,0,0,15,2,0.8,False
17500,0,0,21,2,0.7142857142857143,False
17568,0,0,24,3,0.5,False
17594,0,0,21,2,0.7142857142857143,False
17724,0,0,21,2,0.7142857142857143,False
17788,0,0,21,3,0.5714285714285714,False
17839,0,0,21,2,0.7142857142857143,False
17936,0,0,21,2,0.7142857142857143,False
17939,0,0,21,2,0.5714285714285714,False
18037,0,0,24,2,0.625,False
18052,0,0,24,2,0.625,False
18053,0,0,21,3,0.5714285714285714,False
18198,0,0,18,2,0.6666666666666666,False
18202,0,0,15,2,0.8,False
18260,0,0,21,2,0.7142857142857143,False
18272,0,0,24,2,0.625,False
18274,0,0,21,2,0.7142857142857143,False
18314,0,0,15,2,0.8,False
18358,0,0,21,3,0.5714285714285714,False
18366,0,0,15,2,0.8,False
18456,0,0,24,3,0.5,False
18458,0,0,12,2,0.75,False
18469,0,0,15,2,0.8,False
18474,0,0,21,2,0.7142857142857143,False
18481,0,0,18,2,0.6666666666666666,False
18574,0,0,18,2,0.6666666666666666,False
19215,0,0,18,2,0.6666666666666666,False
19237,0,0,12,2,0.75,False
19716,0,0,24,2,0.625,False
19723,0,0,21,3,0.5714285714285714,False
19966,0,0,18,2,0.6666666666666666,False
19972,0,0,15,2,0.8,False
20103,0,0,18,2,0.8333333333333334,False
20138,0,0,24,2,0.625,False
20144,0,0,21,2,0.7142857142857143,False
20150,0,0,21,3,0.5714285714285714,False
20190,0,0,18,2,0.6666666666666666,False
20510,0,0,18,3,0.6666666666666666,False
20589,0,0,21,3,0.5714285714285714,False
20610,0,0,15,2,0.8,False
20635,0,0,18,2,0.6666666666666666,False
20645,0,0,15,2,0.8,False
20995,0,0,15,2,0.6,False
21009,0,0,21,2,0.7142857142857143,False
21032,0,0,21,3,0.5714285714285714,False
21046,0,0,12,2,0.75,False
21208,0,0,18,2,0.6666666666666666,False
21237,0,0,24,2,0.625,False
21240,0,0,18,2,0.6666666666666666,False
21247,0,0,18,2,0.6666666666666666,False
21255,0,0,15,2,0.8,False
21504,0,0,24,3,0.5,False
21511,0,0,15,2,0.8,False
21518,0,0,18,2,0.6666666666666666,False
21525,0,0,21,2,0.7142857142857143,False
21675,0,0,18,2,0.8333333333333334,False
21745,0,0,18,2,0.6666666666666666,False
21769,0,0,12,2,0.75,False
21852,0,0,24,3,0.5,False
22037,0,0,18,2,0.6666666666666666,False
22152,0,0,21,3,0.42857142857142855,True
22169,0,0,15,2,0.8,False
22439,0,0,18,2,0.6666666666666666,False
22446,0,0,21,2,0.7142857142857143,False
22472,0,0,18,2,0.6666666666666666,False
22489,0,0,21,2,0.7142857142857143,False
22513,0,0,24,2,0.625,False
22880,0,0,24,2,0.625,False
22883,0,0,24,3,0.5,False
22894,0,0,15,2,0.8,False
22929,0,0,21,3,0.5714285714285714,False
22947,0,0,21,3,0.5714285714285714,False
22995,0,0,18,2,0.6666666666666666,False
23036,0,0,24,2,0.625,False
23038,0,0,21,3,0.5714285714285714,False
23264,0,0,18,2,0.6666666666666666,False
23303,0,0,18,2,0.6666666666666666,False
23313,0,0,21,2,0.7142857142857143,False
23383,0,0,18,2,0.6666666666666666,False
23754,0,0,21,3,0.5714285714285714,False
23775,0,0,15,2,0.8,False
23919,0,0,18,2,0.8333333333333334,False
23954,0,0,24,3,0.5,False
24125,0,0,18,2,0.6666666666666666,False
24155,0,0,21,2,0.7142857142857143,False
24335,0,0,18,2,0.6666666666666666,False
24385,0,0,24,3,0.5,False
24391,0,0,15,2,0.8,False
24407,0,0,15,2,0.8,False
24654,0,0,21,3,0.5714285714285714,False
24661,0,0,15,2,0.8,False
25037,0,0,18,2,0.6666666666666666,False
25050,0,0,21,2,0.7142857142857143,False
25103,0,0,24,2,0.625,False
25111,0,0,15,2,0.8,False
25239,0,0,18,3,0.6666666666666666,False
25247,0,0,24,2,0.625,False
25361,0,0,21,2,0.5714285714285714,False
25544,0,0,18,2,0.6666666666666666,False
25556,0,0,15,2,0.8,False
25557,0,0,15,2,0.8,False
25643,0,0,15,2,0.8,False
25645,0,0,24,2,0.625,False
25732,0,0,24,2,0.625,False
25755,0,0,18,2,0.6666666666666666,False
26108,0,0,15,2,0.6,False
26118,0,0,21,2,0.7142857142857143,False
26224,0,0,18,2,0.8333333333333334,False
26376,0,0,15,2,0.6,False
26383,0,0,21,2,0.7142857142857143,False
26530,0,0,15,2,0.8,False
26535,0,1,15,2,0.6,False
26691,0,0,18,2,0.5,True
26823,0,0,15,2,0.8,False
26855,0,0,15,2,0.8,False
26971,0,0,15,2,0.8,False
26975,0,0,15,2,0.8,False
27153,0,0,15,2,0.8,False
27168,0,0,24,2,0.5,True
27194,0,0,12,1,1.0,False
27339,0,0,21,2,0.7142857142857143,False
27341,0,0,15,2,0.6,False
27678,0,0,21,3,0.5714285714285714,False
27718,0,0,15,1,1.0,False
27783,0,0,24,3,0.5,False
27796,0,0,15,2,0.8,False
27807,0,0,24,2,0.625,False
28169,0,0,18,2,0.6666666666666666,False
28186,0,0,15,2,0.8,False
28205,0,0,18,2,0.6666666666666666,False
28245,0,0,21,2,0.7142857142857143,False
28261,0,0,18,2,0.6666666666666666,False
28271,0,0,21,2,0.7142857142857143,False
28542,0,0,24,2,0.625,False
28567,0,0,21,2,0.7142857142857143,False
28677,0,0,21,2,0.5714285714285714,False
28712,0,0,21,2,0.7142857142857143,False
28758,0,0,24,3,0.5,False
28788,0,0,24,2,0.625,False
28797,0,0,21,3,0.5714285714285714,False
29157,0,0,18,2,0.6666666666666666,False
29172,0,0,15,2,0.8,False
29260,0,0,18,2,0.6666666666666666,False
29268,0,0,15,2,0.8,False
29330,0,0,24,3,0.5,False
29355,0,0,15,2,0.8,False
29538,0,0,12,2,0.75,False
29548,0,0,6,1,1.0,False
29589,0,0,15,2,0.6,False
29602,0,0,24,2,0.625,False
29807,0,0,21,2,0.7142857142857143,False
29821,0,0,24,2,0.625,False
46749,0,0,18,2,0.6666666666666666,False
46765,0,0,24,2,0.625,False
46767,0,0,21,3,0.5714285714285714,False
46862,0,0,24,2,0.625,False
46869,0,0,21,2,0.7142857142857143,False
47177,0,0,24,2,0.625,False
47188,0,0,18,2,0.6666666666666666,False
47204,0,0,15,2,0.8,False
47208,0,0,24,2,0.625,False
47220,0,0,18,3,0.6666666666666666,False
47227,0,0,21,2,0.7142857142857143,False
47254,0,0,18,2,0.6666666666666666,False
47291,0,0,21,3,0.5714285714285714,False
47297,0,0,24,2,0.625,False
47343,0,0,24,2,0.625,False
47372,0,0,15,2,0.8,False
47536,0,0,15,2,0.8,False
47636,0,0,18,2,0.6666666666666666,False
47678,0,0,24,2,0.625,False
47708,0,0,15,2,0.8,False
47725,0,0,15,2,0.8,False
47754,0,0,18,2,0.8333333333333334,False
47901,0,0,21,3,0.5714285714285714,False
48050,0,0,24,3,0.5,False
48056,0,0,21,2,0.7142857142857143,False
17305,0,0,21,3,0.5714285714285714,False
17357,0,0,18,3,0.6666666666666666,False
17362,0,0,18,3,0.6666666666666666,False
17410,0,0,21,3,0.5714285714285714,False
17482,0,0,21,4,0.5714285714285714,False
17532,0,0,21,4,0.5714285714285714,False
17559,0,0,18,3,0.6666666666666666,False
17580,0,0,18,3,0.6666666666666666,False
17619,0,0,21,3,0.5714285714285714,False
17621,0,0,18,3,0.6666666666666666,False
17687,0,0,18,3,0.6666666666666666,False
17689,0,0,18,3,0.6666666666666666,False
17813,0,0,18,3,0.6666666666666666,False
17892,0,0,15,3,0.6,False
17895,0,0,18,3,0.6666666666666666,False
17916,0,0,15,2,0.8,False
18004,0,0,21,4,0.5714285714285714,False
18007,0,0,18,3,0.6666666666666666,False
18026,0,0,21,4,0.5714285714285714,False
18105,0,0,21,4,0.5714285714285714,False
18136,0,0,18,2,0.6666666666666666,False
18138,0,0,21,3,0.5714285714285714,False
18150,0,0,18,3,0.6666666666666666,False
18157,0,0,21,3,0.5714285714285714,False
18238,0,0,21,3,0.5714285714285714,False
18243,0,0,15,2,0.8,False
18328,0,0,18,3,0.6666666666666666,False
18330,0,0,21,4,0.5714285714285714,False
18389,0,0,18,3,0.6666666666666666,False
18416,0,0,21,4,0.5714285714285714,False
18418,0,0,18,3,0.6666666666666666,False
18475,0,0,21,3,0.5714285714285714,False
18550,0,0,21,3,0.5714285714285714,False
18553,0,0,18,2,0.6666666666666666,False
18592,0,0,21,3,0.5714285714285714,False
18657,0,0,18,3,0.6666666666666666,False
18803,0,0,21,3,0.5714285714285714,False
18819,0,0,18,3,0.6666666666666666,False
19140,0,0,21,3,0.5714285714285714,False
19148,0,0,18,3,0.6666666666666666,False
19238,0,0,21,3,0.5714285714285714,False
19249,0,0,18,3,0.6666666666666666,False
19334,0,0,21,3,0.5714285714285714,False
19515,0,0,21,3,0.5714285714285714,False
19522,0,0,18,3,0.6666666666666666,False
19621,0,0,21,3,0.5714285714285714,False
19628,0,0,18,3,0.6666666666666666,False
19664,0,0,18,3,0.6666666666666666,False
19681,0,0,21,4,0.5714285714285714,False
19821,0,0,18,3,0.6666666666666666,False
19886,0,0,18,3,0.6666666666666666,False
19898,0,0,21,4,0.5714285714285714,False
20058,0,0,15,2,0.8,False
20346,0,0,18,3,0.6666666666666666,False
20352,0,0,15,3,0.6,False
20397,0,0,15,3,0.6,False
20403,0,0,18,3,0.6666666666666666,False
20534,0,0,15,3,0.6,False
20619,0,0,21,4,0.5714285714285714,False
20775,0,0,18,3,0.6666666666666666,False
20805,0,0,18,3,0.6666666666666666,False
20843,0,0,21,3,0.5714285714285714,False
20869,0,0,18,3,0.6666666666666666,False
20910,0,0,21,3,0.5714285714285714,False
20917,0,0,15,3,0.6,False
21156,0,0,15,3,0.6,False
21163,0,0,21,3,0.5714285714285714,False
21357,0,0,21,4,0.5714285714285714,False
21364,0,0,18,3,0.6666666666666666,False
21432,0,0,21,4,0.5714285714285714,False
21448,0,0,18,3,0.6666666666666666,False
21628,0,0,15,2,0.8,False
21690,0,0,18,4,0.5,False
21698,0,0,18,3,0.6666666666666666,False
21883,0,0,21,3,0.5714285714285714,False
21889,0,0,18,3,0.6666666666666666,False
21978,0,0,21,3,0.5714285714285714,False
21989,0,0,18,3,0.6666666666666666,False
22219,0,0,15,2,0.8,False
22313,0,0,18,3,0.6666666666666666,False
22374,0,0,18,4,0.5,False
22381,0,0,15,3,0.6,False
22633,0,0,15,2,0.8,False
22772,0,0,21,4,0.5714285714285714,False
23013,0,0,18,3,0.6666666666666666,False
23120,0,0,18,3,0.6666666666666666,False
23244,0,0,15,2,0.8,False
23250,0,0,18,3,0.6666666666666666,False
23337,0,0,18,3,0.6666666666666666,False
23419,0,0,18,3,0.6666666666666666,False
23574,0,0,18,3,0.6666666666666666,False
23579,0,0,21,3,0.5714285714285714,False
23665,0,0,18,3,0.6666666666666666,False
23854,0,0,18,3,0.5,False
23866,0,0,18,3,0.6666666666666666,False
24018,0,0,21,4,0.5714285714285714,False
24027,0,0,21,3,0.5714285714285714,False
24071,0,0,21,3,0.5714285714285714,False
24077,0,0,18,3,0.6666666666666666,False
24234,0,0,21,3,0.5714285714285714,False
24306,0,0,21,4,0.5714285714285714,False
24313,0,0,18,3,0.6666666666666666,False
24539,0,0,21,3,0.5714285714285714,False
24562,0,0,21,4,0.5714285714285714,False
24789,0,0,21,2,0.5714285714285714,False
24828,0,0,21,3,0.5714285714285714,False
24923,0,0,18,3,0.6666666666666666,False
24929,0,0,18,3,0.6666666666666666,False
25002,0,0,15,2,0.8,False
25023,0,0,15,2,0.8,False
25190,0,0,18,3,0.6666666666666666,False
25192,0,0,21,4,0.5714285714285714,False
25301,0,0,15,2,0.8,False
25335,0,0,21,3,0.5714285714285714,False
25487,0,0,15,3,0.6,False
25495,0,0,18,3,0.6666666666666666,False
25498,0,0,21,4,0.5714285714285714,False
25596,0,0,21,4,0.5714285714285714,False
25697,0,0,12,3,0.5,False
25797,0,0,21,4,0.5714285714285714,False
25965,0,0,15,2,0.8,False
26015,0,0,18,3,0.6666666666666666,False
26038,0,0,21,3,0.5714285714285714,False
26090,0,0,18,3,0.6666666666666666,False
26194,0,0,18,3,0.6666666666666666,False
26308,0,0,15,2,0.6,False
26366,0,0,18,3,0.5,False
26465,0,0,18,2,0.6666666666666666,False
26470,0,0,18,3,0.6666666666666666,False
26624,0,0,12,2,0.5,True
26628,0,0,15,3,0.6,False
26824,0,0,21,3,0.5714285714285714,False
26844,0,0,18,3,0.6666666666666666,False
26927,0,0,12,1,1.0,False
27058,0,0,15,2,0.8,False
27064,0,0,15,3,0.6,False
27146,0,0,18,3,0.6666666666666666,False
27227,0,0,18,2,0.6666666666666666,False
27248,0,0,18,3,0.6666666666666666,False
27262,0,0,12,1,1.0,False
27493,0,0,18,2,0.6666666666666666,False
27507,0,0,18,3,0.6666666666666666,False
27546,0,0,21,4,0.5714285714285714,False
27648,0,0,21,3,0.5714285714285714,False
27710,0,0,21,3,0.5714285714285714,False
28081,0,0,18,3,0.6666666666666666,False
28107,0,0,18,3,0.6666666666666666,False
28441,0,0,21,4,0.5714285714285714,False
28448,0,0,18,3,0.6666666666666666,False
28515,0,0,21,3,0.5714285714285714,False
28534,0,0,21,4,0.5714285714285714,False
28689,0,0,21,3,0.5714285714285714,False
28738,0,0,18,3,0.6666666666666666,False
28974,0,0,21,4,0.5714285714285714,False
28989,0,0,18,3,0.6666666666666666,False
29033,0,0,18,3,0.6666666666666666,False
29051,0,0,18,3,0.6666666666666666,False
29054,0,0,21,3,0.5714285714285714,False
29078,0,0,21,3,0.5714285714285714,False
29251,0,0,18,3,0.6666666666666666,False
29336,0,0,15,2,0.8,False
29463,0,0,18,3,0.6666666666666666,False
29568,0,0,9,2,0.6666666666666666,False
29671,0,0,15,2,0.8,False
29792,0,0,21,3,0.5714285714285714,False
29917,0,0,15,2,0.8,False
46737,0,0,18,3,0.6666666666666666,False
46983,0,0,15,2,0.8,False
46997,0,0,18,3,0.6666666666666666,False
47059,0,0,21,3,0.5714285714285714,False
47283,0,0,21,3,0.5714285714285714,False
47414,0,0,18,3,0.6666666666666666,False
47470,0,0,15,2,0.8,False
47618,0,0,15,2,0.8,False
47701,0,0,18,3,0.6666666666666666,False
47862,0,0,15,3,0.6,False
47924,0,0,18,3,0.6666666666666666,False
48043,0,0,18,3,0.6666666666666666,False
17317,0,0,21,3,0.5714285714285714,False
17414,0,0,18,3,0.6666666666666666,False
17419,0,0,21,3,0.5714285714285714,False
17461,0,0,18,3,0.6666666666666666,False
17464,0,0,21,4,0.5714285714285714,False
17533,0,0,18,3,0.6666666666666666,False
17578,0,0,18,2,0.6666666666666666,False
17629,0,0,21,4,0.5714285714285714,False
17630,0,0,18,3,0.6666666666666666,False
17659,0,0,21,4,0.5714285714285714,False
17697,0,0,18,3,0.6666666666666666,False
17701,0,0,15,2,0.8,False
17774,0,0,15,2,0.8,False
17814,0,0,18,3,0.6666666666666666,False
17825,0,0,21,3,0.5714285714285714,False
17897,0,0,18,3,0.6666666666666666,False
17899,0,0,15,3,0.6,False
17925,0,0,15,2,0.8,False
17929,0,0,15,2,0.6,False
18019,0,0,18,3,0.6666666666666666,False
18022,0,0,18,4,0.5,False
18057,0,0,21,4,0.5714285714285714,False
18155,0,0,18,3,0.6666666666666666,False
18167,0,0,18,3,0.6666666666666666,False
18183,0,0,21,3,0.5714285714285714,False
18253,0,0,21,3,0.5714285714285714,False
18347,0,0,18,3,0.6666666666666666,False
18401,0,0,21,4,0.5714285714285714,False
18430,0,0,18,3,0.6666666666666666,False
18435,0,0,21,4,0.5714285714285714,False
18527,0,0,15,2,0.8,False
18558,0,0,18,2,0.6666666666666666,False
18561,0,0,15,2,0.8,False
18675,0,0,15,2,0.8,False
19165,0,0,21,3,0.5714285714285714,False
19174,0,0,18,3,0.6666666666666666,False
19272,0,0,21,3,0.5714285714285714,False
19356,0,0,15,2,0.8,False
19532,0,0,21,3,0.5714285714285714,False
19573,0,0,21,3,0.5714285714285714,False
19669,0,0,18,3,0.6666666666666666,False
19676,0,0,18,3,0.6666666666666666,False
19768,0,0,15,2,0.8,False
19848,0,0,18,3,0.6666666666666666,False
19926,0,0,21,3,0.5714285714285714,False
19931,0,0,15,2,0.8,False
20085,0,0,18,3,0.6666666666666666,False
20379,0,0,18,3,0.6666666666666666,False
20402,0,0,18,3,0.6666666666666666,False
20429,0,0,21,3,0.5714285714285714,False
20441,0,0,18,3,0.6666666666666666,False
20560,0,0,15,2,0.8,False
20612,0,0,18,3,0.6666666666666666,False
20890,0,0,21,3,0.5714285714285714,False
20948,0,0,18,3,0.6666666666666666,False
20953,0,0,18,3,0.6666666666666666,False
20962,0,0,21,3,0.5714285714285714,False
21186,0,0,21,3,0.5714285714285714,False
21191,0,0,21,4,0.5714285714285714,False
21194,0,0,21,4,0.5714285714285714,False
21392,0,0,21,3,0.5714285714285714,False
21402,0,0,21,3,0.5714285714285714,False
21418,0,0,18,3,0.6666666666666666,False
21468,0,0,21,4,0.5714285714285714,False
21656,0,0,18,3,0.6666666666666666,False
21720,0,0,18,3,0.6666666666666666,False
21739,0,0,18,3,0.6666666666666666,False
21945,0,0,18,3,0.6666666666666666,False
21951,0,0,15,2,0.8,False
22066,0,0,21,3,0.5714285714285714,False
22083,0,0,18,3,0.6666666666666666,False
22331,0,0,18,3,0.6666666666666666,False
22345,0,0,15,2,0.8,False
22362,0,0,21,3,0.5714285714285714,False
22389,0,0,15,2,0.8,False
22438,0,0,18,3,0.6666666666666666,False
22459,0,0,15,2,0.8,False
22694,0,0,18,3,0.6666666666666666,False
22733,0,0,18,3,0.6666666666666666,False
22798,0,0,15,2,0.8,False
22818,0,0,18,3,0.6666666666666666,False
22826,0,0,21,3,0.5714285714285714,False
23020,0,0,18,3,0.6666666666666666,False
23165,0,0,18,3,0.6666666666666666,False
23190,0,0,18,3,0.6666666666666666,False
23278,0,0,21,3,0.5714285714285714,False
23425,0,0,21,3,0.5714285714285714,False
23663,0,0,18,3,0.6666666666666666,False
23698,0,0,18,3,0.6666666666666666,False
23705,0,0,15,2,0.8,False
23800,0,0,18,3,0.6666666666666666,False
23901,0,0,18,3,0.6666666666666666,False
23929,0,0,18,3,0.6666666666666666,False
24088,0,0,18,3,0.6666666666666666,False
24120,0,0,21,3,0.5714285714285714,False
24131,0,0,18,3,0.6666666666666666,False
24343,0,0,18,3,0.6666666666666666,False
24351,0,0,15,2,0.8,False
24578,0,0,15,2,0.8,False
24589,0,0,21,4,0.5714285714285714,False
24860,0,0,21,3,0.5714285714285714,False
24935,0,0,18,3,0.6666666666666666,False
24959,0,0,18,3,0.6666666666666666,False
24992,0,0,15,2,0.8,False
25047,0,0,21,3,0.5714285714285714,False
25079,0,0,21,4,0.5714285714285714,False
25211,0,0,18,2,0.6666666666666666,False
25214,0,0,18,3,0.6666666666666666,False
25325,0,0,18,3,0.6666666666666666,False
25343,0,0,21,3,0.5714285714285714,False
25508,0,0,18,3,0.6666666666666666,False
25509,0,0,15,2,0.8,False
25605,0,0,18,3,0.6666666666666666,False
25706,0,0,18,3,0.6666666666666666,False
25741,0,0,12,2,0.75,False
25816,0,0,21,4,0.5714285714285714,False
25831,0,0,15,2,0.8,False
25987,0,0,18,3,0.6666666666666666,False
26046,0,0,18,3,0.6666666666666666,False
26051,0,0,15,2,0.8,False
26107,0,0,18,3,0.6666666666666666,False
26221,0,0,18,3,0.6666666666666666,False
26328,0,0,15,2,0.8,False
26334,0,0,15,2,0.8,False
26489,0,0,15,2,0.8,False
26497,0,0,12,1,1.0,False
26649,0,0,9,1,1.0,False
26661,0,0,18,3,0.6666666666666666,False
26712,0,0,18,3,0.6666666666666666,False
26786,0,0,18,3,0.6666666666666666,False
26837,0,0,15,2,0.6,False
26941,0,0,21,2,0.5714285714285714,False
27091,0,0,15,2,0.8,False
27177,0,0,18,3,0.6666666666666666,False
27277,0,0,15,2,0.8,False
27304,0,0,21,4,0.5714285714285714,False
27370,0,0,18,3,0.6666666666666666,False
27526,0,0,18,3,0.6666666666666666,False
27573,0,0,21,3,0.5714285714285714,False
27589,0,0,21,4,0.5714285714285714,False
27654,0,0,18,3,0.6666666666666666,False
27736,0,0,18,3,0.6666666666666666,False
27744,0,0,15,2,0.8,False
28142,0,0,18,2,0.6666666666666666,False
28151,0,0,18,3,0.6666666666666666,False
28192,0,0,18,3,0.6666666666666666,False
28486,0,0,18,3,0.6666666666666666,False
28632,0,0,18,3,0.6666666666666666,False
28637,0,0,18,3,0.6666666666666666,False
28702,0,0,18,3,0.6666666666666666,False
28762,0,0,21,3,0.5714285714285714,False
29065,0,0,18,3,0.6666666666666666,False
29075,0,0,21,3,0.5714285714285714,False
29111,0,0,18,3,0.6666666666666666,False
29302,0,0,18,3,0.6666666666666666,False
29320,0,0,21,3,0.5714285714285714,False
29363,0,0,15,2,0.8,False
29482,0,0,15,2,0.6,False
29571,0,0,15,2,0.8,False
29685,0,0,18,3,0.6666666666666666,False
29692,0,0,18,3,0.6666666666666666,False
29787,0,0,18,3,0.6666666666666666,False
29818,0,0,15,3,0.6,False
29844,0,0,18,3,0.6666666666666666,False
29879,0,0,18,3,0.6666666666666666,False
29907,0,0,18,3,0.6666666666666666,False
46739,0,0,18,3,0.6666666666666666,False
46800,0,0,15,2,0.8,False
46921,0,0,18,3,0.6666666666666666,False
47106,0,0,15,2,0.8,False
47122,0,0,18,3,0.6666666666666666,False
47126,0,0,18,3,0.6666666666666666,False
47132,0,0,15,2,0.8,False
47147,0,0,15,2,0.8,False
47249,0,0,21,3,0.5714285714285714,False
47459,0,0,18,3,0.6666666666666666,False
47531,0,0,15,2,0.8,False
47548,0,0,18,3,0.6666666666666666,False
47778,0,0,21,3,0.5714285714285714,False
47838,0,0,18,3,0.6666666666666666,False
47916,0,0,15,2,0.8,False
17326,0,0,21,3,0.5714285714285714,False
17375,0,0,21,3,0.5714285714285714,False
17483,0,0,21,3,0.5714285714285714,False
17563,0,0,21,3,0.5714285714285714,False
17565,0,0,21,3,0.5714285714285714,False
17636,0,0,18,3,0.6666666666666666,False
17639,0,0,21,3,0.5714285714285714,False
17710,0,0,18,3,0.5,False
17714,0,0,18,3,0.6666666666666666,False
17780,0,0,21,3,0.5714285714285714,False
17781,0,0,21,3,0.5714285714285714,False
17832,0,0,18,2,0.6666666666666666,False
17836,0,0,21,3,0.5714285714285714,False
17865,0,0,21,3,0.5714285714285714,False
17932,0,0,18,3,0.6666666666666666,False
18043,0,0,21,3,0.5714285714285714,False
18048,0,0,21,3,0.5714285714285714,False
18170,0,0,15,2,0.6,False
18174,0,0,21,3,0.5714285714285714,False
18193,0,0,18,3,0.6666666666666666,False
18196,0,0,21,3,0.5714285714285714,False
18265,0,0,21,3,0.5714285714285714,False
18268,0,0,21,3,0.5714285714285714,False
18312,0,0,18,3,0.6666666666666666,False
18356,0,0,21,3,0.5714285714285714,False
18426,0,0,21,3,0.5714285714285714,False
18441,0,0,21,2,0.5714285714285714,False
18452,0,0,21,3,0.5714285714285714,False
18453,0,0,21,3,0.5714285714285714,False
18488,0,0,12,3,0.5,False
18568,0,0,18,3,0.6666666666666666,False
18570,0,0,15,2,0.8,False
18580,0,0,21,3,0.5714285714285714,False
18679,0,0,18,3,0.6666666666666666,False
18687,0,0,18,2,0.6666666666666666,False
19204,0,0,21,3,0.5714285714285714,False
19209,0,0,21,3,0.5714285714285714,False
19341,0,0,21,3,0.5714285714285714,False
19378,0,0,18,3,0.6666666666666666,False
19388,0,0,21,3,0.5714285714285714,False
19697,0,0,21,3,0.5714285714285714,False
19704,0,0,18,2,0.6666666666666666,False
19882,0,0,18,3,0.6666666666666666,False
19884,0,0,15,2,0.8,False
19916,0,0,21,3,0.5714285714285714,False
19952,0,0,21,3,0.5714285714285714,False
19958,0,0,15,2,0.8,False
20122,0,0,21,3,0.5714285714285714,False
20181,0,0,21,3,0.5714285714285714,False
20186,0,0,18,2,0.6666666666666666,False
20468,0,0,15,2,0.8,False
20478,0,0,18,2,0.6666666666666666,False
20544,0,0,18,3,0.6666666666666666,False
20578,0,0,21,3,0.5714285714285714,False
20602,0,0,21,3,0.5714285714285714,False
20634,0,0,21,2,0.5714285714285714,False
20972,0,0,18,3,0.6666666666666666,False
20982,0,0,21,3,0.5714285714285714,False
21016,0,0,18,3,0.6666666666666666,False
21023,0,0,21,3,0.5714285714285714,False
21034,0,0,18,3,0.6666666666666666,False
21147,0,0,18,2,0.6666666666666666,False
21220,0,0,18,3,0.6666666666666666,False
21227,0,0,18,3,0.5,False
21458,0,0,18,3,0.6666666666666666,False
21670,0,0,21,3,0.5714285714285714,False
21735,0,0,18,3,0.6666666666666666,False
21762,0,0,15,2,0.8,False
22032,0,0,21,3,0.5714285714285714,False
22138,0,0,21,3,0.5714285714285714,False
22145,0,0,21,3,0.5714285714285714,False
22404,0,0,18,3,0.6666666666666666,False
22418,0,0,18,3,0.6666666666666666,False
22444,0,0,21,3,0.5714285714285714,False
22462,0,0,21,3,0.5714285714285714,False
22499,0,0,18,3,0.6666666666666666,False
22504,0,0,21,3,0.5714285714285714,False
22830,0,0,21,3,0.5714285714285714,False
22848,0,0,21,3,0.5714285714285714,False
22854,0,0,18,3,0.6666666666666666,False
22862,0,0,18,2,0.6666666666666666,False
22869,0,0,18,3,0.5,False
22964,0,0,18,2,0.6666666666666666,False
23032,0,0,18,2,0.6666666666666666,False
23204,0,0,15,2,0.8,False
23211,0,0,21,3,0.5714285714285714,False
23291,0,0,18,3,0.6666666666666666,False
23297,0,0,18,2,0.6666666666666666,False
23371,0,0,21,3,0.5714285714285714,False
23677,0,0,21,3,0.5714285714285714,False
23738,0,0,21,3,0.5714285714285714,False
23745,0,0,18,2,0.6666666666666666,False
23912,0,0,21,3,0.5714285714285714,False
23944,0,0,21,3,0.5714285714285714,False
23950,0,0,21,3,0.5714285714285714,False
24115,0,0,18,2,0.6666666666666666,False
24152,0,0,21,3,0.5714285714285714,False
24160,0,0,18,2,0.6666666666666666,False
24182,0,0,18,3,0.6666666666666666,False
24372,0,0,18,3,0.5,False
24377,0,0,18,2,0.6666666666666666,False
24423,0,0,18,2,0.6666666666666666,False
24636,0,0,18,3,0.6666666666666666,False
24643,0,0,15,2,0.6,False
24663,0,0,18,2,0.6666666666666666,False
24855,0,0,21,2,0.5714285714285714,False
24973,0,0,21,3,0.5714285714285714,False
24980,0,0,15,2,0.6,False
25031,0,0,21,3,0.5714285714285714,False
25094,0,0,18,3,0.6666666666666666,False
25096,0,0,21,3,0.5714285714285714,False
25234,0,0,18,3,0.6666666666666666,False
25351,0,0,18,2,0.6666666666666666,False
25533,0,0,18,3,0.6666666666666666,False
25551,0,0,21,3,0.5714285714285714,False
25560,0,0,18,3,0.6666666666666666,False
25629,0,0,21,3,0.5714285714285714,False
25720,0,0,15,3,0.6,False
25747,0,0,18,2,0.6666666666666666,False
25828,0,0,18,3,0.6666666666666666,False
25841,0,0,18,2,0.6666666666666666,False
26029,0,0,18,2,0.6666666666666666,False
26133,0,0,15,3,0.6,False
26143,0,0,15,3,0.6,False
26206,0,0,21,3,0.5714285714285714,False
26353,0,0,15,2,0.8,False
26361,0,0,18,2,0.6666666666666666,False
26411,0,0,9,1,1.0,False
26522,0,0,15,2,0.8,False
26681,0,0,18,2,0.6666666666666666,False
26686,0,0,12,2,0.75,False
26799,0,0,21,3,0.5714285714285714,False
26864,0,0,12,2,0.5,True
26963,0,0,15,2,0.8,False
27106,0,0,18,2,0.6666666666666666,False
27160,0,0,21,3,0.5714285714285714,False
27301,0,0,18,2,0.6666666666666666,False
27334,0,0,12,1,1.0,False
27393,0,0,21,3,0.5714285714285714,False
27668,0,0,15,3,0.6,False
27691,0,0,18,3,0.6666666666666666,False
27699,0,0,21,3,0.5714285714285714,False
27764,0,0,21,3,0.5714285714285714,False
27774,0,0,18,3,0.6666666666666666,False
27799,0,0,18,3,0.5,False
28162,0,0,18,3,0.6666666666666666,False
28181,0,0,18,3,0.6666666666666666,False
28194,0,0,21,3,0.5714285714285714,False
28238,0,0,21,3,0.5714285714285714,False
28250,0,0,21,3,0.5714285714285714,False
28528,0,0,21,3,0.5714285714285714,False
28536,0,0,21,3,0.5714285714285714,False
28662,0,0,18,3,0.6666666666666666,False
28668,0,0,18,2,0.6666666666666666,False
28727,0,0,21,3,0.5714285714285714,False
28783,0,0,21,3,0.5714285714285714,False
29124,0,0,21,3,0.5714285714285714,False
29141,0,0,15,2,0.8,False
29174,0,0,21,3,0.5714285714285714,False
29201,0,0,18,2,0.6666666666666666,False
29279,0,0,18,3,0.6666666666666666,False
29291,0,0,21,3,0.5714285714285714,False
29345,0,0,18,2,0.6666666666666666,False
29516,0,0,15,2,0.8,False
29524,0,0,15,3,0.6,False
29528,0,0,15,2,0.8,False
29716,0,0,15,3,0.6,False
29802,0,0,18,2,0.6666666666666666,False
29820,0,0,18,3,0.6666666666666666,False
29919,0,0,18,3,0.5,False
46740,0,0,21,3,0.5714285714285714,False
46758,0,0,15,2,0.8,False
46775,0,0,18,3,0.6666666666666666,False
46955,0,0,18,3,0.6666666666666666,False
46998,0,0,21,3,0.5714285714285714,False
47163,0,0,18,3,0.6666666666666666,False
47172,0,0,21,3,0.5714285714285714,False
47181,0,0,18,3,0.6666666666666666,False
47200,0,0,18,2,0.6666666666666666,False
47453,0,0,6,1,1.0,False
47507,0,0,15,3,0.6,False
47748,0,0,21,2,0.5714285714285714,False
47855,0,0,21,3,0.5714285714285714,False
47897,0,0,18,2,0.6666666666666666,False
18108,0,0,12,2,0.5,True
20251,0,0,21,3,0.5714285714285714,False
22305,0,0,12,3,0.5,False
22780,0,0,15,3,0.6,False
23006,0,0,15,3,0.4,True
24837,0,0,12,2,0.75,False
28088,0,0,12,2,0.75,False
29903,0,0,21,3,0.42857142857142855,True
47097,0,0,12,2,0.5,True
20092,0,0,12,3,0.5,False
20876,0,0,15,3,0.6,False
24611,0,0,15,3,0.6,False
25518,0,0,12,2,0.75,False
26407,0,0,15,2,0.6,False
26947,0,0,6,1,1.0,False
27029,0,0,18,2,0.5,True
27080,0,0,12,2,0.5,True
28211,0,0,12,2,0.75,False
29490,0,0,12,2,0.75,False
17906,0,0,12,2,0.5,True
18656,0,0,16,2,0.75,False
21501,0,0,18,3,0.5,False
25025,0,0,15,3,0.6,False
26716,0,0,6,2,0.5,True
47608,0,0,12,3,0.5,False
18248,0,0,12,2,0.75,False
19429,0,0,12,2,0.75,False
20870,0,0,18,2,0.6666666666666666,False
23680,0,1,15,2,0.6,False
24551,0,0,12,2,0.5,True
25041,0,0,18,2,0.5,True
25488,0,0,18,2,0.5,True
25809,0,0,18,2,0.6666666666666666,False
27267,0,0,15,2,0.6,False
28621,0,0,18,2,0.6666666666666666,False
47624,0,0,15,2,0.6,False
17931,0,0,15,2,0.6,False
18349,0,0,18,2,0.6666666666666666,False
20572,0,0,15,2,0.6,False
22836,0,0,15,2,0.8,False
23395,0,0,12,2,0.75,False
24619,0,0,15,2,0.6,False
24966,0,0,18,2,0.5,True
25349,0,0,12,2,0.5,True
25535,0,0,15,2,0.8,False
26794,0,0,18,2,0.6666666666666666,False
26956,0,0,18,2,0.5,True
27101,0,0,12,2,0.5,True
28971,0,0,17,2,0.5294117647058824,False
23958,0,0,12,2,0.75,False
25845,0,0,15,3,0.6,False
26054,0,0,18,2,0.6666666666666666,False
26146,0,0,18,2,0.5,True
46777,0,0,15,2,0.6,False
46780,0,0,9,2,0.6666666666666666,False
26644,0,0,12,2,0.5,True
23881,0,0,15,2,0.6,False
26568,0,0,12,2,0.75,False
26666,0,0,9,2,0.6666666666666666,False
25289,0,0,15,2,0.6,False
20295,0,1,12,3,0.5,False
47473,0,0,15,3,0.4,True
18542,0,1,15,2,0.6,False
47450,0,1,9,2,0.6666666666666666,False
26872,0,1,9,2,0.6666666666666666,False
90033,1,1,9,1,1.0,False
90057,1,1,9,1,1.0,False
90081,1,1,9,1,1.0,False
90105,1,1,6,1,1.0,False
90129,1,1,9,1,1.0,False
90153,1,1,9,1,1.0,False
90201,1,1,9,1,1.0,False
90225,1,1,9,1,1.0,False
90249,1,1,9,1,1.0,False
90273,1,1,6,1,1.0,False
90321,1,1,6,1,1.0,False
90345,1,1,9,1,1.0,False
90369,1,1,9,1,1.0,False
90393,1,1,6,1,1.0,False
90417,1,1,9,1,1.0,False
90465,2,1,9,2,0.6666666666666666,False
90513,2,1,9,2,0.6666666666666666,False
90537,2,1,9,2,0.6666666666666666,False
90609,2,1,9,2,0.6666666666666666,False
90657,2,1,9,2,0.6666666666666666,False
90705,2,1,9,2,0.6666666666666666,False
90729,2,1,9,2,0.6666666666666666,False
90753,2,1,9,2,0.6666666666666666,False
90801,2,2,6,2,0.5,True
90825,2,1,9,2,0.6666666666666666,False
90849,2,1,9,2,0.6666666666666666,False
90873,2,1,9,2,0.6666666666666666,False
90921,2,1,9,2,0.6666666666666666,False
90945,2,1,9,2,0.6666666666666666,False
90969,2,1,9,2,0.6666666666666666,False
91017,3,1,9,2,0.6666666666666666,False
91065,3,1,9,2,0.6666666666666666,False
91089,3,1,9,2,0.6666666666666666,False
91113,3,1,9,2,0.6666666666666666,False
91137,3,1,9,2,0.6666666666666666,False
91161,3,1,9,2,0.6666666666666666,False
91185,3,1,9,2,0.6666666666666666,False
91209,3,1,9,2,0.6666666666666666,False
91233,3,1,9,2,0.6666666666666666,False
91257,3,3,6,2,0.5,True
91281,3,1,9,2,0.6666666666666666,False
91305,3,1,9,2,0.6666666666666666,False
91353,3,3,6,2,0.5,True
91401,3,3,6,2,0.5,True
91473,3,1,9,2,0.6666666666666666,False
91497,3,1,9,2,0.6666666666666666,False
91521,3,1,9,2,0.6666666666666666,False
91569,3,1,9,2,0.6666666666666666,False
91593,3,3,6,2,0.5,True
91617,3,1,9,2,0.6666666666666666,False
91641,3,1,9,2,0.6666666666666666,False
91713,3,1,9,2,0.6666666666666666,False
91761,4,1,9,2,0.6666666666666666,False
91785,4,1,9,2,0.6666666666666666,False
91833,4,4,6,2,0.5,True
91857,4,1,9,2,0.6666666666666666,False
91905,4,1,9,2,0.6666666666666666,False
91929,4,1,9,2,0.6666666666666666,False
91953,4,1,9,2,0.6666666666666666,False
92001,4,1,9,2,0.6666666666666666,False
92049,4,1,9,2,0.6666666666666666,False
92073,4,1,9,2,0.6666666666666666,False
92097,4,1,9,2,0.6666666666666666,False
92121,4,1,9,2,0.6666666666666666,False
92169,5,1,9,2,0.6666666666666666,False
92193,5,1,9,2,0.6666666666666666,False
90002,1,1,9,1,1.0,False
90026,1,1,9,1,1.0,False
90074,1,1,9,1,1.0,False
90098,1,1,9,1,1.0,False
90146,1,1,9,1,1.0,False
90170,1,1,9,1,1.0,False
90218,1,1,9,1,1.0,False
90242,1,1,6,1,1.0,False
90266,1,1,9,1,1.0,False
90290,1,1,9,1,1.0,False
90338,1,1,9,1,1.0,False
90362,1,1,9,1,1.0,False
90386,1,1,9,1,1.0,False
90410,1,1,9,1,1.0,False
90482,2,1,9,2,0.6666666666666666,False
90506,2,1,9,2,0.6666666666666666,False
90554,2,1,9,2,0.6666666666666666,False
90578,2,1,9,2,0.6666666666666666,False
90602,2,2,6,2,0.5,True
90650,2,1,9,2,0.6666666666666666,False
90698,2,1,9,2,0.6666666666666666,False
90746,2,1,9,2,0.6666666666666666,False
90770,2,1,9,2,0.6666666666666666,False
90794,2,1,9,2,0.6666666666666666,False
90818,2,1,9,2,0.6666666666666666,False
90842,2,1,9,2,0.6666666666666666,False
90866,2,1,9,2,0.6666666666666666,False
90890,2,2,6,2,0.5,True
90914,2,1,9,2,0.6666666666666666,False
90938,2,1,9,2,0.6666666666666666,False
90962,2,1,9,2,0.6666666666666666,False
90986,3,1,9,2,0.6666666666666666,False
91010,3,1,9,2,0.6666666666666666,False
91034,3,1,9,2,0.6666666666666666,False
91058,3,3,6,2,0.5,True
91130,3,1,9,2,0.6666666666666666,False
91202,3,1,9,2,0.6666666666666666,False
91226,3,1,9,2,0.6666666666666666,False
91250,3,1,9,2,0.6666666666666666,False
91298,3,1,9,2,0.6666666666666666,False
91322,3,1,9,2,0.6666666666666666,False
91346,3,1,9,2,0.6666666666666666,False
91418,3,1,9,2,0.6666666666666666,False
91466,3,1,9,2,0.6666666666666666,False
91562,3,1,9,2,0.6666666666666666,False
91610,3,1,9,2,0.6666666666666666,False
91634,3,1,9,2,0.6666666666666666,False
91658,3,1,9,2,0.6666666666666666,False
91682,3,1,9,2,0.6666666666666666,False
91730,4,1,9,2,0.6666666666666666,False
91778,4,1,9,2,0.6666666666666666,False
91802,4,1,9,2,0.6666666666666666,False
91826,4,1,9,2,0.6666666666666666,False
91922,4,1,9,2,0.6666666666666666,False
91970,4,1,9,2,0.6666666666666666,False
92018,4,4,6,2,0.5,True
92042,4,1,9,2,0.6666666666666666,False
92090,4,1,9,2,0.6666666666666666,False
92114,4,1,9,2,0.6666666666666666,False
92138,5,1,9,2,0.6666666666666666,False
92186,5,1,9,2,0.6666666666666666,False
92210,5,1,9,2,0.6666666666666666,False
92306,5,1,9,2,0.6666666666666666,False
92354,5,1,9,2,0.6666666666666666,False
90017,1,1,7,1,1.0,False
90041,1,1,4,1,1.0,False
90065,1,1,7,1,1.0,False
90089,1,1,7,1,1.0,False
90137,1,1,7,1,1.0,False
90161,1,1,7,1,1.0,False
90185,1,1,7,1,1.0,False
90209,1,1,7,1,1.0,False
90233,1,1,7,1,1.0,False
90257,1,1,3,1,1.0,False
90281,1,1,6,1,1.0,False
90305,1,1,6,1,1.0,False
90353,1,1,7,1,1.0,False
90401,1,1,7,1,1.0,False
90425,1,1,7,1,1.0,False
90449,2,1,7,2,0.5714285714285714,False
90497,2,1,7,2,0.5714285714285714,False
90521,2,1,7,2,0.5714285714285714,False
90545,2,1,7,2,0.5714285714285714,False
90593,2,1,7,2,0.5714285714285714,False
90617,2,1,7,2,0.5714285714285714,False
90641,2,1,7,2,0.5714285714285714,False
90665,2,1,7,2,0.5714285714285714,False
90689,2,2,6,2,0.5,True
90713,2,2,6,2,0.5,True
90737,2,2,6,2,0.5,True
90761,2,1,7,2,0.5714285714285714,False
90785,2,1,7,2,0.5714285714285714,False
90809,2,2,6,2,0.5,True
90833,2,1,7,2,0.5714285714285714,False
90857,2,1,7,2,0.5714285714285714,False
90881,2,1,7,2,0.5714285714285714,False
90905,2,1,7,2,0.5714285714285714,False
90929,2,1,7,2,0.5714285714285714,False
90977,2,1,7,2,0.5714285714285714,False
91001,3,1,7,2,0.5714285714285714,False
91025,3,1,7,2,0.5714285714285714,False
91049,3,1,7,2,0.5714285714285714,False
91097,3,1,7,2,0.5714285714285714,False
91121,3,1,7,2,0.5714285714285714,False
91145,3,1,7,2,0.5714285714285714,False
91169,3,1,7,2,0.5714285714285714,False
91217,3,1,7,2,0.5714285714285714,False
91241,3,1,7,2,0.5714285714285714,False
91265,3,1,7,2,0.5714285714285714,False
91289,3,1,7,2,0.5714285714285714,False
91337,3,3,6,2,0.5,True
91361,3,1,7,2,0.5714285714285714,False
91385,3,1,7,2,0.5714285714285714,False
91409,3,1,7,2,0.5714285714285714,False
91433,3,1,7,2,0.5714285714285714,False
91457,3,1,7,2,0.5714285714285714,False
91481,3,1,7,2,0.5714285714285714,False
91505,3,1,7,2,0.5714285714285714,False
91553,3,1,7,2,0.5714285714285714,False
91577,3,1,7,2,0.5714285714285714,False
91601,3,1,7,2,0.5714285714285714,False
91625,3,1,7,2,0.5714285714285714,False
91673,3,1,7,2,0.5714285714285714,False
91697,3,1,7,2,0.5714285714285714,False
91721,4,1,7,2,0.5714285714285714,False
91769,4,1,7,2,0.5714285714285714,False
91793,4,1,7,2,0.5714285714285714,False
91817,4,1,7,2,0.5714285714285714,False
91841,4,1,7,2,0.5714285714285714,False
91865,4,1,7,2,0.5714285714285714,False
91889,4,1,7,2,0.5714285714285714,False
91913,4,1,7,2,0.5714285714285714,False
91985,4,1,7,2,0.5714285714285714,False
92009,4,1,7,2,0.5714285714285714,False
92033,4,1,7,2,0.5714285714285714,False
92057,4,1,7,2,0.5714285714285714,False
92081,4,1,7,2,0.5714285714285714,False
92105,4,1,7,2,0.5714285714285714,False
92129,4,1,7,2,0.5714285714285714,False
92153,5,1,7,2,0.5714285714285714,False
92177,5,1,7,2,0.5714285714285714,False
92225,5,1,7,2,0.5714285714285714,False
92249,5,1,7,2,0.5714285714285714,False
92321,5,1,7,2,0.5714285714285714,False
92345,5,1,7,2,0.5714285714285714,False
92369,5,1,7,2,0.5714285714285714,False
90032,1,1,9,1,1.0,False
90056,1,1,9,1,1.0,False
90080,1,1,9,1,1.0,False
90128,1,1,9,1,1.0,False
90176,1,1,9,1,1.0,False
90200,1,1,9,1,1.0,False
90224,1,1,9,1,1.0,False
90248,1,1,9,1,1.0,False
90272,1,1,9,1,1.0,False
90296,1,1,9,1,1.0,False
90320,1,1,6,1,1.0,False
90392,1,1,9,1,1.0,False
90440,1,1,9,1,1.0,False
90464,2,1,9,2,0.6666666666666666,False
90560,2,2,6,2,0.5,True
90584,2,1,9,2,0.6666666666666666,False
90608,2,1,9,2,0.6666666666666666,False
90632,2,1,9,2,0.6666666666666666,False
90704,2,1,9,2,0.6666666666666666,False
90728,2,1,9,2,0.6666666666666666,False
90752,2,1,9,2,0.6666666666666666,False
90800,2,1,9,2,0.6666666666666666,False
90824,2,2,6,2,0.5,True
90848,2,2,6,2,0.5,True
90872,2,1,9,2,0.6666666666666666,False
90896,2,1,9,2,0.6666666666666666,False
90920,2,1,9,2,0.6666666666666666,False
90968,2,1,9,2,0.6666666666666666,False
90992,3,1,9,2,0.6666666666666666,False
91016,3,1,9,2,0.6666666666666666,False
91064,3,1,9,2,0.6666666666666666,False
91088,3,1,9,2,0.6666666666666666,False
91112,3,1,9,2,0.6666666666666666,False
91136,3,1,9,2,0.6666666666666666,False
91160,3,1,9,2,0.6666666666666666,False
91184,3,1,9,2,0.6666666666666666,False
91208,3,1,9,2,0.6666666666666666,False
91256,3,1,9,2,0.6666666666666666,False
91280,3,1,9,2,0.6666666666666666,False
91304,3,1,9,2,0.6666666666666666,False
91328,3,3,6,2,0.5,True
91352,3,1,9,2,0.6666666666666666,False
91400,3,1,9,2,0.6666666666666666,False
91424,3,1,9,2,0.6666666666666666,False
91448,3,1,9,2,0.6666666666666666,False
91472,3,1,9,2,0.6666666666666666,False
91544,3,1,9,2,0.6666666666666666,False
91592,3,1,9,2,0.6666666666666666,False
91640,3,1,9,2,0.6666666666666666,False
91664,3,1,9,2,0.6666666666666666,False
91688,3,1,9,2,0.6666666666666666,False
91712,3,1,9,2,0.6666666666666666,False
91760,4,1,9,2,0.6666666666666666,False
91784,4,1,9,2,0.6666666666666666,False
91808,4,1,9,2,0.6666666666666666,False
91832,4,1,9,2,0.6666666666666666,False
91856,4,1,9,2,0.6666666666666666,False
91880,4,1,9,2,0.6666666666666666,False
91904,4,1,9,2,0.6666666666666666,False
91928,4,1,9,2,0.6666666666666666,False
91952,4,1,9,2,0.6666666666666666,False
91976,4,1,9,2,0.6666666666666666,False
92000,4,1,9,2,0.6666666666666666,False
92024,4,1,9,2,0.6666666666666666,False
92048,4,1,9,2,0.6666666666666666,False
92072,4,1,9,2,0.6666666666666666,False
92096,4,4,6,2,0.5,True
92120,4,1,9,2,0.6666666666666666,False
92144,5,1,9,2,0.6666666666666666,False
92168,5,1,9,2,0.6666666666666666,False
92192,5,1,9,2,0.6666666666666666,False
92216,5,1,9,2,0.6666666666666666,False
92240,5,1,9,2,0.6666666666666666,False
92264,5,1,9,2,0.6666666666666666,False
92288,5,1,9,2,0.6666666666666666,False
92312,5,5,6,2,0.5,True
92336,5,1,9,2,0.6666666666666666,False
92360,5,1,9,2,0.6666666666666666,False
92384,5,1,9,2,0.6666666666666666,False
90037,1,1,8,1,1.0,False
90061,1,1,8,1,1.0,False
90085,1,1,8,1,1.0,False
90109,1,1,8,1,1.0,False
90133,1,1,8,1,1.0,False
90157,1,1,8,1,1.0,False
90181,1,1,8,1,1.0,False
90205,1,1,8,1,1.0,False
90253,1,1,5,1,1.0,False
90277,1,1,6,1,1.0,False
90301,1,1,6,1,1.0,False
90325,1,1,6,1,1.0,False
90397,1,1,8,1,1.0,False
90445,2,2,6,2,0.5,True
90469,2,1,8,2,0.625,False
90493,2,1,8,2,0.625,False
90517,2,1,8,2,0.625,False
90541,2,1,8,2,0.625,False
90565,2,1,8,2,0.625,False
90589,2,1,8,2,0.625,False
90613,2,1,8,2,0.625,False
90637,2,1,8,2,0.625,False
90661,2,1,8,2,0.625,False
90685,2,1,8,2,0.625,False
90709,2,1,8,2,0.625,False
90733,2,1,8,2,0.625,False
90757,2,2,6,2,0.5,True
90781,2,1,8,2,0.625,False
90805,2,1,8,2,0.625,False
90829,2,1,8,2,0.625,False
90853,2,1,8,2,0.625,False
90877,2,1,8,2,0.625,False
90901,2,1,8,2,0.625,False
90949,2,1,8,2,0.625,False
90973,2,1,8,2,0.625,False
90997,3,1,8,2,0.625,False
91021,3,1,8,2,0.625,False
91045,3,1,8,2,0.625,False
91069,3,1,8,2,0.625,False
91093,3,1,8,2,0.625,False
91141,3,1,8,2,0.625,False
91165,3,1,8,2,0.625,False
91189,3,1,8,2,0.625,False
91213,3,1,8,2,0.625,False
91261,3,1,8,2,0.625,False
91285,3,1,8,2,0.625,False
91333,3,1,8,2,0.625,False
91357,3,1,8,2,0.625,False
91381,3,1,8,2,0.625,False
91405,3,1,8,2,0.625,False
91429,3,1,8,2,0.625,False
91453,3,1,8,2,0.625,False
91477,3,1,8,2,0.625,False
91501,3,1,8,2,0.625,False
91525,3,1,8,2,0.625,False
91549,3,1,8,2,0.625,False
91573,3,1,8,2,0.625,False
91597,3,1,8,2,0.625,False
91621,3,1,8,2,0.625,False
91645,3,1,8,2,0.625,False
91669,3,1,8,2,0.625,False
91693,3,1,8,2,0.625,False
91717,3,1,8,2,0.625,False
91741,4,1,8,2,0.625,False
91765,4,1,8,2,0.625,False
91789,4,1,8,2,0.625,False
91813,4,1,8,2,0.625,False
91837,4,1,8,2,0.625,False
91861,4,1,8,2,0.625,False
91885,4,1,8,2,0.625,False
91909,4,1,8,2,0.625,False
91933,4,1,8,2,0.625,False
91957,4,1,8,2,0.625,False
91981,4,1,8,2,0.625,False
92005,4,1,8,2,0.625,False
92029,4,1,8,2,0.625,False
92053,4,1,8,2,0.625,False
92077,4,1,8,2,0.625,False
92101,4,1,8,2,0.625,False
92125,4,1,8,2,0.625,False
92149,5,1,8,2,0.625,False
92173,5,1,8,2,0.625,False
92197,5,1,8,2,0.625,False
92221,5,1,8,2,0.625,False
92245,5,1,8,2,0.625,False
92269,5,1,8,2,0.625,False
92293,5,1,8,2,0.625,False
92317,5,1,8,2,0.625,False
92341,5,5,5,2,0.6,False
92365,5,1,8,2,0.625,False
92389,5,1,8,2,0.625,False
90040,1,1,7,1,1.0,False
90064,1,1,7,1,1.0,False
90088,1,1,7,1,1.0,False
90112,1,1,7,1,1.0,False
90136,1,1,7,1,1.0,False
90160,1,1,7,1,1.0,False
90184,1,1,6,1,1.0,False
90208,1,1,7,1,1.0,False
90232,1,1,7,1,1.0,False
90304,1,1,6,1,1.0,False
90328,1,1,7,1,1.0,False
90352,1,1,7,1,1.0,False
90400,1,1,7,1,1.0,False
90424,1,1,7,1,1.0,False
90448,1,1,7,1,1.0,False
90472,1,1,7,1,1.0,False
90520,1,1,7,1,1.0,False
90544,1,1,7,1,1.0,False
90568,1,1,7,1,1.0,False
90592,1,1,7,1,1.0,False
90616,1,1,7,1,1.0,False
90640,1,1,4,1,1.0,False
90664,1,1,4,1,1.0,False
90688,1,1,7,1,1.0,False
90712,1,1,7,1,1.0,False
90736,1,1,6,1,1.0,False
90760,1,1,7,1,1.0,False
90784,1,1,7,1,1.0,False
90808,1,1,7,1,1.0,False
90832,1,1,7,1,1.0,False
90856,1,1,7,1,1.0,False
90880,1,1,7,1,1.0,False
90904,1,1,7,1,1.0,False
90928,1,1,7,1,1.0,False
90952,1,1,7,1,1.0,False
90976,1,1,7,1,1.0,False
91000,1,1,7,1,1.0,False
91024,1,1,7,1,1.0,False
91048,1,1,7,1,1.0,False
91072,1,1,7,1,1.0,False
91096,1,1,7,1,1.0,False
91120,1,1,7,1,1.0,False
91144,1,1,7,1,1.0,False
91168,1,1,7,1,1.0,False
91192,1,1,7,1,1.0,False
91216,1,1,7,1,1.0,False
91240,1,1,7,1,1.0,False
91264,1,1,7,1,1.0,False
91288,1,1,7,1,1.0,False
91312,1,1,7,1,1.0,False
91336,1,1,7,1,1.0,False
91360,1,1,7,1,1.0,False
91384,1,1,7,1,1.0,False
91408,1,1,7,1,1.0,False
91432,1,1,7,1,1.0,False
91456,1,1,7,1,1.0,False
91480,1,1,7,1,1.0,False
91504,1,1,7,1,1.0,False
91528,1,1,7,1,1.0,False
91552,1,1,7,1,1.0,False
91576,1,1,7,1,1.0,False
91600,1,1,7,1,1.0,False
91624,1,1,7,1,1.0,False
91648,1,1,7,1,1.0,False
91672,1,1,7,1,1.0,False
91696,1,1,7,1,1.0,False
91720,1,1,7,1,1.0,False
91744,1,1,4,1,1.0,False
91768,1,1,7,1,1.0,False
91792,1,1,7,1,1.0,False
91816,1,1,7,1,1.0,False
91840,1,1,7,1,1.0,False
91864,1,1,7,1,1.0,False
91912,1,1,7,1,1.0,False
91936,1,1,7,1,1.0,False
91960,1,1,7,1,1.0,False
91984,1,1,7,1,1.0,False
92008,1,1,7,1,1.0,False
92056,1,1,7,1,1.0,False
92080,1,1,7,1,1.0,False
92104,1,1,7,1,1.0,False
92128,1,1,7,1,1.0,False
92152,1,1,7,1,1.0,False
92176,1,1,7,1,1.0,False
92200,1,1,7,1,1.0,False
92224,1,1,7,1,1.0,False
92248,1,1,7,1,1.0,False
92272,1,1,7,1,1.0,False
92296,1,1,7,1,1.0,False
92320,1,1,7,1,1.0,False
92344,1,1,7,1,1.0,False
92368,1,1,7,1,1.0,False
92392,1,1,7,1,1.0,False
90011,1,1,6,1,1.0,False
90035,1,1,6,1,1.0,False
90059,1,1,6,1,1.0,False
90083,1,1,6,1,1.0,False
90107,1,1,6,1,1.0,False
90131,1,1,3,1,1.0,False
90155,1,1,6,1,1.0,False
90179,1,1,6,1,1.0,False
90203,1,1,6,1,1.0,False
90227,1,1,6,1,1.0,False
90251,1,1,3,1,1.0,False
90275,1,1,6,1,1.0,False
90299,1,1,6,1,1.0,False
90323,1,1,6,1,1.0,False
90347,1,1,3,1,1.0,False
90395,1,1,6,1,1.0,False
90419,1,1,6,1,1.0,False
90443,1,1,6,1,1.0,False
90467,1,1,6,1,1.0,False
90491,1,1,6,1,1.0,False
90515,1,1,6,1,1.0,False
90539,1,1,6,1,1.0,False
90563,1,1,6,1,1.0,False
90587,1,1,6,1,1.0,False
90611,1,1,6,1,1.0,False
90635,1,1,6,1,1.0,False
90659,1,1,6,1,1.0,False
90683,1,1,6,1,1.0,False
90707,1,1,6,1,1.0,False
90731,1,1,6,1,1.0,False
90755,1,1,6,1,1.0,False
90779,1,1,6,1,1.0,False
90803,1,1,6,1,1.0,False
90827,1,1,6,1,1.0,False
90851,1,1,6,1,1.0,False
90875,1,1,6,1,1.0,False
90899,1,1,6,1,1.0,False
90923,1,1,6,1,1.0,False
90947,1,1,6,1,1.0,False
90971,1,1,6,1,1.0,False
90995,1,1,6,1,1.0,False
91019,1,1,3,1,1.0,False
91043,1,1,6,1,1.0,False
91067,1,1,6,1,1.0,False
91091,1,1,6,1,1.0,False
91115,1,1,6,1,1.0,False
91139,1,1,6,1,1.0,False
91163,1,1,6,1,1.0,False
91187,1,1,6,1,1.0,False
91211,1,1,6,1,1.0,False
91235,1,1,6,1,1.0,False
91259,1,1,6,1,1.0,False
91283,1,1,6,1,1.0,False
91307,1,1,6,1,1.0,False
91331,1,1,6,1,1.0,False
91355,1,1,3,1,1.0,False
91379,1,1,6,1,1.0,False
91403,1,1,6,1,1.0,False
91427,1,1,6,1,1.0,False
91451,1,1,6,1,1.0,False
91475,1,1,6,1,1.0,False
91499,1,1,6,1,1.0,False
91523,1,1,3,1,1.0,False
91547,1,1,6,1,1.0,False
91571,1,1,6,1,1.0,False
91595,1,1,6,1,1.0,False
91619,1,1,6,1,1.0,False
91643,1,1,6,1,1.0,False
91667,1,1,6,1,1.0,False
91691,1,1,6,1,1.0,False
91715,1,1,6,1,1.0,False
91739,1,1,6,1,1.0,False
91763,1,1,6,1,1.0,False
91787,1,1,6,1,1.0,False
91811,1,1,6,1,1.0,False
91835,1,1,6,1,1.0,False
91859,1,1,6,1,1.0,False
91883,1,1,6,1,1.0,False
91907,1,1,6,1,1.0,False
91931,1,1,6,1,1.0,False
91955,1,1,6,1,1.0,False
91979,1,1,6,1,1.0,False
92003,1,1,6,1,1.0,False
92027,1,1,6,1,1.0,False
92051,1,1,6,1,1.0,False
92075,1,1,6,1,1.0,False
92099,1,1,6,1,1.0,False
92123,1,1,6,1,1.0,False
92147,1,1,6,1,1.0,False
92195,1,1,6,1,1.0,False
92243,1,1,6,1,1.0,False
92267,1,1,6,1,1.0,False
92291,1,1,6,1,1.0,False
92315,1,1,6,1,1.0,False
92339,1,1,6,1,1.0,False
92363,1,1,6,1,1.0,False
92387,1,1,6,1,1.0,False
90014,1,1,6,1,1.0,False
90038,1,1,6,1,1.0,False
90062,1,1,6,1,1.0,False
90086,1,1,6,1,1.0,False
90110,1,1,6,1,1.0,False
90134,1,1,6,1,1.0,False
90158,1,1,6,1,1.0,False
90182,1,1,6,1,1.0,False
90206,1,1,6,1,1.0,False
90230,1,1,6,1,1.0,False
90278,1,1,6,1,1.0,False
90326,1,1,3,1,1.0,False
90398,1,1,6,1,1.0,False
90446,1,1,6,1,1.0,False
90470,1,1,6,1,1.0,False
90494,1,1,3,1,1.0,False
90518,1,1,6,1,1.0,False
90542,1,1,6,1,1.0,False
90566,1,1,6,1,1.0,False
90590,1,1,6,1,1.0,False
90614,1,1,6,1,1.0,False
90638,1,1,6,1,1.0,False
90662,1,1,3,1,1.0,False
90686,1,1,6,1,1.0,False
90710,1,1,6,1,1.0,False
90734,1,1,6,1,1.0,False
90758,1,1,6,1,1.0,False
90782,1,1,6,1,1.0,False
90830,1,1,6,1,1.0,False
90854,1,1,3,1,1.0,False
90878,1,1,6,1,1.0,False
90902,1,1,6,1,1.0,False
90926,1,1,6,1,1.0,False
90950,1,1,6,1,1.0,False
90974,1,1,6,1,1.0,False
90998,1,1,6,1,1.0,False
91046,1,1,6,1,1.0,False
91070,1,1,6,1,1.0,False
91094,1,1,6,1,1.0,False
91118,1,1,6,1,1.0,False
91142,1,1,6,1,1.0,False
91166,1,1,6,1,1.0,False
91190,1,1,3,1,1.0,False
91214,1,1,6,1,1.0,False
91238,1,1,6,1,1.0,False
91262,1,1,6,1,1.0,False
91286,1,1,6,1,1.0,False
91310,1,1,6,1,1.0,False
91334,1,1,6,1,1.0,False
91358,1,1,6,1,1.0,False
91382,1,1,6,1,1.0,False
91406,1,1,6,1,1.0,False
91430,1,1,6,1,1.0,False
91454,1,1,3,1,1.0,False
91478,1,1,6,1,1.0,False
91526,1,1,6,1,1.0,False
91550,1,1,6,1,1.0,False
91574,1,1,6,1,1.0,False
91598,1,1,6,1,1.0,False
91622,1,1,6,1,1.0,False
91646,1,1,6,1,1.0,False
91670,1,1,6,1,1.0,False
91694,1,1,6,1,1.0,False
91718,1,1,6,1,1.0,False
91742,1,1,6,1,1.0,False
91766,1,1,6,1,1.0,False
91790,1,1,6,1,1.0,False
91814,1,1,6,1,1.0,False
91838,1,1,6,1,1.0,False
91862,1,1,6,1,1.0,False
91886,1,1,6,1,1.0,False
91910,1,1,6,1,1.0,False
91934,1,1,6,1,1.0,False
91958,1,1,6,1,1.0,False
91982,1,1,6,1,1.0,False
92006,1,1,6,1,1.0,False
92030,1,1,6,1,1.0,False
92054,1,1,3,1,1.0,False
92078,1,1,6,1,1.0,False
92102,1,1,6,1,1.0,False
92126,1,1,6,1,1.0,False
92174,1,1,6,1,1.0,False
92198,1,1,6,1,1.0,False
92222,1,1,6,1,1.0,False
92246,1,1,6,1,1.0,False
92270,1,1,6,1,1.0,False
92294,1,1,6,1,1.0,False
92318,1,1,6,1,1.0,False
92342,1,1,6,1,1.0,False
92366,1,1,6,1,1.0,False
92390,1,1,6,1,1.0,False
90019,1,1,3,1,1.0,False
90043,1,1,6,1,1.0,False
90067,1,1,6,1,1.0,False
90091,1,1,6,1,1.0,False
90115,1,1,6,1,1.0,False
90139,1,1,6,1,1.0,False
90163,1,1,6,1,1.0,False
90187,1,1,6,1,1.0,False
90211,1,1,6,1,1.0,False
90259,1,1,3,1,1.0,False
90283,1,1,6,1,1.0,False
90307,1,1,6,1,1.0,False
90355,1,1,6,1,1.0,False
90379,1,1,6,1,1.0,False
90403,1,1,6,1,1.0,False
90427,1,1,6,1,1.0,False
90451,1,1,6,1,1.0,False
90475,1,1,6,1,1.0,False
90499,1,1,6,1,1.0,False
90523,1,1,6,1,1.0,False
90547,1,1,6,1,1.0,False
90571,1,1,6,1,1.0,False
90595,1,1,6,1,1.0,False
90619,1,1,6,1,1.0,False
90643,1,1,6,1,1.0,False
90667,1,1,6,1,1.0,False
90691,1,1,6,1,1.0,False
90715,1,1,6,1,1.0,False
90739,1,1,3,1,1.0,False
90763,1,1,6,1,1.0,False
90787,1,1,6,1,1.0,False
90811,1,1,6,1,1.0,False
90859,1,1,6,1,1.0,False
90883,1,1,6,1,1.0,False
90907,1,1,6,1,1.0,False
90931,1,1,6,1,1.0,False
90955,1,1,6,1,1.0,False
90979,1,1,6,1,1.0,False
91003,1,1,6,1,1.0,False
91027,1,1,6,1,1.0,False
91051,1,1,6,1,1.0,False
91075,1,1,6,1,1.0,False
91099,1,1,6,1,1.0,False
91123,1,1,6,1,1.0,False
91147,1,1,6,1,1.0,False
91171,1,1,6,1,1.0,False
91195,1,1,6,1,1.0,False
91219,1,1,6,1,1.0,False
91243,1,1,6,1,1.0,False
91267,1,1,6,1,1.0,False
91339,1,1,6,1,1.0,False
91363,1,1,6,1,1.0,False
91387,1,1,6,1,1.0,False
91411,1,1,6,1,1.0,False
91435,1,1,6,1,1.0,False
91459,1,1,6,1,1.0,False
91483,1,1,6,1,1.0,False
91507,1,1,6,1,1.0,False
91531,1,1,6,1,1.0,False
91555,1,1,6,1,1.0,False
91579,1,1,6,1,1.0,False
91603,1,1,6,1,1.0,False
91627,1,1,6,1,1.0,False
91651,1,1,6,1,1.0,False
91699,1,1,6,1,1.0,False
91723,1,1,6,1,1.0,False
91747,1,1,6,1,1.0,False
91771,1,1,6,1,1.0,False
91795,1,1,6,1,1.0,False
91819,1,1,6,1,1.0,False
91843,1,1,6,1,1.0,False
91867,1,1,6,1,1.0,False
91891,1,1,6,1,1.0,False
91915,1,1,6,1,1.0,False
91939,1,1,6,1,1.0,False
91963,1,1,6,1,1.0,False
91987,1,1,6,1,1.0,False
92035,1,1,6,1,1.0,False
92059,1,1,6,1,1.0,False
92083,1,1,6,1,1.0,False
92107,1,1,6,1,1.0,False
92131,1,1,6,1,1.0,False
92155,1,1,6,1,1.0,False
92179,1,1,6,1,1.0,False
92203,1,1,6,1,1.0,False
92227,1,1,6,1,1.0,False
92251,1,1,6,1,1.0,False
92275,1,1,6,1,1.0,False
92299,1,1,6,1,1.0,False
92323,1,1,6,1,1.0,False
92347,1,1,6,1,1.0,False
92371,1,1,6,1,1.0,False
92395,1,1,6,1,1.0,False
90020,1,1,6,1,1.0,False
90044,1,1,6,1,1.0,False
90068,1,1,6,1,1.0,False
90092,1,1,6,1,1.0,False
90116,1,1,6,1,1.0,False
90140,1,1,6,1,1.0,False
90164,1,1,6,1,1.0,False
90188,1,1,6,1,1.0,False
90212,1,1,6,1,1.0,False
90236,1,1,6,1,1.0,False
90260,1,1,6,1,1.0,False
90284,1,1,3,1,1.0,False
90308,1,1,6,1,1.0,False
90332,1,1,6,1,1.0,False
90356,1,1,6,1,1.0,False
90380,1,1,6,1,1.0,False
90404,1,1,6,1,1.0,False
90428,1,1,6,1,1.0,False
90452,1,1,6,1,1.0,False
90476,1,1,6,1,1.0,False
90500,1,1,6,1,1.0,False
90524,1,1,6,1,1.0,False
90548,1,1,6,1,1.0,False
90572,1,1,6,1,1.0,False
90620,1,1,6,1,1.0,False
90668,1,1,6,1,1.0,False
90692,1,1,6,1,1.0,False
90716,1,1,6,1,1.0,False
90740,1,1,6,1,1.0,False
90764,1,1,3,1,1.0,False
90788,1,1,6,1,1.0,False
90836,1,1,6,1,1.0,False
90860,1,1,6,1,1.0,False
90884,1,1,6,1,1.0,False
90908,1,1,6,1,1.0,False
90932,1,1,6,1,1.0,False
90956,1,1,6,1,1.0,False
90980,1,1,6,1,1.0,False
91004,1,1,6,1,1.0,False
91028,1,1,6,1,1.0,False
91052,1,1,6,1,1.0,False
91076,1,1,6,1,1.0,False
91100,1,1,6,1,1.0,False
91124,1,1,6,1,1.0,False
91148,1,1,6,1,1.0,False
91172,1,1,6,1,1.0,False
91196,1,1,6,1,1.0,False
91220,1,1,6,1,1.0,False
91244,1,1,6,1,1.0,False
91268,1,1,6,1,1.0,False
91292,1,1,6,1,1.0,False
91316,1,1,6,1,1.0,False
91340,1,1,6,1,1.0,False
91364,1,1,6,1,1.0,False
91388,1,1,6,1,1.0,False
91412,1,1,6,1,1.0,False
91436,1,1,6,1,1.0,False
91460,1,1,6,1,1.0,False
91484,1,1,6,1,1.0,False
91508,1,1,6,1,1.0,False
91532,1,1,6,1,1.0,False
91556,1,1,6,1,1.0,False
91580,1,1,6,1,1.0,False
91604,1,1,6,1,1.0,False
91628,1,1,6,1,1.0,False
91652,1,1,6,1,1.0,False
91676,1,1,6,1,1.0,False
91700,1,1,6,1,1.0,False
91724,1,1,6,1,1.0,False
91748,1,1,6,1,1.0,False
91772,1,1,6,1,1.0,False
91820,1,1,6,1,1.0,False
91844,1,1,6,1,1.0,False
91868,1,1,6,1,1.0,False
91892,1,1,6,1,1.0,False
91916,1,1,6,1,1.0,False
91940,1,1,6,1,1.0,False
91964,1,1,6,1,1.0,False
91988,1,1,6,1,1.0,False
92012,1,1,6,1,1.0,False
92036,1,1,6,1,1.0,False
92060,1,1,6,1,1.0,False
92084,1,1,6,1,1.0,False
92108,1,1,6,1,1.0,False
92132,1,1,6,1,1.0,False
92156,1,1,6,1,1.0,False
92180,1,1,6,1,1.0,False
92204,1,1,6,1,1.0,False
92228,1,1,6,1,1.0,False
92252,1,1,6,1,1.0,False
92276,1,1,6,1,1.0,False
92300,1,1,6,1,1.0,False
92324,1,1,6,1,1.0,False
92348,1,1,6,1,1.0,False
92372,1,1,6,1,1.0,False
92396,1,1,6,1,1.0,False
90001,1,1,6,1,1.0,False
90049,1,1,6,1,1.0,False
90073,1,1,6,1,1.0,False
90097,1,1,6,1,1.0,False
90121,1,1,6,1,1.0,False
90145,1,1,6,1,1.0,False
90169,1,1,6,1,1.0,False
90193,1,1,6,1,1.0,False
90241,1,1,6,1,1.0,False
90289,1,1,6,1,1.0,False
90313,1,1,6,1,1.0,False
90337,1,1,6,1,1.0,False
90361,1,1,6,1,1.0,False
90385,1,1,6,1,1.0,False
90433,1,1,6,1,1.0,False
90481,1,1,6,1,1.0,False
90505,1,1,6,1,1.0,False
90577,1,1,6,1,1.0,False
90601,1,1,6,1,1.0,False
90625,1,1,6,1,1.0,False
90649,1,1,6,1,1.0,False
90673,1,1,6,1,1.0,False
90697,1,1,6,1,1.0,False
90721,1,1,6,1,1.0,False
90745,1,1,6,1,1.0,False
90769,1,1,6,1,1.0,False
90793,1,1,3,1,1.0,False
90817,1,1,6,1,1.0,False
90913,1,1,6,1,1.0,False
90937,1,1,6,1,1.0,False
90961,1,1,6,1,1.0,False
90985,1,1,6,1,1.0,False
91033,1,1,6,1,1.0,False
91057,1,1,6,1,1.0,False
91081,1,1,6,1,1.0,False
91129,1,1,6,1,1.0,False
91153,1,1,6,1,1.0,False
91177,1,1,6,1,1.0,False
91201,1,1,6,1,1.0,False
91225,1,1,6,1,1.0,False
91273,1,1,6,1,1.0,False
91297,1,1,6,1,1.0,False
91321,1,1,6,1,1.0,False
91345,1,1,3,1,1.0,False
91369,1,1,6,1,1.0,False
91393,1,1,6,1,1.0,False
91417,1,1,6,1,1.0,False
91441,1,1,6,1,1.0,False
91465,1,1,6,1,1.0,False
91489,1,1,6,1,1.0,False
91513,1,1,3,1,1.0,False
91537,1,1,6,1,1.0,False
91561,1,1,6,1,1.0,False
91585,1,1,6,1,1.0,False
91609,1,1,6,1,1.0,False
91633,1,1,6,1,1.0,False
91657,1,1,6,1,1.0,False
91681,1,1,6,1,1.0,False
91705,1,1,6,1,1.0,False
91729,1,1,6,1,1.0,False
91753,1,1,6,1,1.0,False
91777,1,1,6,1,1.0,False
91801,1,1,6,1,1.0,False
91825,1,1,6,1,1.0,False
91849,1,1,6,1,1.0,False
91873,1,1,6,1,1.0,False
91897,1,1,6,1,1.0,False
91921,1,1,6,1,1.0,False
91945,1,1,6,1,1.0,False
91969,1,1,6,1,1.0,False
91993,1,1,6,1,1.0,False
92017,1,1,6,1,1.0,False
92041,1,1,6,1,1.0,False
92065,1,1,6,1,1.0,False
92089,1,1,6,1,1.0,False
92113,1,1,6,1,1.0,False
92161,1,1,6,1,1.0,False
92185,1,1,6,1,1.0,False
92209,1,1,6,1,1.0,False
92233,1,1,6,1,1.0,False
92257,1,1,6,1,1.0,False
92281,1,1,6,1,1.0,False
92305,1,1,6,1,1.0,False
92329,1,1,6,1,1.0,False
92377,1,1,6,1,1.0,False
90004,1,1,6,1,1.0,False
90028,1,1,6,1,1.0,False
90052,1,1,3,1,1.0,False
90076,1,1,6,1,1.0,False
90100,1,1,6,1,1.0,False
90124,1,1,6,1,1.0,False
90148,1,1,6,1,1.0,False
90172,1,1,6,1,1.0,False
90220,1,1,6,1,1.0,False
90244,1,1,6,1,1.0,False
90268,1,1,6,1,1.0,False
90292,1,1,6,1,1.0,False
90316,1,1,6,1,1.0,False
90364,1,1,6,1,1.0,False
90388,1,1,3,1,1.0,False
90412,1,1,3,1,1.0,False
90436,1,1,6,1,1.0,False
90460,1,1,6,1,1.0,False
90484,1,1,6,1,1.0,False
90508,1,1,6,1,1.0,False
90532,1,1,6,1,1.0,False
90556,1,1,6,1,1.0,False
90580,1,1,6,1,1.0,False
90604,1,1,6,1,1.0,False
90628,1,1,6,1,1.0,False
90652,1,1,6,1,1.0,False
90676,1,1,6,1,1.0,False
90700,1,1,6,1,1.0,False
90724,1,1,6,1,1.0,False
90748,1,1,6,1,1.0,False
90772,1,1,6,1,1.0,False
90796,1,1,6,1,1.0,False
90820,1,1,3,1,1.0,False
90844,1,1,6,1,1.0,False
90868,1,1,6,1,1.0,False
90892,1,1,6,1,1.0,False
90916,1,1,6,1,1.0,False
90940,1,1,6,1,1.0,False
90964,1,1,6,1,1.0,False
90988,1,1,6,1,1.0,False
91012,1,1,6,1,1.0,False
91036,1,1,6,1,1.0,False
91060,1,1,6,1,1.0,False
91084,1,1,6,1,1.0,False
91132,1,1,6,1,1.0,False
91156,1,1,6,1,1.0,False
91180,1,1,6,1,1.0,False
91204,1,1,6,1,1.0,False
91228,1,1,6,1,1.0,False
91252,1,1,6,1,1.0,False
91276,1,1,6,1,1.0,False
91300,1,1,6,1,1.0,False
91324,1,1,6,1,1.0,False
91348,1,1,6,1,1.0,False
91372,1,1,6,1,1.0,False
91396,1,1,6,1,1.0,False
91420,1,1,6,1,1.0,False
91468,1,1,6,1,1.0,False
91492,1,1,6,1,1.0,False
91516,1,1,6,1,1.0,False
91540,1,1,6,1,1.0,False
91588,1,1,6,1,1.0,False
91612,1,1,6,1,1.0,False
91636,1,1,6,1,1.0,False
91660,1,1,6,1,1.0,False
91684,1,1,6,1,1.0,False
91708,1,1,6,1,1.0,False
91732,1,1,6,1,1.0,False
91756,1,1,6,1,1.0,False
91780,1,1,6,1,1.0,False
91852,1,1,6,1,1.0,False
91876,1,1,6,1,1.0,False
91900,1,1,6,1,1.0,False
91924,1,1,6,1,1.0,False
91948,1,1,6,1,1.0,False
91972,1,1,6,1,1.0,False
91996,1,1,6,1,1.0,False
92020,1,1,6,1,1.0,False
92044,1,1,6,1,1.0,False
92068,1,1,6,1,1.0,False
92092,1,1,6,1,1.0,False
92116,1,1,6,1,1.0,False
92140,1,1,6,1,1.0,False
92164,1,1,6,1,1.0,False
92188,1,1,6,1,1.0,False
92212,1,1,6,1,1.0,False
92236,1,1,6,1,1.0,False
92260,1,1,6,1,1.0,False
92284,1,1,6,1,1.0,False
92332,1,1,6,1,1.0,False
92356,1,1,6,1,1.0,False
92380,1,1,6,1,1.0,False
90009,1,1,6,1,1.0,False
90069,1,1,6,1,1.0,False
90093,1,1,6,1,1.0,False
90117,1,1,6,1,1.0,False
90141,1,1,6,1,1.0,False
90165,1,1,6,1,1.0,False
90189,1,1,6,1,1.0,False
90213,1,1,6,1,1.0,False
90261,1,1,6,1,1.0,False
90297,1,1,6,1,1.0,False
90309,1,1,6,1,1.0,False
90333,1,1,6,1,1.0,False
90357,1,1,6,1,1.0,False
90381,1,1,6,1,1.0,False
90405,1,1,6,1,1.0,False
90429,1,1,6,1,1.0,False
90441,1,1,6,1,1.0,False
90453,1,1,6,1,1.0,False
90489,1,1,6,1,1.0,False
90501,1,1,6,1,1.0,False
90525,1,1,6,1,1.0,False
90549,1,1,6,1,1.0,False
90573,1,1,6,1,1.0,False
90585,1,1,6,1,1.0,False
90597,1,1,6,1,1.0,False
90621,1,1,6,1,1.0,False
90633,1,1,6,1,1.0,False
90645,1,1,6,1,1.0,False
90681,1,1,6,1,1.0,False
90693,1,1,6,1,1.0,False
90717,1,1,6,1,1.0,False
90741,1,1,6,1,1.0,False
90765,1,1,6,1,1.0,False
90777,1,1,6,1,1.0,False
90789,1,1,6,1,1.0,False
90813,1,1,6,1,1.0,False
90837,1,1,6,1,1.0,False
90861,1,1,6,1,1.0,False
90885,1,1,6,1,1.0,False
90897,1,1,6,1,1.0,False
90909,1,1,6,1,1.0,False
90933,1,1,6,1,1.0,False
90957,1,1,3,1,1.0,False
90993,1,1,6,1,1.0,False
91005,1,1,6,1,1.0,False
91029,1,1,6,1,1.0,False
91041,1,1,6,1,1.0,False
91053,1,1,6,1,1.0,False
91077,1,1,6,1,1.0,False
91125,1,1,6,1,1.0,False
91149,1,1,6,1,1.0,False
91173,1,1,6,1,1.0,False
91221,1,1,6,1,1.0,False
91245,1,1,6,1,1.0,False
91293,1,1,6,1,1.0,False
91317,1,1,6,1,1.0,False
91341,1,1,6,1,1.0,False
91365,1,1,6,1,1.0,False
91377,1,1,6,1,1.0,False
91389,1,1,6,1,1.0,False
91413,1,1,6,1,1.0,False
91425,1,1,6,1,1.0,False
91449,1,1,6,1,1.0,False
91461,1,1,6,1,1.0,False
91485,1,1,6,1,1.0,False
91509,1,1,3,1,1.0,False
91533,1,1,6,1,1.0,False
91545,1,1,6,1,1.0,False
91557,1,1,6,1,1.0,False
91581,1,1,6,1,1.0,False
91605,1,1,6,1,1.0,False
91629,1,1,6,1,1.0,False
91653,1,1,6,1,1.0,False
91665,1,1,6,1,1.0,False
91677,1,1,6,1,1.0,False
91689,1,1,6,1,1.0,False
91701,1,1,6,1,1.0,False
91725,1,1,6,1,1.0,False
91737,1,1,6,1,1.0,False
91749,1,1,6,1,1.0,False
91773,1,1,6,1,1.0,False
91797,1,1,6,1,1.0,False
91809,1,1,6,1,1.0,False
91821,1,1,6,1,1.0,False
91845,1,1,6,1,1.0,False
91869,1,1,6,1,1.0,False
91881,1,1,6,1,1.0,False
91893,1,1,6,1,1.0,False
91917,1,1,6,1,1.0,False
91941,1,1,6,1,1.0,False
91965,1,1,6,1,1.0,False
91977,1,1,6,1,1.0,False
91989,1,1,6,1,1.0,False
92013,1,1,6,1,1.0,False
92025,1,1,6,1,1.0,False
92037,1,1,6,1,1.0,False
92061,1,1,6,1,1.0,False
92085,1,1,6,1,1.0,False
92109,1,1,6,1,1.0,False
92133,1,1,6,1,1.0,False
92145,1,1,6,1,1.0,False
92157,1,1,6,1,1.0,False
92181,1,1,3,1,1.0,False
92205,1,1,6,1,1.0,False
92217,1,1,6,1,1.0,False
92229,1,1,6,1,1.0,False
92253,1,1,6,1,1.0,False
92265,1,1,6,1,1.0,False
92277,1,1,6,1,1.0,False
92289,1,1,6,1,1.0,False
92301,1,1,6,1,1.0,False
92313,1,1,6,1,1.0,False
92325,1,1,6,1,1.0,False
92337,1,1,6,1,1.0,False
92361,1,1,6,1,1.0,False
92373,1,1,6,1,1.0,False
92385,1,1,6,1,1.0,False
92397,1,1,6,1,1.0,False
90024,1,1,6,1,1.0,False
90048,1,1,6,1,1.0,False
90050,1,1,6,1,1.0,False
90072,1,1,6,1,1.0,False
90120,1,1,6,1,1.0,False
90122,1,1,6,1,1.0,False
90144,1,1,6,1,1.0,False
90168,1,1,6,1,1.0,False
90192,1,1,6,1,1.0,False
90194,1,1,6,1,1.0,False
90216,1,1,6,1,1.0,False
90240,1,1,6,1,1.0,False
90264,1,1,6,1,1.0,False
90288,1,1,6,1,1.0,False
90312,1,1,6,1,1.0,False
90314,1,1,6,1,1.0,False
90360,1,1,6,1,1.0,False
90384,1,1,6,1,1.0,False
90408,1,1,6,1,1.0,False
90432,1,1,6,1,1.0,False
90434,1,1,6,1,1.0,False
90456,1,1,6,1,1.0,False
90458,1,1,6,1,1.0,False
90480,1,1,6,1,1.0,False
90504,1,1,6,1,1.0,False
90528,1,1,6,1,1.0,False
90530,1,1,6,1,1.0,False
90552,1,1,6,1,1.0,False
90576,1,1,6,1,1.0,False
90600,1,1,6,1,1.0,False
90624,1,1,6,1,1.0,False
90626,1,1,6,1,1.0,False
90648,1,1,6,1,1.0,False
90672,1,1,6,1,1.0,False
90696,1,1,6,1,1.0,False
90720,1,1,6,1,1.0,False
90744,1,1,6,1,1.0,False
90768,1,1,6,1,1.0,False
90792,1,1,6,1,1.0,False
90816,1,1,6,1,1.0,False
90840,1,1,6,1,1.0,False
90864,1,1,6,1,1.0,False
90888,1,1,6,1,1.0,False
90912,1,1,6,1,1.0,False
90936,1,1,6,1,1.0,False
90960,1,1,6,1,1.0,False
90984,1,1,6,1,1.0,False
91008,1,1,6,1,1.0,False
91032,1,1,6,1,1.0,False
91056,1,1,6,1,1.0,False
91080,1,1,6,1,1.0,False
91082,1,1,6,1,1.0,False
91104,1,1,6,1,1.0,False
91128,1,1,6,1,1.0,False
91152,1,1,6,1,1.0,False
91154,1,1,6,1,1.0,False
91176,1,1,6,1,1.0,False
91178,1,1,6,1,1.0,False
91200,1,1,6,1,1.0,False
91224,1,1,6,1,1.0,False
91248,1,1,6,1,1.0,False
91272,1,1,6,1,1.0,False
91274,1,1,6,1,1.0,False
91296,1,1,6,1,1.0,False
91320,1,1,6,1,1.0,False
91368,1,1,6,1,1.0,False
91370,1,1,6,1,1.0,False
91392,1,1,6,1,1.0,False
91394,1,1,6,1,1.0,False
91416,1,1,6,1,1.0,False
91440,1,1,3,1,1.0,False
91442,1,1,6,1,1.0,False
91464,1,1,6,1,1.0,False
91488,1,1,6,1,1.0,False
91512,1,1,6,1,1.0,False
91514,1,1,6,1,1.0,False
91536,1,1,6,1,1.0,False
91538,1,1,6,1,1.0,False
91560,1,1,6,1,1.0,False
91584,1,1,6,1,1.0,False
91586,1,1,6,1,1.0,False
91608,1,1,6,1,1.0,False
91632,1,1,6,1,1.0,False
91656,1,1,6,1,1.0,False
91680,1,1,6,1,1.0,False
91704,1,1,6,1,1.0,False
91706,1,1,6,1,1.0,False
91728,1,1,6,1,1.0,False
91752,1,1,6,1,1.0,False
91754,1,1,6,1,1.0,False
91776,1,1,6,1,1.0,False
91800,1,1,6,1,1.0,False
91824,1,1,6,1,1.0,False
91848,1,1,3,1,1.0,False
91850,1,1,6,1,1.0,False
91872,1,1,6,1,1.0,False
91874,1,1,6,1,1.0,False
91896,1,1,6,1,1.0,False
91898,1,1,6,1,1.0,False
91920,1,1,6,1,1.0,False
91944,1,1,6,1,1.0,False
91946,1,1,6,1,1.0,False
91968,1,1,6,1,1.0,False
91992,1,1,6,1,1.0,False
91994,1,1,6,1,1.0,False
92016,1,1,6,1,1.0,False
92040,1,1,6,1,1.0,False
92064,1,1,6,1,1.0,False
92066,1,1,6,1,1.0,False
92088,1,1,6,1,1.0,False
92112,1,1,6,1,1.0,False
92136,1,1,6,1,1.0,False
92160,1,1,6,1,1.0,False
92162,1,1,6,1,1.0,False
92184,1,1,6,1,1.0,False
92208,1,1,6,1,1.0,False
92232,1,1,6,1,1.0,False
92234,1,1,6,1,1.0,False
92256,1,1,6,1,1.0,False
92258,1,1,6,1,1.0,False
92280,1,1,6,1,1.0,False
92282,1,1,6,1,1.0,False
92304,1,1,6,1,1.0,False
92328,1,1,6,1,1.0,False
92330,1,1,6,1,1.0,False
92352,1,1,6,1,1.0,False
92376,1,1,6,1,1.0,False
92378,1,1,6,1,1.0,False
92400,1,1,6,1,1.0,False
90005,1,1,6,1,1.0,False
90029,1,1,6,1,1.0,False
90077,1,1,6,1,1.0,False
90101,1,1,6,1,1.0,False
90113,1,1,3,1,1.0,False
90125,1,1,6,1,1.0,False
90149,1,1,6,1,1.0,False
90173,1,1,6,1,1.0,False
90197,1,1,6,1,1.0,False
90221,1,1,6,1,1.0,False
90269,1,1,6,1,1.0,False
90293,1,1,6,1,1.0,False
90317,1,1,6,1,1.0,False
90329,1,1,3,1,1.0,False
90365,1,1,6,1,1.0,False
90377,1,1,4,1,1.0,False
90389,1,1,6,1,1.0,False
90437,1,1,6,1,1.0,False
90461,1,1,6,1,1.0,False
90473,1,1,4,1,1.0,False
90485,1,1,6,1,1.0,False
90509,1,1,6,1,1.0,False
90533,1,1,6,1,1.0,False
90557,1,1,6,1,1.0,False
90569,1,1,4,1,1.0,False
90581,1,1,6,1,1.0,False
90605,1,1,6,1,1.0,False
90629,1,1,6,1,1.0,False
90653,1,1,6,1,1.0,False
90677,1,1,6,1,1.0,False
90701,1,1,6,1,1.0,False
90725,1,1,6,1,1.0,False
90749,1,1,6,1,1.0,False
90797,1,1,6,1,1.0,False
90821,1,1,6,1,1.0,False
90845,1,1,6,1,1.0,False
90869,1,1,6,1,1.0,False
90893,1,1,6,1,1.0,False
90917,1,1,6,1,1.0,False
90941,1,1,6,1,1.0,False
90965,1,1,6,1,1.0,False
90989,1,1,6,1,1.0,False
91013,1,1,6,1,1.0,False
91037,1,1,6,1,1.0,False
91061,1,1,6,1,1.0,False
91073,1,1,3,1,1.0,False
91085,1,1,6,1,1.0,False
91109,1,1,6,1,1.0,False
91133,1,1,6,1,1.0,False
91157,1,1,6,1,1.0,False
91181,1,1,6,1,1.0,False
91205,1,1,6,1,1.0,False
91229,1,1,6,1,1.0,False
91253,1,1,6,1,1.0,False
91277,1,1,6,1,1.0,False
91301,1,1,6,1,1.0,False
91313,1,1,4,1,1.0,False
91325,1,1,6,1,1.0,False
91373,1,1,6,1,1.0,False
91397,1,1,6,1,1.0,False
91421,1,1,6,1,1.0,False
91445,1,1,6,1,1.0,False
91469,1,1,6,1,1.0,False
91493,1,1,6,1,1.0,False
91517,1,1,6,1,1.0,False
91541,1,1,6,1,1.0,False
91565,1,1,6,1,1.0,False
91589,1,1,6,1,1.0,False
91613,1,1,6,1,1.0,False
91637,1,1,6,1,1.0,False
91649,1,1,4,1,1.0,False
91685,1,1,6,1,1.0,False
91709,1,1,6,1,1.0,False
91733,1,1,6,1,1.0,False
91745,1,1,4,1,1.0,False
91757,1,1,6,1,1.0,False
91781,1,1,6,1,1.0,False
91805,1,1,6,1,1.0,False
91829,1,1,6,1,1.0,False
91853,1,1,6,1,1.0,False
91877,1,1,6,1,1.0,False
91901,1,1,6,1,1.0,False
91925,1,1,6,1,1.0,False
91937,1,1,4,1,1.0,False
91949,1,1,3,1,1.0,False
91961,1,1,4,1,1.0,False
91973,1,1,6,1,1.0,False
91997,1,1,6,1,1.0,False
92021,1,1,6,1,1.0,False
92045,1,1,6,1,1.0,False
92069,1,1,6,1,1.0,False
92093,1,1,6,1,1.0,False
92117,1,1,6,1,1.0,False
92141,1,1,6,1,1.0,False
92165,1,1,3,1,1.0,False
92189,1,1,6,1,1.0,False
92201,1,1,4,1,1.0,False
92213,1,1,6,1,1.0,False
92237,1,1,6,1,1.0,False
92261,1,1,6,1,1.0,False
92285,1,1,6,1,1.0,False
92297,1,1,4,1,1.0,False
92309,1,1,6,1,1.0,False
92333,1,1,6,1,1.0,False
92357,1,1,6,1,1.0,False
92381,1,1,6,1,1.0,False
92393,1,1,4,1,1.0,False
90008,1,1,6,1,1.0,False
90022,1,1,9,1,1.0,False
90046,1,1,9,1,1.0,False
90070,1,1,9,1,1.0,False
90094,1,1,6,1,1.0,False
90104,1,1,6,1,1.0,False
90118,1,1,9,1,1.0,False
90142,1,1,9,1,1.0,False
90152,1,1,6,1,1.0,False
90166,1,1,9,1,1.0,False
90190,1,1,9,1,1.0,False
90214,1,1,9,1,1.0,False
90262,1,1,9,1,1.0,False
90286,1,1,9,1,1.0,False
90310,1,1,9,1,1.0,False
90344,1,1,6,1,1.0,False
90358,1,1,9,1,1.0,False
90382,1,1,9,1,1.0,False
90454,1,1,9,1,1.0,False
90478,1,1,6,1,1.0,False
90488,1,1,6,1,1.0,False
90502,1,1,9,1,1.0,False
90512,1,1,6,1,1.0,False
90526,1,1,9,1,1.0,False
90536,1,1,6,1,1.0,False
90550,1,1,9,1,1.0,False
90574,1,1,9,1,1.0,False
90598,1,1,9,1,1.0,False
90622,1,1,9,1,1.0,False
90646,1,1,9,1,1.0,False
90656,1,1,6,1,1.0,False
90670,1,1,9,1,1.0,False
90680,1,1,6,1,1.0,False
90694,1,1,9,1,1.0,False
90718,1,1,9,1,1.0,False
90742,1,1,9,1,1.0,False
90766,1,1,9,1,1.0,False
90776,1,1,6,1,1.0,False
90790,1,1,9,1,1.0,False
90814,1,1,9,1,1.0,False
90838,1,1,6,1,1.0,False
90862,1,1,9,1,1.0,False
90886,1,1,9,1,1.0,False
90910,1,1,9,1,1.0,False
90934,1,1,9,1,1.0,False
90944,1,1,6,1,1.0,False
90958,1,1,9,1,1.0,False
90982,1,1,9,1,1.0,False
91006,1,1,9,1,1.0,False
91030,1,1,9,1,1.0,False
91040,1,1,3,1,1.0,False
91054,1,1,9,1,1.0,False
91078,1,1,6,1,1.0,False
91102,1,1,6,1,1.0,False
91126,1,1,9,1,1.0,False
91150,1,1,9,1,1.0,False
91174,1,1,9,1,1.0,False
91198,1,1,9,1,1.0,False
91222,1,1,9,1,1.0,False
91232,1,1,6,1,1.0,False
91246,1,1,9,1,1.0,False
91270,1,1,9,1,1.0,False
91294,1,1,9,1,1.0,False
91318,1,1,9,1,1.0,False
91342,1,1,9,1,1.0,False
91366,1,1,9,1,1.0,False
91376,1,1,6,1,1.0,False
91390,1,1,9,1,1.0,False
91414,1,1,9,1,1.0,False
91438,1,1,9,1,1.0,False
91462,1,1,9,1,1.0,False
91486,1,1,9,1,1.0,False
91496,1,1,6,1,1.0,False
91510,1,1,6,1,1.0,False
91520,1,1,6,1,1.0,False
91534,1,1,9,1,1.0,False
91558,1,1,9,1,1.0,False
91568,1,1,6,1,1.0,False
91582,1,1,9,1,1.0,False
91606,1,1,9,1,1.0,False
91616,1,1,6,1,1.0,False
91630,1,1,9,1,1.0,False
91654,1,1,9,1,1.0,False
91678,1,1,9,1,1.0,False
91702,1,1,9,1,1.0,False
91726,1,1,9,1,1.0,False
91736,1,1,6,1,1.0,False
91750,1,1,9,1,1.0,False
91774,1,1,9,1,1.0,False
91798,1,1,9,1,1.0,False
91822,1,1,9,1,1.0,False
91846,1,1,9,1,1.0,False
91870,1,1,9,1,1.0,False
91894,1,1,9,1,1.0,False
91918,1,1,9,1,1.0,False
91942,1,1,9,1,1.0,False
91966,1,1,9,1,1.0,False
91990,1,1,9,1,1.0,False
92014,1,1,9,1,1.0,False
92038,1,1,9,1,1.0,False
92062,1,1,9,1,1.0,False
92086,1,1,9,1,1.0,False
92110,1,1,9,1,1.0,False
92134,1,1,9,1,1.0,False
92182,1,1,9,1,1.0,False
92206,1,1,9,1,1.0,False
92230,1,1,9,1,1.0,False
92254,1,1,9,1,1.0,False
92278,1,1,9,1,1.0,False
92302,1,1,9,1,1.0,False
92326,1,1,9,1,1.0,False
92350,1,1,9,1,1.0,False
92374,1,1,9,1,1.0,False
92398,1,1,9,1,1.0,False
90003,1,1,8,1,1.0,False
90027,1,1,8,1,1.0,False
90075,1,1,6,1,1.0,False
90099,1,1,6,1,1.0,False
90123,1,1,8,1,1.0,False
90195,1,1,8,1,1.0,False
90243,1,1,8,1,1.0,False
90291,1,1,8,1,1.0,False
90315,1,1,8,1,1.0,False
90349,1,1,5,1,1.0,False
90363,1,1,8,1,1.0,False
90411,1,1,8,1,1.0,False
90421,1,1,5,1,1.0,False
90435,1,1,8,1,1.0,False
90459,1,1,8,1,1.0,False
90483,1,1,8,1,1.0,False
90507,1,1,8,1,1.0,False
90531,1,1,8,1,1.0,False
90555,1,1,8,1,1.0,False
90579,1,1,8,1,1.0,False
90603,1,1,8,1,1.0,False
90627,1,1,8,1,1.0,False
90651,1,1,8,1,1.0,False
90675,1,1,8,1,1.0,False
90699,1,1,8,1,1.0,False
90723,1,1,8,1,1.0,False
90747,1,1,8,1,1.0,False
90771,1,1,8,1,1.0,False
90795,1,1,8,1,1.0,False
90819,1,1,8,1,1.0,False
90843,1,1,8,1,1.0,False
90867,1,1,8,1,1.0,False
90891,1,1,8,1,1.0,False
90925,1,1,5,1,1.0,False
90939,1,1,8,1,1.0,False
90963,1,1,8,1,1.0,False
90987,1,1,8,1,1.0,False
91011,1,1,8,1,1.0,False
91059,1,1,8,1,1.0,False
91083,1,1,8,1,1.0,False
91107,1,1,8,1,1.0,False
91117,1,1,5,1,1.0,False
91131,1,1,8,1,1.0,False
91155,1,1,8,1,1.0,False
91179,1,1,8,1,1.0,False
91203,1,1,8,1,1.0,False
91227,1,1,6,1,1.0,False
91237,1,1,5,1,1.0,False
91275,1,1,8,1,1.0,False
91299,1,1,8,1,1.0,False
91309,1,1,5,1,1.0,False
91323,1,1,8,1,1.0,False
91347,1,1,8,1,1.0,False
91371,1,1,8,1,1.0,False
91395,1,1,8,1,1.0,False
91419,1,1,8,1,1.0,False
91443,1,1,8,1,1.0,False
91467,1,1,8,1,1.0,False
91491,1,1,8,1,1.0,False
91515,1,1,8,1,1.0,False
91539,1,1,8,1,1.0,False
91563,1,1,8,1,1.0,False
91587,1,1,8,1,1.0,False
91611,1,1,8,1,1.0,False
91635,1,1,8,1,1.0,False
91659,1,1,8,1,1.0,False
91683,1,1,8,1,1.0,False
91707,1,1,8,1,1.0,False
91731,1,1,6,1,1.0,False
91755,1,1,8,1,1.0,False
91779,1,1,8,1,1.0,False
91803,1,1,8,1,1.0,False
91827,1,1,8,1,1.0,False
91851,1,1,8,1,1.0,False
91875,1,1,6,1,1.0,False
91899,1,1,8,1,1.0,False
91923,1,1,8,1,1.0,False
91947,1,1,5,1,1.0,False
91971,1,1,8,1,1.0,False
91995,1,1,8,1,1.0,False
92019,1,1,8,1,1.0,False
92043,1,1,8,1,1.0,False
92067,1,1,8,1,1.0,False
92091,1,1,8,1,1.0,False
92115,1,1,8,1,1.0,False
92139,1,1,8,1,1.0,False
92163,1,1,6,1,1.0,False
92187,1,1,8,1,1.0,False
92211,1,1,8,1,1.0,False
92235,1,1,8,1,1.0,False
92259,1,1,8,1,1.0,False
92283,1,1,8,1,1.0,False
92307,1,1,8,1,1.0,False
92331,1,1,8,1,1.0,False
92355,1,1,8,1,1.0,False
92379,1,1,8,1,1.0,False
90006,1,1,7,1,1.0,False
90016,1,1,4,1,1.0,False
90030,1,1,7,1,1.0,False
90054,1,1,4,1,1.0,False
90078,1,1,7,1,1.0,False
90102,1,1,7,1,1.0,False
90126,1,1,7,1,1.0,False
90150,1,1,7,1,1.0,False
90174,1,1,7,1,1.0,False
90198,1,1,7,1,1.0,False
90222,1,1,7,1,1.0,False
90246,1,1,7,1,1.0,False
90270,1,1,6,1,1.0,False
90294,1,1,4,1,1.0,False
90342,1,1,7,1,1.0,False
90366,1,1,7,1,1.0,False
90376,1,1,4,1,1.0,False
90414,1,1,7,1,1.0,False
90438,1,1,7,1,1.0,False
90462,1,1,7,1,1.0,False
90486,1,1,7,1,1.0,False
90510,1,1,4,1,1.0,False
90534,1,1,7,1,1.0,False
90558,1,1,7,1,1.0,False
90582,1,1,7,1,1.0,False
90606,1,1,7,1,1.0,False
90630,1,1,7,1,1.0,False
90654,1,1,7,1,1.0,False
90678,1,1,7,1,1.0,False
90702,1,1,7,1,1.0,False
90726,1,1,7,1,1.0,False
90750,1,1,7,1,1.0,False
90774,1,1,7,1,1.0,False
90798,1,1,7,1,1.0,False
90822,1,1,4,1,1.0,False
90846,1,1,7,1,1.0,False
90870,1,1,6,1,1.0,False
90894,1,1,7,1,1.0,False
90918,1,1,7,1,1.0,False
90942,1,1,7,1,1.0,False
90966,1,1,7,1,1.0,False
90990,1,1,7,1,1.0,False
91014,1,1,7,1,1.0,False
91038,1,1,6,1,1.0,False
91062,1,1,7,1,1.0,False
91086,1,1,7,1,1.0,False
91110,1,1,7,1,1.0,False
91134,1,1,7,1,1.0,False
91158,1,1,7,1,1.0,False
91182,1,1,7,1,1.0,False
91206,1,1,7,1,1.0,False
91230,1,1,7,1,1.0,False
91254,1,1,7,1,1.0,False
91278,1,1,7,1,1.0,False
91302,1,1,7,1,1.0,False
91350,1,1,7,1,1.0,False
91374,1,1,7,1,1.0,False
91398,1,1,7,1,1.0,False
91422,1,1,6,1,1.0,False
91446,1,1,7,1,1.0,False
91470,1,1,7,1,1.0,False
91494,1,1,7,1,1.0,False
91518,1,1,7,1,1.0,False
91542,1,1,7,1,1.0,False
91566,1,1,7,1,1.0,False
91590,1,1,7,1,1.0,False
91614,1,1,7,1,1.0,False
91638,1,1,7,1,1.0,False
91662,1,1,7,1,1.0,False
91686,1,1,7,1,1.0,False
91710,1,1,7,1,1.0,False
91734,1,1,7,1,1.0,False
91758,1,1,7,1,1.0,False
91782,1,1,7,1,1.0,False
91806,1,1,7,1,1.0,False
91830,1,1,7,1,1.0,False
91854,1,1,7,1,1.0,False
91878,1,1,7,1,1.0,False
91888,1,1,4,1,1.0,False
91902,1,1,7,1,1.0,False
91926,1,1,7,1,1.0,False
91950,1,1,7,1,1.0,False
91974,1,1,7,1,1.0,False
91998,1,1,7,1,1.0,False
92022,1,1,7,1,1.0,False
92032,1,1,4,1,1.0,False
92046,1,1,7,1,1.0,False
92070,1,1,7,1,1.0,False
92094,1,1,7,1,1.0,False
92142,1,1,7,1,1.0,False
92166,1,1,7,1,1.0,False
92190,1,1,7,1,1.0,False
92214,1,1,7,1,1.0,False
92238,1,1,7,1,1.0,False
92262,1,1,7,1,1.0,False
92286,1,1,6,1,1.0,False
92310,1,1,7,1,1.0,False
92334,1,1,7,1,1.0,False
92358,1,1,7,1,1.0,False
92382,1,1,7,1,1.0,False
90023,1,1,6,1,1.0,False
90047,1,1,6,1,1.0,False
90071,1,1,6,1,1.0,False
90095,1,1,6,1,1.0,False
90119,1,1,6,1,1.0,False
90143,1,1,6,1,1.0,False
90167,1,1,6,1,1.0,False
90191,1,1,6,1,1.0,False
90215,1,1,6,1,1.0,False
90263,1,1,3,1,1.0,False
90311,1,1,6,1,1.0,False
90359,1,1,3,1,1.0,False
90383,1,1,6,1,1.0,False
90407,1,1,6,1,1.0,False
90455,1,1,6,1,1.0,False
90479,1,1,6,1,1.0,False
90503,1,1,6,1,1.0,False
90527,1,1,6,1,1.0,False
90551,1,1,6,1,1.0,False
90575,1,1,6,1,1.0,False
90599,1,1,6,1,1.0,False
90623,1,1,6,1,1.0,False
90647,1,1,6,1,1.0,False
90671,1,1,6,1,1.0,False
90695,1,1,6,1,1.0,False
90719,1,1,6,1,1.0,False
90743,1,1,6,1,1.0,False
90767,1,1,6,1,1.0,False
90791,1,1,6,1,1.0,False
90815,1,1,6,1,1.0,False
90863,1,1,6,1,1.0,False
90887,1,1,6,1,1.0,False
90911,1,1,6,1,1.0,False
90935,1,1,6,1,1.0,False
90959,1,1,6,1,1.0,False
90983,1,1,6,1,1.0,False
91007,1,1,6,1,1.0,False
91031,1,1,6,1,1.0,False
91055,1,1,6,1,1.0,False
91079,1,1,6,1,1.0,False
91103,1,1,6,1,1.0,False
91127,1,1,6,1,1.0,False
91151,1,1,6,1,1.0,False
91175,1,1,6,1,1.0,False
91199,1,1,6,1,1.0,False
91223,1,1,6,1,1.0,False
91247,1,1,6,1,1.0,False
91271,1,1,6,1,1.0,False
91295,1,1,6,1,1.0,False
91319,1,1,6,1,1.0,False
91343,1,1,3,1,1.0,False
91367,1,1,6,1,1.0,False
91391,1,1,6,1,1.0,False
91415,1,1,6,1,1.0,False
91487,1,1,6,1,1.0,False
91511,1,1,6,1,1.0,False
91535,1,1,6,1,1.0,False
91559,1,1,6,1,1.0,False
91583,1,1,6,1,1.0,False
91607,1,1,3,1,1.0,False
91631,1,1,6,1,1.0,False
91655,1,1,6,1,1.0,False
91679,1,1,6,1,1.0,False
91703,1,1,6,1,1.0,False
91727,1,1,6,1,1.0,False
91751,1,1,6,1,1.0,False
91775,1,1,6,1,1.0,False
91799,1,1,6,1,1.0,False
91823,1,1,6,1,1.0,False
91847,1,1,6,1,1.0,False
91871,1,1,6,1,1.0,False
91895,1,1,6,1,1.0,False
91919,1,1,6,1,1.0,False
91943,1,1,6,1,1.0,False
91967,1,1,6,1,1.0,False
91991,1,1,6,1,1.0,False
92015,1,1,6,1,1.0,False
92039,1,1,6,1,1.0,False
92063,1,1,6,1,1.0,False
92087,1,1,6,1,1.0,False
92111,1,1,6,1,1.0,False
92135,1,1,6,1,1.0,False
92159,1,1,6,1,1.0,False
92171,1,1,3,1,1.0,False
92183,1,1,6,1,1.0,False
92207,1,1,6,1,1.0,False
92219,1,1,3,1,1.0,False
92231,1,1,6,1,1.0,False
92255,1,1,6,1,1.0,False
92279,1,1,6,1,1.0,False
92303,1,1,6,1,1.0,False
92327,1,1,6,1,1.0,False
92351,1,1,6,1,1.0,False
92375,1,1,6,1,1.0,False
92399,1,1,6,1,1.0,False
90012,1,1,5,1,1.0,False
90036,1,1,5,1,1.0,False
90060,1,1,5,1,1.0,False
90108,1,1,5,1,1.0,False
90132,1,1,5,1,1.0,False
90156,1,1,5,1,1.0,False
90180,1,1,5,1,1.0,False
90204,1,1,3,1,1.0,False
90254,1,1,3,1,1.0,False
90324,1,1,5,1,1.0,False
90348,1,1,5,1,1.0,False
90372,1,1,5,1,1.0,False
90374,1,1,3,1,1.0,False
90396,1,1,5,1,1.0,False
90420,1,1,5,1,1.0,False
90422,1,1,3,1,1.0,False
90444,1,1,5,1,1.0,False
90468,1,1,5,1,1.0,False
90516,1,1,5,1,1.0,False
90540,1,1,5,1,1.0,False
90564,1,1,5,1,1.0,False
90588,1,1,5,1,1.0,False
90612,1,1,5,1,1.0,False
90636,1,1,5,1,1.0,False
90660,1,1,3,1,1.0,False
90684,1,1,5,1,1.0,False
90708,1,1,5,1,1.0,False
90732,1,1,5,1,1.0,False
90756,1,1,5,1,1.0,False
90780,1,1,5,1,1.0,False
90804,1,1,5,1,1.0,False
90806,1,1,3,1,1.0,False
90828,1,1,5,1,1.0,False
90876,1,1,5,1,1.0,False
90900,1,1,5,1,1.0,False
90924,1,1,5,1,1.0,False
90948,1,1,5,1,1.0,False
90972,1,1,5,1,1.0,False
90996,1,1,5,1,1.0,False
91020,1,1,5,1,1.0,False
91022,1,1,3,1,1.0,False
91044,1,1,5,1,1.0,False
91068,1,1,5,1,1.0,False
91092,1,1,5,1,1.0,False
91116,1,1,5,1,1.0,False
91140,1,1,5,1,1.0,False
91164,1,1,5,1,1.0,False
91188,1,1,5,1,1.0,False
91212,1,1,5,1,1.0,False
91236,1,1,5,1,1.0,False
91260,1,1,3,1,1.0,False
91284,1,1,5,1,1.0,False
91308,1,1,5,1,1.0,False
91332,1,1,5,1,1.0,False
91356,1,1,5,1,1.0,False
91380,1,1,5,1,1.0,False
91404,1,1,5,1,1.0,False
91428,1,1,5,1,1.0,False
91452,1,1,5,1,1.0,False
91476,1,1,5,1,1.0,False
91500,1,1,5,1,1.0,False
91502,1,1,3,1,1.0,False
91524,1,1,5,1,1.0,False
91548,1,1,5,1,1.0,False
91572,1,1,3,1,1.0,False
91596,1,1,5,1,1.0,False
91620,1,1,5,1,1.0,False
91644,1,1,5,1,1.0,False
91668,1,1,5,1,1.0,False
91692,1,1,5,1,1.0,False
91716,1,1,5,1,1.0,False
91740,1,1,5,1,1.0,False
91764,1,1,5,1,1.0,False
91788,1,1,5,1,1.0,False
91812,1,1,5,1,1.0,False
91836,1,1,5,1,1.0,False
91860,1,1,5,1,1.0,False
91884,1,1,5,1,1.0,False
91908,1,1,5,1,1.0,False
91932,1,1,5,1,1.0,False
91956,1,1,5,1,1.0,False
91980,1,1,5,1,1.0,False
92004,1,1,5,1,1.0,False
92028,1,1,5,1,1.0,False
92052,1,1,5,1,1.0,False
92076,1,1,5,1,1.0,False
92100,1,1,5,1,1.0,False
92124,1,1,5,1,1.0,False
92148,1,1,5,1,1.0,False
92172,1,1,5,1,1.0,False
92196,1,1,5,1,1.0,False
92220,1,1,5,1,1.0,False
92244,1,1,5,1,1.0,False
92268,1,1,5,1,1.0,False
92292,1,1,5,1,1.0,False
92316,1,1,5,1,1.0,False
92340,1,1,5,1,1.0,False
92364,1,1,5,1,1.0,False
92388,1,1,5,1,1.0,False
90007,1,1,3,1,1.0,False
90031,1,1,6,1,1.0,False
90055,1,1,6,1,1.0,False
90103,1,1,6,1,1.0,False
90127,1,1,3,1,1.0,False
90151,1,1,6,1,1.0,False
90199,1,1,6,1,1.0,False
90223,1,1,6,1,1.0,False
90235,1,1,3,1,1.0,False
90247,1,1,6,1,1.0,False
90271,1,1,6,1,1.0,False
90295,1,1,6,1,1.0,False
90343,1,1,6,1,1.0,False
90367,1,1,6,1,1.0,False
90391,1,1,6,1,1.0,False
90415,1,1,6,1,1.0,False
90439,1,1,6,1,1.0,False
90463,1,1,6,1,1.0,False
90487,1,1,6,1,1.0,False
90511,1,1,6,1,1.0,False
90535,1,1,6,1,1.0,False
90559,1,1,6,1,1.0,False
90583,1,1,6,1,1.0,False
90607,1,1,6,1,1.0,False
90631,1,1,6,1,1.0,False
90655,1,1,6,1,1.0,False
90679,1,1,6,1,1.0,False
90703,1,1,6,1,1.0,False
90727,1,1,6,1,1.0,False
90751,1,1,6,1,1.0,False
90799,1,1,6,1,1.0,False
90823,1,1,6,1,1.0,False
90835,1,1,3,1,1.0,False
90847,1,1,6,1,1.0,False
90871,1,1,6,1,1.0,False
90895,1,1,6,1,1.0,False
90943,1,1,6,1,1.0,False
90967,1,1,6,1,1.0,False
90991,1,1,6,1,1.0,False
91015,1,1,6,1,1.0,False
91039,1,1,6,1,1.0,False
91063,1,1,6,1,1.0,False
91087,1,1,6,1,1.0,False
91111,1,1,6,1,1.0,False
91135,1,1,6,1,1.0,False
91159,1,1,6,1,1.0,False
91183,1,1,6,1,1.0,False
91207,1,1,6,1,1.0,False
91231,1,1,6,1,1.0,False
91255,1,1,6,1,1.0,False
91279,1,1,6,1,1.0,False
91291,1,1,3,1,1.0,False
91303,1,1,6,1,1.0,False
91327,1,1,3,1,1.0,False
91351,1,1,6,1,1.0,False
91375,1,1,6,1,1.0,False
91423,1,1,6,1,1.0,False
91447,1,1,6,1,1.0,False
91471,1,1,6,1,1.0,False
91495,1,1,6,1,1.0,False
91519,1,1,6,1,1.0,False
91543,1,1,6,1,1.0,False
91567,1,1,6,1,1.0,False
91615,1,1,3,1,1.0,False
91639,1,1,6,1,1.0,False
91663,1,1,6,1,1.0,False
91675,1,1,3,1,1.0,False
91687,1,1,6,1,1.0,False
91711,1,1,6,1,1.0,False
91735,1,1,6,1,1.0,False
91759,1,1,6,1,1.0,False
91783,1,1,6,1,1.0,False
91807,1,1,6,1,1.0,False
91831,1,1,6,1,1.0,False
91855,1,1,6,1,1.0,False
91879,1,1,6,1,1.0,False
91903,1,1,6,1,1.0,False
91927,1,1,6,1,1.0,False
91951,1,1,6,1,1.0,False
91975,1,1,6,1,1.0,False
91999,1,1,6,1,1.0,False
92011,1,1,3,1,1.0,False
92023,1,1,6,1,1.0,False
92047,1,1,6,1,1.0,False
92071,1,1,6,1,1.0,False
92095,1,1,6,1,1.0,False
92119,1,1,6,1,1.0,False
92143,1,1,6,1,1.0,False
92167,1,1,6,1,1.0,False
92191,1,1,6,1,1.0,False
92215,1,1,6,1,1.0,False
92239,1,1,3,1,1.0,False
92263,1,1,6,1,1.0,False
92287,1,1,6,1,1.0,False
92311,1,1,6,1,1.0,False
92335,1,1,6,1,1.0,False
92359,1,1,6,1,1.0,False
92383,1,1,6,1,1.0,False
90010,1,1,3,1,1.0,False
90034,1,1,3,1,1.0,False
90058,1,1,3,1,1.0,False
90082,1,1,3,1,1.0,False
90106,1,1,3,1,1.0,False
90130,1,1,3,1,1.0,False
90154,1,1,3,1,1.0,False
90178,1,1,3,1,1.0,False
90202,1,1,3,1,1.0,False
90226,1,1,3,1,1.0,False
90274,1,1,3,1,1.0,False
90346,1,1,3,1,1.0,False
90370,1,1,3,1,1.0,False
90394,1,1,3,1,1.0,False
90418,1,1,3,1,1.0,False
90442,1,1,3,1,1.0,False
90466,1,1,3,1,1.0,False
90490,1,1,3,1,1.0,False
90514,1,1,3,1,1.0,False
90562,1,1,3,1,1.0,False
90586,1,1,3,1,1.0,False
90610,1,1,3,1,1.0,False
90634,1,1,3,1,1.0,False
90644,1,1,3,1,1.0,False
90658,1,1,3,1,1.0,False
90682,1,1,3,1,1.0,False
90706,1,1,3,1,1.0,False
90730,1,1,3,1,1.0,False
90754,1,1,3,1,1.0,False
90778,1,1,3,1,1.0,False
90802,1,1,3,1,1.0,False
90812,1,1,3,1,1.0,False
90826,1,1,3,1,1.0,False
90850,1,1,3,1,1.0,False
90898,1,1,3,1,1.0,False
90922,1,1,3,1,1.0,False
90946,1,1,3,1,1.0,False
90970,1,1,3,1,1.0,False
90994,1,1,3,1,1.0,False
91018,1,1,3,1,1.0,False
91042,1,1,3,1,1.0,False
91090,1,1,3,1,1.0,False
91114,1,1,3,1,1.0,False
91138,1,1,3,1,1.0,False
91162,1,1,3,1,1.0,False
91186,1,1,3,1,1.0,False
91210,1,1,3,1,1.0,False
91234,1,1,3,1,1.0,False
91258,1,1,3,1,1.0,False
91282,1,1,3,1,1.0,False
91306,1,1,3,1,1.0,False
91330,1,1,3,1,1.0,False
91354,1,1,3,1,1.0,False
91378,1,1,3,1,1.0,False
91402,1,1,3,1,1.0,False
91426,1,1,3,1,1.0,False
91450,1,1,3,1,1.0,False
91474,1,1,3,1,1.0,False
91498,1,1,3,1,1.0,False
91522,1,1,3,1,1.0,False
91546,1,1,3,1,1.0,False
91570,1,1,3,1,1.0,False
91594,1,1,3,1,1.0,False
91618,1,1,3,1,1.0,False
91642,1,1,3,1,1.0,False
91666,1,1,3,1,1.0,False
91690,1,1,3,1,1.0,False
91714,1,1,3,1,1.0,False
91738,1,1,3,1,1.0,False
91762,1,1,3,1,1.0,False
91786,1,1,3,1,1.0,False
91796,1,1,3,1,1.0,False
91810,1,1,3,1,1.0,False
91834,1,1,3,1,1.0,False
91858,1,1,3,1,1.0,False
91882,1,1,3,1,1.0,False
91906,1,1,3,1,1.0,False
91930,1,1,3,1,1.0,False
91954,1,1,3,1,1.0,False
91978,1,1,3,1,1.0,False
92002,1,1,3,1,1.0,False
92026,1,1,3,1,1.0,False
92050,1,1,3,1,1.0,False
92074,1,1,3,1,1.0,False
92098,1,1,3,1,1.0,False
92122,1,1,3,1,1.0,False
92146,1,1,3,1,1.0,False
92170,1,1,3,1,1.0,False
92194,1,1,3,1,1.0,False
92218,1,1,3,1,1.0,False
92242,1,1,3,1,1.0,False
92266,1,1,3,1,1.0,False
92290,1,1,3,1,1.0,False
92314,1,1,3,1,1.0,False
92338,1,1,3,1,1.0,False
92362,1,1,3,1,1.0,False
92386,1,1,3,1,1.0,False
90015,1,1,3,1,1.0,False
90025,1,1,3,1,1.0,False
90039,1,1,3,1,1.0,False
90063,1,1,3,1,1.0,False
90087,1,1,3,1,1.0,False
90111,1,1,3,1,1.0,False
90135,1,1,3,1,1.0,False
90159,1,1,3,1,1.0,False
90183,1,1,3,1,1.0,False
90207,1,1,3,1,1.0,False
90217,1,1,3,1,1.0,False
90231,1,1,3,1,1.0,False
90255,1,1,3,1,1.0,False
90265,1,1,3,1,1.0,False
90279,1,1,3,1,1.0,False
90303,1,1,3,1,1.0,False
90351,1,1,3,1,1.0,False
90375,1,1,3,1,1.0,False
90399,1,1,3,1,1.0,False
90409,1,1,3,1,1.0,False
90423,1,1,3,1,1.0,False
90447,1,1,3,1,1.0,False
90457,1,1,3,1,1.0,False
90471,1,1,3,1,1.0,False
90495,1,1,3,1,1.0,False
90519,1,1,3,1,1.0,False
90529,1,1,3,1,1.0,False
90543,1,1,3,1,1.0,False
90567,1,1,3,1,1.0,False
90591,1,1,3,1,1.0,False
90615,1,1,3,1,1.0,False
90639,1,1,3,1,1.0,False
90663,1,1,3,1,1.0,False
90687,1,1,3,1,1.0,False
90711,1,1,3,1,1.0,False
90735,1,1,3,1,1.0,False
90759,1,1,3,1,1.0,False
90783,1,1,3,1,1.0,False
90807,1,1,3,1,1.0,False
90831,1,1,3,1,1.0,False
90841,1,1,3,1,1.0,False
90879,1,1,3,1,1.0,False
90889,1,1,3,1,1.0,False
90903,1,1,3,1,1.0,False
90927,1,1,3,1,1.0,False
90951,1,1,3,1,1.0,False
90975,1,1,3,1,1.0,False
90999,1,1,3,1,1.0,False
91009,1,1,3,1,1.0,False
91023,1,1,3,1,1.0,False
91047,1,1,3,1,1.0,False
91071,1,1,3,1,1.0,False
91095,1,1,3,1,1.0,False
91105,1,1,3,1,1.0,False
91119,1,1,3,1,1.0,False
91143,1,1,3,1,1.0,False
91167,1,1,3,1,1.0,False
91191,1,1,3,1,1.0,False
91215,1,1,3,1,1.0,False
91239,1,1,3,1,1.0,False
91263,1,1,3,1,1.0,False
91287,1,1,3,1,1.0,False
91311,1,1,3,1,1.0,False
91335,1,1,3,1,1.0,False
91359,1,1,3,1,1.0,False
91383,1,1,3,1,1.0,False
91407,1,1,3,1,1.0,False
91431,1,1,3,1,1.0,False
91455,1,1,3,1,1.0,False
91479,1,1,3,1,1.0,False
91503,1,1,3,1,1.0,False
91527,1,1,3,1,1.0,False
91551,1,1,3,1,1.0,False
91575,1,1,3,1,1.0,False
91599,1,1,3,1,1.0,False
91623,1,1,3,1,1.0,False
91647,1,1,3,1,1.0,False
91671,1,1,3,1,1.0,False
91719,1,1,3,1,1.0,False
91743,1,1,3,1,1.0,False
91767,1,1,3,1,1.0,False
91791,1,1,3,1,1.0,False
91815,1,1,3,1,1.0,False
91839,1,1,3,1,1.0,False
91863,1,1,3,1,1.0,False
91887,1,1,3,1,1.0,False
91911,1,1,3,1,1.0,False
91935,1,1,3,1,1.0,False
91959,1,1,3,1,1.0,False
91983,1,1,3,1,1.0,False
92007,1,1,3,1,1.0,False
92031,1,1,3,1,1.0,False
92055,1,1,3,1,1.0,False
92079,1,1,3,1,1.0,False
92103,1,1,3,1,1.0,False
92127,1,1,3,1,1.0,False
92137,1,1,3,1,1.0,False
92151,1,1,3,1,1.0,False
92175,1,1,3,1,1.0,False
92199,1,1,3,1,1.0,False
92223,1,1,3,1,1.0,False
92247,1,1,3,1,1.0,False
92271,1,1,3,1,1.0,False
92295,1,1,3,1,1.0,False
92319,1,1,3,1,1.0,False
92343,1,1,3,1,1.0,False
92353,1,1,3,1,1.0,False
92367,1,1,3,1,1.0,False
92391,1,1,3,1,1.0,False
90018,1,1,3,1,1.0,False
90042,1,1,3,1,1.0,False
90066,1,1,3,1,1.0,False
90090,1,1,3,1,1.0,False
90114,1,1,3,1,1.0,False
90138,1,1,3,1,1.0,False
90162,1,1,3,1,1.0,False
90186,1,1,3,1,1.0,False
90210,1,1,3,1,1.0,False
90234,1,1,3,1,1.0,False
90258,1,1,3,1,1.0,False
90282,1,1,3,1,1.0,False
90306,1,1,3,1,1.0,False
90330,1,1,3,1,1.0,False
90378,1,1,3,1,1.0,False
90402,1,1,3,1,1.0,False
90426,1,1,3,1,1.0,False
90450,1,1,3,1,1.0,False
90474,1,1,3,1,1.0,False
90498,1,1,3,1,1.0,False
90522,1,1,3,1,1.0,False
90546,1,1,3,1,1.0,False
90570,1,1,3,1,1.0,False
90594,1,1,3,1,1.0,False
90618,1,1,3,1,1.0,False
90642,1,1,3,1,1.0,False
90666,1,1,3,1,1.0,False
90690,1,1,3,1,1.0,False
90714,1,1,3,1,1.0,False
90738,1,1,3,1,1.0,False
90762,1,1,3,1,1.0,False
90786,1,1,3,1,1.0,False
90810,1,1,3,1,1.0,False
90834,1,1,3,1,1.0,False
90858,1,1,3,1,1.0,False
90882,1,1,3,1,1.0,False
90906,1,1,3,1,1.0,False
90930,1,1,3,1,1.0,False
90954,1,1,3,1,1.0,False
90978,1,1,3,1,1.0,False
91002,1,1,3,1,1.0,False
91026,1,1,3,1,1.0,False
91050,1,1,3,1,1.0,False
91074,1,1,3,1,1.0,False
91098,1,1,3,1,1.0,False
91108,1,1,3,1,1.0,False
91122,1,1,3,1,1.0,False
91146,1,1,3,1,1.0,False
91170,1,1,3,1,1.0,False
91194,1,1,3,1,1.0,False
91218,1,1,3,1,1.0,False
91242,1,1,3,1,1.0,False
91266,1,1,3,1,1.0,False
91290,1,1,3,1,1.0,False
91314,1,1,3,1,1.0,False
91338,1,1,3,1,1.0,False
91362,1,1,3,1,1.0,False
91386,1,1,3,1,1.0,False
91410,1,1,3,1,1.0,False
91434,1,1,3,1,1.0,False
91444,1,1,3,1,1.0,False
91458,1,1,3,1,1.0,False
91482,1,1,3,1,1.0,False
91506,1,1,3,1,1.0,False
91530,1,1,3,1,1.0,False
91554,1,1,3,1,1.0,False
91564,1,1,3,1,1.0,False
91578,1,1,3,1,1.0,False
91602,1,1,3,1,1.0,False
91626,1,1,3,1,1.0,False
91650,1,1,3,1,1.0,False
91674,1,1,3,1,1.0,False
91698,1,1,3,1,1.0,False
91722,1,1,3,1,1.0,False
91746,1,1,3,1,1.0,False
91770,1,1,3,1,1.0,False
91794,1,1,3,1,1.0,False
91804,1,1,3,1,1.0,False
91818,1,1,3,1,1.0,False
91828,1,1,3,1,1.0,False
91842,1,1,3,1,1.0,False
91866,1,1,3,1,1.0,False
91890,1,1,3,1,1.0,False
91914,1,1,3,1,1.0,False
91938,1,1,3,1,1.0,False
91962,1,1,3,1,1.0,False
91986,1,1,3,1,1.0,False
92010,1,1,3,1,1.0,False
92034,1,1,3,1,1.0,False
92058,1,1,3,1,1.0,False
92082,1,1,3,1,1.0,False
92106,1,1,3,1,1.0,False
92130,1,1,3,1,1.0,False
92154,1,1,3,1,1.0,False
92178,1,1,3,1,1.0,False
92202,1,1,3,1,1.0,False
92226,1,1,3,1,1.0,False
92250,1,1,3,1,1.0,False
92274,1,1,3,1,1.0,False
92298,1,1,3,1,1.0,False
92308,1,1,3,1,1.0,False
92322,1,1,3,1,1.0,False
92346,1,1,3,1,1.0,False
92370,1,1,3,1,1.0,False
92394,1,1,3,1,1.0,False
90021,1,1,3,1,1.0,False
90045,1,1,3,1,1.0,False
90237,1,1,3,1,1.0,False
90238,1,1,3,1,1.0,False
90239,1,1,3,1,1.0,False
90287,1,1,3,1,1.0,False
90334,1,1,3,1,1.0,False
90335,1,1,3,1,1.0,False
90406,1,1,6,1,1.0,False
90430,1,1,6,1,1.0,False
90431,1,1,3,1,1.0,False
90477,1,1,3,1,1.0,False
90669,1,1,3,1,1.0,False
90839,1,1,3,1,1.0,False
90981,1,1,3,1,1.0,False
91101,1,1,3,1,1.0,False
91197,1,1,3,1,1.0,False
91437,1,1,3,1,1.0,False
91439,1,1,3,1,1.0,False
91463,1,1,3,1,1.0,False
92158,1,1,3,1,1.0,False
92349,1,1,3,1,1.0,False
90051,1,1,3,1,1.0,False
90096,1,1,3,1,1.0,False
90147,1,1,5,1,1.0,False
90171,1,1,3,1,1.0,False
90219,1,1,5,1,1.0,False
90267,1,1,3,1,1.0,False
90339,1,1,5,1,1.0,False
90387,1,1,5,1,1.0,False
90674,1,1,3,1,1.0,False
90722,1,1,3,1,1.0,False
90915,1,1,5,1,1.0,False
91035,1,1,5,1,1.0,False
91106,1,1,3,1,1.0,False
91251,1,1,3,1,1.0,False
91344,1,1,3,1,1.0,False
91490,1,1,3,1,1.0,False
90053,1,1,3,1,1.0,False
90079,1,1,3,1,1.0,False
90175,1,1,3,1,1.0,False
90318,1,1,4,1,1.0,False
90341,1,1,3,1,1.0,False
90390,1,1,4,1,1.0,False
90413,1,1,3,1,1.0,False
90773,1,1,3,1,1.0,False
90775,1,1,3,1,1.0,False
90919,1,1,3,1,1.0,False
91326,1,1,4,1,1.0,False
91349,1,1,3,1,1.0,False
91399,1,1,3,1,1.0,False
91591,1,1,3,1,1.0,False
91661,1,1,3,1,1.0,False
92118,1,1,3,1,1.0,False
90177,1,1,3,1,1.0,False
90416,1,1,3,1,1.0,False
90561,1,1,3,1,1.0,False
91329,1,1,3,1,1.0,False
92241,1,1,3,1,1.0,False
90013,1,1,2,1,1.0,False
90084,1,1,2,1,1.0,False
90252,1,1,2,1,1.0,False
90276,1,1,2,1,1.0,False
90300,1,1,2,1,1.0,False
90373,1,1,2,1,1.0,False
90492,1,1,2,1,1.0,False
90852,1,1,2,1,1.0,False
90256,1,1,1,1,1.0,False
91193,1,1,1,1,1.0,False
91529,1,1,1,1,1.0,False
92273,1,1,1,1,1.0,False
