dir,survey,period,file,status,n_vars,concept,candidate_variables
43_epe_personas_trim_ago_set_oct_2001,EPE,2001-08,Epe-Personas Trim Ago-Set-Oct-2001.sav,ok,88,employment_indicator,ocu200
43_epe_personas_trim_ago_set_oct_2001,EPE,2001-08,Epe-Personas Trim Ago-Set-Oct-2001.sav,ok,88,age,p208a|p208b1|p208b2|p208b3
43_epe_personas_trim_ago_set_oct_2001,EPE,2001-08,Epe-Personas Trim Ago-Set-Oct-2001.sav,ok,88,sex,p207a|p207b
43_epe_personas_trim_ago_set_oct_2001,EPE,2001-08,Epe-Personas Trim Ago-Set-Oct-2001.sav,ok,88,dependent_worker,
43_epe_personas_trim_ago_set_oct_2001,EPE,2001-08,Epe-Personas Trim Ago-Set-Oct-2001.sav,ok,88,self_employment,
43_epe_personas_trim_ago_set_oct_2001,EPE,2001-08,Epe-Personas Trim Ago-Set-Oct-2001.sav,ok,88,informality,
43_epe_personas_trim_ago_set_oct_2001,EPE,2001-08,Epe-Personas Trim Ago-Set-Oct-2001.sav,ok,88,monthly_earnings,ingtot
43_epe_personas_trim_ago_set_oct_2001,EPE,2001-08,Epe-Personas Trim Ago-Set-Oct-2001.sav,ok,88,hours,
43_epe_personas_trim_ago_set_oct_2001,EPE,2001-08,Epe-Personas Trim Ago-Set-Oct-2001.sav,ok,88,weight,factor
43_epe_personas_trim_ago_set_oct_2001,EPE,2001-08,Epe-Personas Trim Ago-Set-Oct-2001.sav,ok,88,psu,conglome
43_epe_personas_trim_ago_set_oct_2001,EPE,2001-08,Epe-Personas Trim Ago-Set-Oct-2001.sav,ok,88,stratum,estrato
43_epe_personas_trim_ago_set_oct_2001,EPE,2001-08,Epe-Personas Trim Ago-Set-Oct-2001.sav,ok,88,geography,dominio
43_epe_personas_trim_ago_set_oct_2001,EPE,2001-08,Epe-Personas Trim Ago-Set-Oct-2001.sav,ok,88,month_year,
43_epe_personas_trim_ago_set_oct_2001,EPE,2001-08,Epe-Personas Trim Ago-Set-Oct-2001.sav,ok,88,industry,
43_epe_personas_trim_ago_set_oct_2001,EPE,2001-08,Epe-Personas Trim Ago-Set-Oct-2001.sav,ok,88,occupation,
43_epe_personas_trim_ago_set_oct_2001,EPE,2001-08,Epe-Personas Trim Ago-Set-Oct-2001.sav,ok,88,household_id,vivienda|hogar
43_epe_personas_trim_ago_set_oct_2001,EPE,2001-08,Epe-Personas Trim Ago-Set-Oct-2001.sav,ok,88,person_id,codperso
43_epe_personas_trim_ago_set_oct_2001,EPE,2001-08,Epe-Personas Trim Ago-Set-Oct-2001.sav,ok,88,panel_rotation,
51_epe_personas_ene_feb_mar_2002,EPE,2002-01,Epe Personas Ene-Feb-Mar 2002.csv,ok,86,employment_indicator,ocu200
51_epe_personas_ene_feb_mar_2002,EPE,2002-01,Epe Personas Ene-Feb-Mar 2002.csv,ok,86,age,p208a|p208b1|p208b2|p208b3
51_epe_personas_ene_feb_mar_2002,EPE,2002-01,Epe Personas Ene-Feb-Mar 2002.csv,ok,86,sex,p207a|p207b
51_epe_personas_ene_feb_mar_2002,EPE,2002-01,Epe Personas Ene-Feb-Mar 2002.csv,ok,86,dependent_worker,
51_epe_personas_ene_feb_mar_2002,EPE,2002-01,Epe Personas Ene-Feb-Mar 2002.csv,ok,86,self_employment,
51_epe_personas_ene_feb_mar_2002,EPE,2002-01,Epe Personas Ene-Feb-Mar 2002.csv,ok,86,informality,
51_epe_personas_ene_feb_mar_2002,EPE,2002-01,Epe Personas Ene-Feb-Mar 2002.csv,ok,86,monthly_earnings,ingtot
51_epe_personas_ene_feb_mar_2002,EPE,2002-01,Epe Personas Ene-Feb-Mar 2002.csv,ok,86,hours,
51_epe_personas_ene_feb_mar_2002,EPE,2002-01,Epe Personas Ene-Feb-Mar 2002.csv,ok,86,weight,factor
51_epe_personas_ene_feb_mar_2002,EPE,2002-01,Epe Personas Ene-Feb-Mar 2002.csv,ok,86,psu,conglome
51_epe_personas_ene_feb_mar_2002,EPE,2002-01,Epe Personas Ene-Feb-Mar 2002.csv,ok,86,stratum,estrato
51_epe_personas_ene_feb_mar_2002,EPE,2002-01,Epe Personas Ene-Feb-Mar 2002.csv,ok,86,geography,dominio
51_epe_personas_ene_feb_mar_2002,EPE,2002-01,Epe Personas Ene-Feb-Mar 2002.csv,ok,86,month_year,
51_epe_personas_ene_feb_mar_2002,EPE,2002-01,Epe Personas Ene-Feb-Mar 2002.csv,ok,86,industry,
51_epe_personas_ene_feb_mar_2002,EPE,2002-01,Epe Personas Ene-Feb-Mar 2002.csv,ok,86,occupation,
51_epe_personas_ene_feb_mar_2002,EPE,2002-01,Epe Personas Ene-Feb-Mar 2002.csv,ok,86,household_id,vivienda|hogar
51_epe_personas_ene_feb_mar_2002,EPE,2002-01,Epe Personas Ene-Feb-Mar 2002.csv,ok,86,person_id,codperso
51_epe_personas_ene_feb_mar_2002,EPE,2002-01,Epe Personas Ene-Feb-Mar 2002.csv,ok,86,panel_rotation,
84_epe_personas_trim_ene_feb_mar_2003,EPE,2003-01,Epe-Personas Trim Ene-Feb-Mar 2003.csv,ok,94,employment_indicator,ocu200
84_epe_personas_trim_ene_feb_mar_2003,EPE,2003-01,Epe-Personas Trim Ene-Feb-Mar 2003.csv,ok,94,age,p208a|p208b1|p208b2|p208b3
84_epe_personas_trim_ene_feb_mar_2003,EPE,2003-01,Epe-Personas Trim Ene-Feb-Mar 2003.csv,ok,94,sex,p207a|p207b
84_epe_personas_trim_ene_feb_mar_2003,EPE,2003-01,Epe-Personas Trim Ene-Feb-Mar 2003.csv,ok,94,dependent_worker,
84_epe_personas_trim_ene_feb_mar_2003,EPE,2003-01,Epe-Personas Trim Ene-Feb-Mar 2003.csv,ok,94,self_employment,
84_epe_personas_trim_ene_feb_mar_2003,EPE,2003-01,Epe-Personas Trim Ene-Feb-Mar 2003.csv,ok,94,informality,
84_epe_personas_trim_ene_feb_mar_2003,EPE,2003-01,Epe-Personas Trim Ene-Feb-Mar 2003.csv,ok,94,monthly_earnings,ingtot
84_epe_personas_trim_ene_feb_mar_2003,EPE,2003-01,Epe-Personas Trim Ene-Feb-Mar 2003.csv,ok,94,hours,
84_epe_personas_trim_ene_feb_mar_2003,EPE,2003-01,Epe-Personas Trim Ene-Feb-Mar 2003.csv,ok,94,weight,factor
84_epe_personas_trim_ene_feb_mar_2003,EPE,2003-01,Epe-Personas Trim Ene-Feb-Mar 2003.csv,ok,94,psu,conglome
84_epe_personas_trim_ene_feb_mar_2003,EPE,2003-01,Epe-Personas Trim Ene-Feb-Mar 2003.csv,ok,94,stratum,estrato
84_epe_personas_trim_ene_feb_mar_2003,EPE,2003-01,Epe-Personas Trim Ene-Feb-Mar 2003.csv,ok,94,geography,dominio
84_epe_personas_trim_ene_feb_mar_2003,EPE,2003-01,Epe-Personas Trim Ene-Feb-Mar 2003.csv,ok,94,month_year,
84_epe_personas_trim_ene_feb_mar_2003,EPE,2003-01,Epe-Personas Trim Ene-Feb-Mar 2003.csv,ok,94,industry,
84_epe_personas_trim_ene_feb_mar_2003,EPE,2003-01,Epe-Personas Trim Ene-Feb-Mar 2003.csv,ok,94,occupation,
84_epe_personas_trim_ene_feb_mar_2003,EPE,2003-01,Epe-Personas Trim Ene-Feb-Mar 2003.csv,ok,94,household_id,vivienda|hogar
84_epe_personas_trim_ene_feb_mar_2003,EPE,2003-01,Epe-Personas Trim Ene-Feb-Mar 2003.csv,ok,94,person_id,codperso
84_epe_personas_trim_ene_feb_mar_2003,EPE,2003-01,Epe-Personas Trim Ene-Feb-Mar 2003.csv,ok,94,panel_rotation,
65_epe_personas_ene_feb_mar_2004,EPE,2004-01,Epe-Personas Ene-Feb-Mar-2004.csv,ok,87,employment_indicator,ocu200
65_epe_personas_ene_feb_mar_2004,EPE,2004-01,Epe-Personas Ene-Feb-Mar-2004.csv,ok,87,age,p208b1|p208b2|p208b3
65_epe_personas_ene_feb_mar_2004,EPE,2004-01,Epe-Personas Ene-Feb-Mar-2004.csv,ok,87,sex,p207a|p207b
65_epe_personas_ene_feb_mar_2004,EPE,2004-01,Epe-Personas Ene-Feb-Mar-2004.csv,ok,87,dependent_worker,
65_epe_personas_ene_feb_mar_2004,EPE,2004-01,Epe-Personas Ene-Feb-Mar-2004.csv,ok,87,self_employment,
65_epe_personas_ene_feb_mar_2004,EPE,2004-01,Epe-Personas Ene-Feb-Mar-2004.csv,ok,87,informality,
65_epe_personas_ene_feb_mar_2004,EPE,2004-01,Epe-Personas Ene-Feb-Mar-2004.csv,ok,87,monthly_earnings,ingtot
65_epe_personas_ene_feb_mar_2004,EPE,2004-01,Epe-Personas Ene-Feb-Mar-2004.csv,ok,87,hours,
65_epe_personas_ene_feb_mar_2004,EPE,2004-01,Epe-Personas Ene-Feb-Mar-2004.csv,ok,87,weight,factor
65_epe_personas_ene_feb_mar_2004,EPE,2004-01,Epe-Personas Ene-Feb-Mar-2004.csv,ok,87,psu,conglome
65_epe_personas_ene_feb_mar_2004,EPE,2004-01,Epe-Personas Ene-Feb-Mar-2004.csv,ok,87,stratum,estrato
65_epe_personas_ene_feb_mar_2004,EPE,2004-01,Epe-Personas Ene-Feb-Mar-2004.csv,ok,87,geography,dominio
65_epe_personas_ene_feb_mar_2004,EPE,2004-01,Epe-Personas Ene-Feb-Mar-2004.csv,ok,87,month_year,
65_epe_personas_ene_feb_mar_2004,EPE,2004-01,Epe-Personas Ene-Feb-Mar-2004.csv,ok,87,industry,
65_epe_personas_ene_feb_mar_2004,EPE,2004-01,Epe-Personas Ene-Feb-Mar-2004.csv,ok,87,occupation,
65_epe_personas_ene_feb_mar_2004,EPE,2004-01,Epe-Personas Ene-Feb-Mar-2004.csv,ok,87,household_id,vivienda|hogar
65_epe_personas_ene_feb_mar_2004,EPE,2004-01,Epe-Personas Ene-Feb-Mar-2004.csv,ok,87,person_id,codperso
65_epe_personas_ene_feb_mar_2004,EPE,2004-01,Epe-Personas Ene-Feb-Mar-2004.csv,ok,87,panel_rotation,
117_trim_ene_feb_mar_2005,EPE,2005-01,Trim Ene-Feb-Mar 2005.sav,ok,90,employment_indicator,ocu200
117_trim_ene_feb_mar_2005,EPE,2005-01,Trim Ene-Feb-Mar 2005.sav,ok,90,age,p208b1|p208b2|p208b3
117_trim_ene_feb_mar_2005,EPE,2005-01,Trim Ene-Feb-Mar 2005.sav,ok,90,sex,p207a|p207b
117_trim_ene_feb_mar_2005,EPE,2005-01,Trim Ene-Feb-Mar 2005.sav,ok,90,dependent_worker,
117_trim_ene_feb_mar_2005,EPE,2005-01,Trim Ene-Feb-Mar 2005.sav,ok,90,self_employment,
117_trim_ene_feb_mar_2005,EPE,2005-01,Trim Ene-Feb-Mar 2005.sav,ok,90,informality,
117_trim_ene_feb_mar_2005,EPE,2005-01,Trim Ene-Feb-Mar 2005.sav,ok,90,monthly_earnings,ingtot
117_trim_ene_feb_mar_2005,EPE,2005-01,Trim Ene-Feb-Mar 2005.sav,ok,90,hours,
117_trim_ene_feb_mar_2005,EPE,2005-01,Trim Ene-Feb-Mar 2005.sav,ok,90,weight,factor
117_trim_ene_feb_mar_2005,EPE,2005-01,Trim Ene-Feb-Mar 2005.sav,ok,90,psu,conglome
117_trim_ene_feb_mar_2005,EPE,2005-01,Trim Ene-Feb-Mar 2005.sav,ok,90,stratum,estrato
117_trim_ene_feb_mar_2005,EPE,2005-01,Trim Ene-Feb-Mar 2005.sav,ok,90,geography,dominio
117_trim_ene_feb_mar_2005,EPE,2005-01,Trim Ene-Feb-Mar 2005.sav,ok,90,month_year,
117_trim_ene_feb_mar_2005,EPE,2005-01,Trim Ene-Feb-Mar 2005.sav,ok,90,industry,
117_trim_ene_feb_mar_2005,EPE,2005-01,Trim Ene-Feb-Mar 2005.sav,ok,90,occupation,
117_trim_ene_feb_mar_2005,EPE,2005-01,Trim Ene-Feb-Mar 2005.sav,ok,90,household_id,vivienda|hogar
117_trim_ene_feb_mar_2005,EPE,2005-01,Trim Ene-Feb-Mar 2005.sav,ok,90,person_id,codperso
117_trim_ene_feb_mar_2005,EPE,2005-01,Trim Ene-Feb-Mar 2005.sav,ok,90,panel_rotation,
142_trim_ene_feb_mar_2006,EPE,2006-01,Trim Ene-Feb-Mar 2006.sav,ok,90,employment_indicator,ocu200
142_trim_ene_feb_mar_2006,EPE,2006-01,Trim Ene-Feb-Mar 2006.sav,ok,90,age,p208b1|p208b2|p208b3
142_trim_ene_feb_mar_2006,EPE,2006-01,Trim Ene-Feb-Mar 2006.sav,ok,90,sex,p207a|p207b
142_trim_ene_feb_mar_2006,EPE,2006-01,Trim Ene-Feb-Mar 2006.sav,ok,90,dependent_worker,
142_trim_ene_feb_mar_2006,EPE,2006-01,Trim Ene-Feb-Mar 2006.sav,ok,90,self_employment,
142_trim_ene_feb_mar_2006,EPE,2006-01,Trim Ene-Feb-Mar 2006.sav,ok,90,informality,
142_trim_ene_feb_mar_2006,EPE,2006-01,Trim Ene-Feb-Mar 2006.sav,ok,90,monthly_earnings,ingtot
142_trim_ene_feb_mar_2006,EPE,2006-01,Trim Ene-Feb-Mar 2006.sav,ok,90,hours,
142_trim_ene_feb_mar_2006,EPE,2006-01,Trim Ene-Feb-Mar 2006.sav,ok,90,weight,factor
142_trim_ene_feb_mar_2006,EPE,2006-01,Trim Ene-Feb-Mar 2006.sav,ok,90,psu,conglome
142_trim_ene_feb_mar_2006,EPE,2006-01,Trim Ene-Feb-Mar 2006.sav,ok,90,stratum,estrato
142_trim_ene_feb_mar_2006,EPE,2006-01,Trim Ene-Feb-Mar 2006.sav,ok,90,geography,dominio
142_trim_ene_feb_mar_2006,EPE,2006-01,Trim Ene-Feb-Mar 2006.sav,ok,90,month_year,
142_trim_ene_feb_mar_2006,EPE,2006-01,Trim Ene-Feb-Mar 2006.sav,ok,90,industry,
142_trim_ene_feb_mar_2006,EPE,2006-01,Trim Ene-Feb-Mar 2006.sav,ok,90,occupation,
142_trim_ene_feb_mar_2006,EPE,2006-01,Trim Ene-Feb-Mar 2006.sav,ok,90,household_id,vivienda|hogar
142_trim_ene_feb_mar_2006,EPE,2006-01,Trim Ene-Feb-Mar 2006.sav,ok,90,person_id,codperso
142_trim_ene_feb_mar_2006,EPE,2006-01,Trim Ene-Feb-Mar 2006.sav,ok,90,panel_rotation,
170_trim_ene_feb_mar07,EPE,2007-01,Trim Ene-Feb-Mar07.sav,ok,92,employment_indicator,ocu200
170_trim_ene_feb_mar07,EPE,2007-01,Trim Ene-Feb-Mar07.sav,ok,92,age,p208b1|p208b2|p208b3
170_trim_ene_feb_mar07,EPE,2007-01,Trim Ene-Feb-Mar07.sav,ok,92,sex,p207a|p207b
170_trim_ene_feb_mar07,EPE,2007-01,Trim Ene-Feb-Mar07.sav,ok,92,dependent_worker,
170_trim_ene_feb_mar07,EPE,2007-01,Trim Ene-Feb-Mar07.sav,ok,92,self_employment,
170_trim_ene_feb_mar07,EPE,2007-01,Trim Ene-Feb-Mar07.sav,ok,92,informality,
170_trim_ene_feb_mar07,EPE,2007-01,Trim Ene-Feb-Mar07.sav,ok,92,monthly_earnings,ingtot
170_trim_ene_feb_mar07,EPE,2007-01,Trim Ene-Feb-Mar07.sav,ok,92,hours,
170_trim_ene_feb_mar07,EPE,2007-01,Trim Ene-Feb-Mar07.sav,ok,92,weight,
170_trim_ene_feb_mar07,EPE,2007-01,Trim Ene-Feb-Mar07.sav,ok,92,psu,conglome
170_trim_ene_feb_mar07,EPE,2007-01,Trim Ene-Feb-Mar07.sav,ok,92,stratum,estrato
170_trim_ene_feb_mar07,EPE,2007-01,Trim Ene-Feb-Mar07.sav,ok,92,geography,dominio
170_trim_ene_feb_mar07,EPE,2007-01,Trim Ene-Feb-Mar07.sav,ok,92,month_year,
170_trim_ene_feb_mar07,EPE,2007-01,Trim Ene-Feb-Mar07.sav,ok,92,industry,
170_trim_ene_feb_mar07,EPE,2007-01,Trim Ene-Feb-Mar07.sav,ok,92,occupation,
170_trim_ene_feb_mar07,EPE,2007-01,Trim Ene-Feb-Mar07.sav,ok,92,household_id,vivienda|hogar
170_trim_ene_feb_mar07,EPE,2007-01,Trim Ene-Feb-Mar07.sav,ok,92,person_id,codperso
170_trim_ene_feb_mar07,EPE,2007-01,Trim Ene-Feb-Mar07.sav,ok,92,panel_rotation,
196_trim_ene_feb_mar08,EPE,2008-01,Trim Ene-Feb-Mar08.sav,ok,92,employment_indicator,ocu200
196_trim_ene_feb_mar08,EPE,2008-01,Trim Ene-Feb-Mar08.sav,ok,92,age,p208b1|p208b2|p208b3
196_trim_ene_feb_mar08,EPE,2008-01,Trim Ene-Feb-Mar08.sav,ok,92,sex,p207a|p207b
196_trim_ene_feb_mar08,EPE,2008-01,Trim Ene-Feb-Mar08.sav,ok,92,dependent_worker,
196_trim_ene_feb_mar08,EPE,2008-01,Trim Ene-Feb-Mar08.sav,ok,92,self_employment,
196_trim_ene_feb_mar08,EPE,2008-01,Trim Ene-Feb-Mar08.sav,ok,92,informality,
196_trim_ene_feb_mar08,EPE,2008-01,Trim Ene-Feb-Mar08.sav,ok,92,monthly_earnings,ingtot
196_trim_ene_feb_mar08,EPE,2008-01,Trim Ene-Feb-Mar08.sav,ok,92,hours,
196_trim_ene_feb_mar08,EPE,2008-01,Trim Ene-Feb-Mar08.sav,ok,92,weight,
196_trim_ene_feb_mar08,EPE,2008-01,Trim Ene-Feb-Mar08.sav,ok,92,psu,conglome
196_trim_ene_feb_mar08,EPE,2008-01,Trim Ene-Feb-Mar08.sav,ok,92,stratum,estrato
196_trim_ene_feb_mar08,EPE,2008-01,Trim Ene-Feb-Mar08.sav,ok,92,geography,dominio
196_trim_ene_feb_mar08,EPE,2008-01,Trim Ene-Feb-Mar08.sav,ok,92,month_year,
196_trim_ene_feb_mar08,EPE,2008-01,Trim Ene-Feb-Mar08.sav,ok,92,industry,
196_trim_ene_feb_mar08,EPE,2008-01,Trim Ene-Feb-Mar08.sav,ok,92,occupation,
196_trim_ene_feb_mar08,EPE,2008-01,Trim Ene-Feb-Mar08.sav,ok,92,household_id,vivienda|hogar
196_trim_ene_feb_mar08,EPE,2008-01,Trim Ene-Feb-Mar08.sav,ok,92,person_id,codperso
196_trim_ene_feb_mar08,EPE,2008-01,Trim Ene-Feb-Mar08.sav,ok,92,panel_rotation,
218_trim_ene_feb_mar09,EPE,2009-01,Trim Ene-Feb-Mar09.sav,ok,92,employment_indicator,ocu200
218_trim_ene_feb_mar09,EPE,2009-01,Trim Ene-Feb-Mar09.sav,ok,92,age,p208b1|p208b2|p208b3
218_trim_ene_feb_mar09,EPE,2009-01,Trim Ene-Feb-Mar09.sav,ok,92,sex,p207a|p207b
218_trim_ene_feb_mar09,EPE,2009-01,Trim Ene-Feb-Mar09.sav,ok,92,dependent_worker,
218_trim_ene_feb_mar09,EPE,2009-01,Trim Ene-Feb-Mar09.sav,ok,92,self_employment,
218_trim_ene_feb_mar09,EPE,2009-01,Trim Ene-Feb-Mar09.sav,ok,92,informality,
218_trim_ene_feb_mar09,EPE,2009-01,Trim Ene-Feb-Mar09.sav,ok,92,monthly_earnings,ingtot
218_trim_ene_feb_mar09,EPE,2009-01,Trim Ene-Feb-Mar09.sav,ok,92,hours,
218_trim_ene_feb_mar09,EPE,2009-01,Trim Ene-Feb-Mar09.sav,ok,92,weight,
218_trim_ene_feb_mar09,EPE,2009-01,Trim Ene-Feb-Mar09.sav,ok,92,psu,conglome
218_trim_ene_feb_mar09,EPE,2009-01,Trim Ene-Feb-Mar09.sav,ok,92,stratum,estrato
218_trim_ene_feb_mar09,EPE,2009-01,Trim Ene-Feb-Mar09.sav,ok,92,geography,dominio
218_trim_ene_feb_mar09,EPE,2009-01,Trim Ene-Feb-Mar09.sav,ok,92,month_year,
218_trim_ene_feb_mar09,EPE,2009-01,Trim Ene-Feb-Mar09.sav,ok,92,industry,
218_trim_ene_feb_mar09,EPE,2009-01,Trim Ene-Feb-Mar09.sav,ok,92,occupation,
218_trim_ene_feb_mar09,EPE,2009-01,Trim Ene-Feb-Mar09.sav,ok,92,household_id,vivienda|hogar
218_trim_ene_feb_mar09,EPE,2009-01,Trim Ene-Feb-Mar09.sav,ok,92,person_id,codperso
218_trim_ene_feb_mar09,EPE,2009-01,Trim Ene-Feb-Mar09.sav,ok,92,panel_rotation,
237_trim_ene_feb_mar10,EPE,2010-01,Trim Ene-Feb-Mar10.sav,ok,92,employment_indicator,ocu200
237_trim_ene_feb_mar10,EPE,2010-01,Trim Ene-Feb-Mar10.sav,ok,92,age,p208b1|p208b2|p208b3
237_trim_ene_feb_mar10,EPE,2010-01,Trim Ene-Feb-Mar10.sav,ok,92,sex,p207a|p207b
237_trim_ene_feb_mar10,EPE,2010-01,Trim Ene-Feb-Mar10.sav,ok,92,dependent_worker,
237_trim_ene_feb_mar10,EPE,2010-01,Trim Ene-Feb-Mar10.sav,ok,92,self_employment,
237_trim_ene_feb_mar10,EPE,2010-01,Trim Ene-Feb-Mar10.sav,ok,92,informality,
237_trim_ene_feb_mar10,EPE,2010-01,Trim Ene-Feb-Mar10.sav,ok,92,monthly_earnings,ingtot
237_trim_ene_feb_mar10,EPE,2010-01,Trim Ene-Feb-Mar10.sav,ok,92,hours,
237_trim_ene_feb_mar10,EPE,2010-01,Trim Ene-Feb-Mar10.sav,ok,92,weight,
237_trim_ene_feb_mar10,EPE,2010-01,Trim Ene-Feb-Mar10.sav,ok,92,psu,conglome
237_trim_ene_feb_mar10,EPE,2010-01,Trim Ene-Feb-Mar10.sav,ok,92,stratum,estrato
237_trim_ene_feb_mar10,EPE,2010-01,Trim Ene-Feb-Mar10.sav,ok,92,geography,dominio
237_trim_ene_feb_mar10,EPE,2010-01,Trim Ene-Feb-Mar10.sav,ok,92,month_year,
237_trim_ene_feb_mar10,EPE,2010-01,Trim Ene-Feb-Mar10.sav,ok,92,industry,
237_trim_ene_feb_mar10,EPE,2010-01,Trim Ene-Feb-Mar10.sav,ok,92,occupation,
237_trim_ene_feb_mar10,EPE,2010-01,Trim Ene-Feb-Mar10.sav,ok,92,household_id,vivienda|hogar
237_trim_ene_feb_mar10,EPE,2010-01,Trim Ene-Feb-Mar10.sav,ok,92,person_id,codperso
237_trim_ene_feb_mar10,EPE,2010-01,Trim Ene-Feb-Mar10.sav,ok,92,panel_rotation,
257_trim_ene_feb_mar11,EPE,2011-01,Trim Ene-Feb-Mar11.sav,ok,92,employment_indicator,ocu200
257_trim_ene_feb_mar11,EPE,2011-01,Trim Ene-Feb-Mar11.sav,ok,92,age,p208b1|p208b2|p208b3
257_trim_ene_feb_mar11,EPE,2011-01,Trim Ene-Feb-Mar11.sav,ok,92,sex,p207a|p207b
257_trim_ene_feb_mar11,EPE,2011-01,Trim Ene-Feb-Mar11.sav,ok,92,dependent_worker,
257_trim_ene_feb_mar11,EPE,2011-01,Trim Ene-Feb-Mar11.sav,ok,92,self_employment,
257_trim_ene_feb_mar11,EPE,2011-01,Trim Ene-Feb-Mar11.sav,ok,92,informality,
257_trim_ene_feb_mar11,EPE,2011-01,Trim Ene-Feb-Mar11.sav,ok,92,monthly_earnings,ingtot
257_trim_ene_feb_mar11,EPE,2011-01,Trim Ene-Feb-Mar11.sav,ok,92,hours,
257_trim_ene_feb_mar11,EPE,2011-01,Trim Ene-Feb-Mar11.sav,ok,92,weight,
257_trim_ene_feb_mar11,EPE,2011-01,Trim Ene-Feb-Mar11.sav,ok,92,psu,conglome
257_trim_ene_feb_mar11,EPE,2011-01,Trim Ene-Feb-Mar11.sav,ok,92,stratum,estrato
257_trim_ene_feb_mar11,EPE,2011-01,Trim Ene-Feb-Mar11.sav,ok,92,geography,dominio
257_trim_ene_feb_mar11,EPE,2011-01,Trim Ene-Feb-Mar11.sav,ok,92,month_year,
257_trim_ene_feb_mar11,EPE,2011-01,Trim Ene-Feb-Mar11.sav,ok,92,industry,
257_trim_ene_feb_mar11,EPE,2011-01,Trim Ene-Feb-Mar11.sav,ok,92,occupation,
257_trim_ene_feb_mar11,EPE,2011-01,Trim Ene-Feb-Mar11.sav,ok,92,household_id,vivienda|hogar
257_trim_ene_feb_mar11,EPE,2011-01,Trim Ene-Feb-Mar11.sav,ok,92,person_id,codperso
257_trim_ene_feb_mar11,EPE,2011-01,Trim Ene-Feb-Mar11.sav,ok,92,panel_rotation,
287_trim_ene_feb_mar2012,EPE,2012-01,Trim Ene-Feb-Mar2012.sav,ok,92,employment_indicator,ocu200
287_trim_ene_feb_mar2012,EPE,2012-01,Trim Ene-Feb-Mar2012.sav,ok,92,age,p208b1|p208b2|p208b3
287_trim_ene_feb_mar2012,EPE,2012-01,Trim Ene-Feb-Mar2012.sav,ok,92,sex,p207a|p207b
287_trim_ene_feb_mar2012,EPE,2012-01,Trim Ene-Feb-Mar2012.sav,ok,92,dependent_worker,
287_trim_ene_feb_mar2012,EPE,2012-01,Trim Ene-Feb-Mar2012.sav,ok,92,self_employment,
287_trim_ene_feb_mar2012,EPE,2012-01,Trim Ene-Feb-Mar2012.sav,ok,92,informality,
287_trim_ene_feb_mar2012,EPE,2012-01,Trim Ene-Feb-Mar2012.sav,ok,92,monthly_earnings,ingtot
287_trim_ene_feb_mar2012,EPE,2012-01,Trim Ene-Feb-Mar2012.sav,ok,92,hours,
287_trim_ene_feb_mar2012,EPE,2012-01,Trim Ene-Feb-Mar2012.sav,ok,92,weight,
287_trim_ene_feb_mar2012,EPE,2012-01,Trim Ene-Feb-Mar2012.sav,ok,92,psu,conglome
287_trim_ene_feb_mar2012,EPE,2012-01,Trim Ene-Feb-Mar2012.sav,ok,92,stratum,estrato
287_trim_ene_feb_mar2012,EPE,2012-01,Trim Ene-Feb-Mar2012.sav,ok,92,geography,dominio
287_trim_ene_feb_mar2012,EPE,2012-01,Trim Ene-Feb-Mar2012.sav,ok,92,month_year,
287_trim_ene_feb_mar2012,EPE,2012-01,Trim Ene-Feb-Mar2012.sav,ok,92,industry,
287_trim_ene_feb_mar2012,EPE,2012-01,Trim Ene-Feb-Mar2012.sav,ok,92,occupation,
287_trim_ene_feb_mar2012,EPE,2012-01,Trim Ene-Feb-Mar2012.sav,ok,92,household_id,vivienda|hogar
287_trim_ene_feb_mar2012,EPE,2012-01,Trim Ene-Feb-Mar2012.sav,ok,92,person_id,codperso
287_trim_ene_feb_mar2012,EPE,2012-01,Trim Ene-Feb-Mar2012.sav,ok,92,panel_rotation,
322_trim_ene_feb_mar13,EPE,2013-01,Trim Ene-Feb-Mar13.sav,ok,92,employment_indicator,ocu200
322_trim_ene_feb_mar13,EPE,2013-01,Trim Ene-Feb-Mar13.sav,ok,92,age,p208b1|p208b2|p208b3
322_trim_ene_feb_mar13,EPE,2013-01,Trim Ene-Feb-Mar13.sav,ok,92,sex,p207a|p207b
322_trim_ene_feb_mar13,EPE,2013-01,Trim Ene-Feb-Mar13.sav,ok,92,dependent_worker,
322_trim_ene_feb_mar13,EPE,2013-01,Trim Ene-Feb-Mar13.sav,ok,92,self_employment,
322_trim_ene_feb_mar13,EPE,2013-01,Trim Ene-Feb-Mar13.sav,ok,92,informality,
322_trim_ene_feb_mar13,EPE,2013-01,Trim Ene-Feb-Mar13.sav,ok,92,monthly_earnings,ingtot
322_trim_ene_feb_mar13,EPE,2013-01,Trim Ene-Feb-Mar13.sav,ok,92,hours,
322_trim_ene_feb_mar13,EPE,2013-01,Trim Ene-Feb-Mar13.sav,ok,92,weight,
322_trim_ene_feb_mar13,EPE,2013-01,Trim Ene-Feb-Mar13.sav,ok,92,psu,conglome
322_trim_ene_feb_mar13,EPE,2013-01,Trim Ene-Feb-Mar13.sav,ok,92,stratum,estrato
322_trim_ene_feb_mar13,EPE,2013-01,Trim Ene-Feb-Mar13.sav,ok,92,geography,dominio
322_trim_ene_feb_mar13,EPE,2013-01,Trim Ene-Feb-Mar13.sav,ok,92,month_year,
322_trim_ene_feb_mar13,EPE,2013-01,Trim Ene-Feb-Mar13.sav,ok,92,industry,
322_trim_ene_feb_mar13,EPE,2013-01,Trim Ene-Feb-Mar13.sav,ok,92,occupation,
322_trim_ene_feb_mar13,EPE,2013-01,Trim Ene-Feb-Mar13.sav,ok,92,household_id,vivienda|hogar
322_trim_ene_feb_mar13,EPE,2013-01,Trim Ene-Feb-Mar13.sav,ok,92,person_id,codperso
322_trim_ene_feb_mar13,EPE,2013-01,Trim Ene-Feb-Mar13.sav,ok,92,panel_rotation,
401_trim_ene_feb_mar14,EPE,2014-01,Trim Ene-Feb-Mar14.sav,ok,102,employment_indicator,ocu200
401_trim_ene_feb_mar14,EPE,2014-01,Trim Ene-Feb-Mar14.sav,ok,102,age,p208b1|p208b2|p208b3
401_trim_ene_feb_mar14,EPE,2014-01,Trim Ene-Feb-Mar14.sav,ok,102,sex,p207a|p207b
401_trim_ene_feb_mar14,EPE,2014-01,Trim Ene-Feb-Mar14.sav,ok,102,dependent_worker,
401_trim_ene_feb_mar14,EPE,2014-01,Trim Ene-Feb-Mar14.sav,ok,102,self_employment,
401_trim_ene_feb_mar14,EPE,2014-01,Trim Ene-Feb-Mar14.sav,ok,102,informality,
401_trim_ene_feb_mar14,EPE,2014-01,Trim Ene-Feb-Mar14.sav,ok,102,monthly_earnings,ingtot
401_trim_ene_feb_mar14,EPE,2014-01,Trim Ene-Feb-Mar14.sav,ok,102,hours,
401_trim_ene_feb_mar14,EPE,2014-01,Trim Ene-Feb-Mar14.sav,ok,102,weight,
401_trim_ene_feb_mar14,EPE,2014-01,Trim Ene-Feb-Mar14.sav,ok,102,psu,conglome
401_trim_ene_feb_mar14,EPE,2014-01,Trim Ene-Feb-Mar14.sav,ok,102,stratum,estrato
401_trim_ene_feb_mar14,EPE,2014-01,Trim Ene-Feb-Mar14.sav,ok,102,geography,dominio
401_trim_ene_feb_mar14,EPE,2014-01,Trim Ene-Feb-Mar14.sav,ok,102,month_year,
401_trim_ene_feb_mar14,EPE,2014-01,Trim Ene-Feb-Mar14.sav,ok,102,industry,
401_trim_ene_feb_mar14,EPE,2014-01,Trim Ene-Feb-Mar14.sav,ok,102,occupation,
401_trim_ene_feb_mar14,EPE,2014-01,Trim Ene-Feb-Mar14.sav,ok,102,household_id,vivienda|hogar
401_trim_ene_feb_mar14,EPE,2014-01,Trim Ene-Feb-Mar14.sav,ok,102,person_id,codperso
401_trim_ene_feb_mar14,EPE,2014-01,Trim Ene-Feb-Mar14.sav,ok,102,panel_rotation,
439_trim_ene_feb_mar15,EPE,2015-01,Trim Ene-Feb-Mar15.sav,ok,102,employment_indicator,ocu200
439_trim_ene_feb_mar15,EPE,2015-01,Trim Ene-Feb-Mar15.sav,ok,102,age,p208b1|p208b2|p208b3
439_trim_ene_feb_mar15,EPE,2015-01,Trim Ene-Feb-Mar15.sav,ok,102,sex,p207a|p207b
439_trim_ene_feb_mar15,EPE,2015-01,Trim Ene-Feb-Mar15.sav,ok,102,dependent_worker,
439_trim_ene_feb_mar15,EPE,2015-01,Trim Ene-Feb-Mar15.sav,ok,102,self_employment,
439_trim_ene_feb_mar15,EPE,2015-01,Trim Ene-Feb-Mar15.sav,ok,102,informality,
439_trim_ene_feb_mar15,EPE,2015-01,Trim Ene-Feb-Mar15.sav,ok,102,monthly_earnings,ingtot
439_trim_ene_feb_mar15,EPE,2015-01,Trim Ene-Feb-Mar15.sav,ok,102,hours,
439_trim_ene_feb_mar15,EPE,2015-01,Trim Ene-Feb-Mar15.sav,ok,102,weight,
439_trim_ene_feb_mar15,EPE,2015-01,Trim Ene-Feb-Mar15.sav,ok,102,psu,conglome
439_trim_ene_feb_mar15,EPE,2015-01,Trim Ene-Feb-Mar15.sav,ok,102,stratum,estrato
439_trim_ene_feb_mar15,EPE,2015-01,Trim Ene-Feb-Mar15.sav,ok,102,geography,dominio
439_trim_ene_feb_mar15,EPE,2015-01,Trim Ene-Feb-Mar15.sav,ok,102,month_year,
439_trim_ene_feb_mar15,EPE,2015-01,Trim Ene-Feb-Mar15.sav,ok,102,industry,
439_trim_ene_feb_mar15,EPE,2015-01,Trim Ene-Feb-Mar15.sav,ok,102,occupation,
439_trim_ene_feb_mar15,EPE,2015-01,Trim Ene-Feb-Mar15.sav,ok,102,household_id,vivienda|hogar
439_trim_ene_feb_mar15,EPE,2015-01,Trim Ene-Feb-Mar15.sav,ok,102,person_id,codperso
439_trim_ene_feb_mar15,EPE,2015-01,Trim Ene-Feb-Mar15.sav,ok,102,panel_rotation,
444_trim_feb_mar_abr15,EPE,2015-02,Trim Feb-Mar-Abr15.sav,ok,102,employment_indicator,ocu200
444_trim_feb_mar_abr15,EPE,2015-02,Trim Feb-Mar-Abr15.sav,ok,102,age,p208b1|p208b2|p208b3
444_trim_feb_mar_abr15,EPE,2015-02,Trim Feb-Mar-Abr15.sav,ok,102,sex,p207a|p207b
444_trim_feb_mar_abr15,EPE,2015-02,Trim Feb-Mar-Abr15.sav,ok,102,dependent_worker,
444_trim_feb_mar_abr15,EPE,2015-02,Trim Feb-Mar-Abr15.sav,ok,102,self_employment,
444_trim_feb_mar_abr15,EPE,2015-02,Trim Feb-Mar-Abr15.sav,ok,102,informality,
444_trim_feb_mar_abr15,EPE,2015-02,Trim Feb-Mar-Abr15.sav,ok,102,monthly_earnings,ingtot
444_trim_feb_mar_abr15,EPE,2015-02,Trim Feb-Mar-Abr15.sav,ok,102,hours,
444_trim_feb_mar_abr15,EPE,2015-02,Trim Feb-Mar-Abr15.sav,ok,102,weight,
444_trim_feb_mar_abr15,EPE,2015-02,Trim Feb-Mar-Abr15.sav,ok,102,psu,conglome
444_trim_feb_mar_abr15,EPE,2015-02,Trim Feb-Mar-Abr15.sav,ok,102,stratum,estrato
444_trim_feb_mar_abr15,EPE,2015-02,Trim Feb-Mar-Abr15.sav,ok,102,geography,dominio
444_trim_feb_mar_abr15,EPE,2015-02,Trim Feb-Mar-Abr15.sav,ok,102,month_year,
444_trim_feb_mar_abr15,EPE,2015-02,Trim Feb-Mar-Abr15.sav,ok,102,industry,
444_trim_feb_mar_abr15,EPE,2015-02,Trim Feb-Mar-Abr15.sav,ok,102,occupation,
444_trim_feb_mar_abr15,EPE,2015-02,Trim Feb-Mar-Abr15.sav,ok,102,household_id,vivienda|hogar
444_trim_feb_mar_abr15,EPE,2015-02,Trim Feb-Mar-Abr15.sav,ok,102,person_id,codperso
444_trim_feb_mar_abr15,EPE,2015-02,Trim Feb-Mar-Abr15.sav,ok,102,panel_rotation,
445_trim_mar_abr_may15,EPE,2015-03,Trim Mar-Abr-May15.sav,ok,102,employment_indicator,ocu200
445_trim_mar_abr_may15,EPE,2015-03,Trim Mar-Abr-May15.sav,ok,102,age,p208b1|p208b2|p208b3
445_trim_mar_abr_may15,EPE,2015-03,Trim Mar-Abr-May15.sav,ok,102,sex,p207a|p207b
445_trim_mar_abr_may15,EPE,2015-03,Trim Mar-Abr-May15.sav,ok,102,dependent_worker,
445_trim_mar_abr_may15,EPE,2015-03,Trim Mar-Abr-May15.sav,ok,102,self_employment,
445_trim_mar_abr_may15,EPE,2015-03,Trim Mar-Abr-May15.sav,ok,102,informality,
445_trim_mar_abr_may15,EPE,2015-03,Trim Mar-Abr-May15.sav,ok,102,monthly_earnings,ingtot
445_trim_mar_abr_may15,EPE,2015-03,Trim Mar-Abr-May15.sav,ok,102,hours,
445_trim_mar_abr_may15,EPE,2015-03,Trim Mar-Abr-May15.sav,ok,102,weight,
445_trim_mar_abr_may15,EPE,2015-03,Trim Mar-Abr-May15.sav,ok,102,psu,conglome
445_trim_mar_abr_may15,EPE,2015-03,Trim Mar-Abr-May15.sav,ok,102,stratum,estrato
445_trim_mar_abr_may15,EPE,2015-03,Trim Mar-Abr-May15.sav,ok,102,geography,dominio
445_trim_mar_abr_may15,EPE,2015-03,Trim Mar-Abr-May15.sav,ok,102,month_year,
445_trim_mar_abr_may15,EPE,2015-03,Trim Mar-Abr-May15.sav,ok,102,industry,
445_trim_mar_abr_may15,EPE,2015-03,Trim Mar-Abr-May15.sav,ok,102,occupation,
445_trim_mar_abr_may15,EPE,2015-03,Trim Mar-Abr-May15.sav,ok,102,household_id,vivienda|hogar
445_trim_mar_abr_may15,EPE,2015-03,Trim Mar-Abr-May15.sav,ok,102,person_id,codperso
445_trim_mar_abr_may15,EPE,2015-03,Trim Mar-Abr-May15.sav,ok,102,panel_rotation,
448_trim_abr_may_jun15,EPE,2015-04,Trim Abr -May -Jun15.sav,ok,102,employment_indicator,ocu200
448_trim_abr_may_jun15,EPE,2015-04,Trim Abr -May -Jun15.sav,ok,102,age,p208b1|p208b2|p208b3
448_trim_abr_may_jun15,EPE,2015-04,Trim Abr -May -Jun15.sav,ok,102,sex,p207a|p207b
448_trim_abr_may_jun15,EPE,2015-04,Trim Abr -May -Jun15.sav,ok,102,dependent_worker,
448_trim_abr_may_jun15,EPE,2015-04,Trim Abr -May -Jun15.sav,ok,102,self_employment,
448_trim_abr_may_jun15,EPE,2015-04,Trim Abr -May -Jun15.sav,ok,102,informality,
448_trim_abr_may_jun15,EPE,2015-04,Trim Abr -May -Jun15.sav,ok,102,monthly_earnings,ingtot
448_trim_abr_may_jun15,EPE,2015-04,Trim Abr -May -Jun15.sav,ok,102,hours,
448_trim_abr_may_jun15,EPE,2015-04,Trim Abr -May -Jun15.sav,ok,102,weight,
448_trim_abr_may_jun15,EPE,2015-04,Trim Abr -May -Jun15.sav,ok,102,psu,conglome
448_trim_abr_may_jun15,EPE,2015-04,Trim Abr -May -Jun15.sav,ok,102,stratum,estrato
448_trim_abr_may_jun15,EPE,2015-04,Trim Abr -May -Jun15.sav,ok,102,geography,dominio
448_trim_abr_may_jun15,EPE,2015-04,Trim Abr -May -Jun15.sav,ok,102,month_year,
448_trim_abr_may_jun15,EPE,2015-04,Trim Abr -May -Jun15.sav,ok,102,industry,
448_trim_abr_may_jun15,EPE,2015-04,Trim Abr -May -Jun15.sav,ok,102,occupation,
448_trim_abr_may_jun15,EPE,2015-04,Trim Abr -May -Jun15.sav,ok,102,household_id,vivienda|hogar
448_trim_abr_may_jun15,EPE,2015-04,Trim Abr -May -Jun15.sav,ok,102,person_id,codperso
448_trim_abr_may_jun15,EPE,2015-04,Trim Abr -May -Jun15.sav,ok,102,panel_rotation,
450_trim_may_jun_jul15,EPE,2015-05,Trim May -Jun-Jul15.sav,ok,102,employment_indicator,ocu200
450_trim_may_jun_jul15,EPE,2015-05,Trim May -Jun-Jul15.sav,ok,102,age,p208b1|p208b2|p208b3
450_trim_may_jun_jul15,EPE,2015-05,Trim May -Jun-Jul15.sav,ok,102,sex,p207a|p207b
450_trim_may_jun_jul15,EPE,2015-05,Trim May -Jun-Jul15.sav,ok,102,dependent_worker,
450_trim_may_jun_jul15,EPE,2015-05,Trim May -Jun-Jul15.sav,ok,102,self_employment,
450_trim_may_jun_jul15,EPE,2015-05,Trim May -Jun-Jul15.sav,ok,102,informality,
450_trim_may_jun_jul15,EPE,2015-05,Trim May -Jun-Jul15.sav,ok,102,monthly_earnings,ingtot
450_trim_may_jun_jul15,EPE,2015-05,Trim May -Jun-Jul15.sav,ok,102,hours,
450_trim_may_jun_jul15,EPE,2015-05,Trim May -Jun-Jul15.sav,ok,102,weight,
450_trim_may_jun_jul15,EPE,2015-05,Trim May -Jun-Jul15.sav,ok,102,psu,conglome
450_trim_may_jun_jul15,EPE,2015-05,Trim May -Jun-Jul15.sav,ok,102,stratum,estrato
450_trim_may_jun_jul15,EPE,2015-05,Trim May -Jun-Jul15.sav,ok,102,geography,dominio
450_trim_may_jun_jul15,EPE,2015-05,Trim May -Jun-Jul15.sav,ok,102,month_year,
450_trim_may_jun_jul15,EPE,2015-05,Trim May -Jun-Jul15.sav,ok,102,industry,
450_trim_may_jun_jul15,EPE,2015-05,Trim May -Jun-Jul15.sav,ok,102,occupation,
450_trim_may_jun_jul15,EPE,2015-05,Trim May -Jun-Jul15.sav,ok,102,household_id,vivienda|hogar
450_trim_may_jun_jul15,EPE,2015-05,Trim May -Jun-Jul15.sav,ok,102,person_id,codperso
450_trim_may_jun_jul15,EPE,2015-05,Trim May -Jun-Jul15.sav,ok,102,panel_rotation,
453_trim_jun_jul_ago15,EPE,2015-06,Trim Jun-Jul-Ago15.sav,ok,102,employment_indicator,ocu200
453_trim_jun_jul_ago15,EPE,2015-06,Trim Jun-Jul-Ago15.sav,ok,102,age,p208b1|p208b2|p208b3
453_trim_jun_jul_ago15,EPE,2015-06,Trim Jun-Jul-Ago15.sav,ok,102,sex,p207a|p207b
453_trim_jun_jul_ago15,EPE,2015-06,Trim Jun-Jul-Ago15.sav,ok,102,dependent_worker,
453_trim_jun_jul_ago15,EPE,2015-06,Trim Jun-Jul-Ago15.sav,ok,102,self_employment,
453_trim_jun_jul_ago15,EPE,2015-06,Trim Jun-Jul-Ago15.sav,ok,102,informality,
453_trim_jun_jul_ago15,EPE,2015-06,Trim Jun-Jul-Ago15.sav,ok,102,monthly_earnings,ingtot
453_trim_jun_jul_ago15,EPE,2015-06,Trim Jun-Jul-Ago15.sav,ok,102,hours,
453_trim_jun_jul_ago15,EPE,2015-06,Trim Jun-Jul-Ago15.sav,ok,102,weight,
453_trim_jun_jul_ago15,EPE,2015-06,Trim Jun-Jul-Ago15.sav,ok,102,psu,conglome
453_trim_jun_jul_ago15,EPE,2015-06,Trim Jun-Jul-Ago15.sav,ok,102,stratum,estrato
453_trim_jun_jul_ago15,EPE,2015-06,Trim Jun-Jul-Ago15.sav,ok,102,geography,dominio
453_trim_jun_jul_ago15,EPE,2015-06,Trim Jun-Jul-Ago15.sav,ok,102,month_year,
453_trim_jun_jul_ago15,EPE,2015-06,Trim Jun-Jul-Ago15.sav,ok,102,industry,
453_trim_jun_jul_ago15,EPE,2015-06,Trim Jun-Jul-Ago15.sav,ok,102,occupation,
453_trim_jun_jul_ago15,EPE,2015-06,Trim Jun-Jul-Ago15.sav,ok,102,household_id,vivienda|hogar
453_trim_jun_jul_ago15,EPE,2015-06,Trim Jun-Jul-Ago15.sav,ok,102,person_id,codperso
453_trim_jun_jul_ago15,EPE,2015-06,Trim Jun-Jul-Ago15.sav,ok,102,panel_rotation,
457_trim_jul_ago_set15,EPE,2015-07,Trim Jul-Ago-Set15.sav,ok,102,employment_indicator,ocu200
457_trim_jul_ago_set15,EPE,2015-07,Trim Jul-Ago-Set15.sav,ok,102,age,p208b1|p208b2|p208b3
457_trim_jul_ago_set15,EPE,2015-07,Trim Jul-Ago-Set15.sav,ok,102,sex,p207a|p207b
457_trim_jul_ago_set15,EPE,2015-07,Trim Jul-Ago-Set15.sav,ok,102,dependent_worker,
457_trim_jul_ago_set15,EPE,2015-07,Trim Jul-Ago-Set15.sav,ok,102,self_employment,
457_trim_jul_ago_set15,EPE,2015-07,Trim Jul-Ago-Set15.sav,ok,102,informality,
457_trim_jul_ago_set15,EPE,2015-07,Trim Jul-Ago-Set15.sav,ok,102,monthly_earnings,ingtot
457_trim_jul_ago_set15,EPE,2015-07,Trim Jul-Ago-Set15.sav,ok,102,hours,
457_trim_jul_ago_set15,EPE,2015-07,Trim Jul-Ago-Set15.sav,ok,102,weight,
457_trim_jul_ago_set15,EPE,2015-07,Trim Jul-Ago-Set15.sav,ok,102,psu,conglome
457_trim_jul_ago_set15,EPE,2015-07,Trim Jul-Ago-Set15.sav,ok,102,stratum,estrato
457_trim_jul_ago_set15,EPE,2015-07,Trim Jul-Ago-Set15.sav,ok,102,geography,dominio
457_trim_jul_ago_set15,EPE,2015-07,Trim Jul-Ago-Set15.sav,ok,102,month_year,
457_trim_jul_ago_set15,EPE,2015-07,Trim Jul-Ago-Set15.sav,ok,102,industry,
457_trim_jul_ago_set15,EPE,2015-07,Trim Jul-Ago-Set15.sav,ok,102,occupation,
457_trim_jul_ago_set15,EPE,2015-07,Trim Jul-Ago-Set15.sav,ok,102,household_id,vivienda|hogar
457_trim_jul_ago_set15,EPE,2015-07,Trim Jul-Ago-Set15.sav,ok,102,person_id,codperso
457_trim_jul_ago_set15,EPE,2015-07,Trim Jul-Ago-Set15.sav,ok,102,panel_rotation,
483_trim_ago_set_oct15,EPE,2015-08,Trim Ago-Set-Oct15.sav,ok,102,employment_indicator,ocu200
483_trim_ago_set_oct15,EPE,2015-08,Trim Ago-Set-Oct15.sav,ok,102,age,p208b1|p208b2|p208b3
483_trim_ago_set_oct15,EPE,2015-08,Trim Ago-Set-Oct15.sav,ok,102,sex,p207a|p207b
483_trim_ago_set_oct15,EPE,2015-08,Trim Ago-Set-Oct15.sav,ok,102,dependent_worker,
483_trim_ago_set_oct15,EPE,2015-08,Trim Ago-Set-Oct15.sav,ok,102,self_employment,
483_trim_ago_set_oct15,EPE,2015-08,Trim Ago-Set-Oct15.sav,ok,102,informality,
483_trim_ago_set_oct15,EPE,2015-08,Trim Ago-Set-Oct15.sav,ok,102,monthly_earnings,ingtot
483_trim_ago_set_oct15,EPE,2015-08,Trim Ago-Set-Oct15.sav,ok,102,hours,
483_trim_ago_set_oct15,EPE,2015-08,Trim Ago-Set-Oct15.sav,ok,102,weight,
483_trim_ago_set_oct15,EPE,2015-08,Trim Ago-Set-Oct15.sav,ok,102,psu,conglome
483_trim_ago_set_oct15,EPE,2015-08,Trim Ago-Set-Oct15.sav,ok,102,stratum,estrato
483_trim_ago_set_oct15,EPE,2015-08,Trim Ago-Set-Oct15.sav,ok,102,geography,dominio
483_trim_ago_set_oct15,EPE,2015-08,Trim Ago-Set-Oct15.sav,ok,102,month_year,
483_trim_ago_set_oct15,EPE,2015-08,Trim Ago-Set-Oct15.sav,ok,102,industry,
483_trim_ago_set_oct15,EPE,2015-08,Trim Ago-Set-Oct15.sav,ok,102,occupation,
483_trim_ago_set_oct15,EPE,2015-08,Trim Ago-Set-Oct15.sav,ok,102,household_id,vivienda|hogar
483_trim_ago_set_oct15,EPE,2015-08,Trim Ago-Set-Oct15.sav,ok,102,person_id,codperso
483_trim_ago_set_oct15,EPE,2015-08,Trim Ago-Set-Oct15.sav,ok,102,panel_rotation,
485_trim_set_oct_nov15,EPE,2015-09,Trim Set-Oct-Nov15.sav,ok,102,employment_indicator,ocu200
485_trim_set_oct_nov15,EPE,2015-09,Trim Set-Oct-Nov15.sav,ok,102,age,p208b1|p208b2|p208b3
485_trim_set_oct_nov15,EPE,2015-09,Trim Set-Oct-Nov15.sav,ok,102,sex,p207a|p207b
485_trim_set_oct_nov15,EPE,2015-09,Trim Set-Oct-Nov15.sav,ok,102,dependent_worker,
485_trim_set_oct_nov15,EPE,2015-09,Trim Set-Oct-Nov15.sav,ok,102,self_employment,
485_trim_set_oct_nov15,EPE,2015-09,Trim Set-Oct-Nov15.sav,ok,102,informality,
485_trim_set_oct_nov15,EPE,2015-09,Trim Set-Oct-Nov15.sav,ok,102,monthly_earnings,ingtot
485_trim_set_oct_nov15,EPE,2015-09,Trim Set-Oct-Nov15.sav,ok,102,hours,
485_trim_set_oct_nov15,EPE,2015-09,Trim Set-Oct-Nov15.sav,ok,102,weight,
485_trim_set_oct_nov15,EPE,2015-09,Trim Set-Oct-Nov15.sav,ok,102,psu,conglome
485_trim_set_oct_nov15,EPE,2015-09,Trim Set-Oct-Nov15.sav,ok,102,stratum,estrato
485_trim_set_oct_nov15,EPE,2015-09,Trim Set-Oct-Nov15.sav,ok,102,geography,dominio
485_trim_set_oct_nov15,EPE,2015-09,Trim Set-Oct-Nov15.sav,ok,102,month_year,
485_trim_set_oct_nov15,EPE,2015-09,Trim Set-Oct-Nov15.sav,ok,102,industry,
485_trim_set_oct_nov15,EPE,2015-09,Trim Set-Oct-Nov15.sav,ok,102,occupation,
485_trim_set_oct_nov15,EPE,2015-09,Trim Set-Oct-Nov15.sav,ok,102,household_id,vivienda|hogar
485_trim_set_oct_nov15,EPE,2015-09,Trim Set-Oct-Nov15.sav,ok,102,person_id,codperso
485_trim_set_oct_nov15,EPE,2015-09,Trim Set-Oct-Nov15.sav,ok,102,panel_rotation,
486_trim_oct_nov_dic15,EPE,2015-10,Trim Oct-Nov-Dic15.sav,ok,102,employment_indicator,ocu200
486_trim_oct_nov_dic15,EPE,2015-10,Trim Oct-Nov-Dic15.sav,ok,102,age,p208b1|p208b2|p208b3
486_trim_oct_nov_dic15,EPE,2015-10,Trim Oct-Nov-Dic15.sav,ok,102,sex,p207a|p207b
486_trim_oct_nov_dic15,EPE,2015-10,Trim Oct-Nov-Dic15.sav,ok,102,dependent_worker,
486_trim_oct_nov_dic15,EPE,2015-10,Trim Oct-Nov-Dic15.sav,ok,102,self_employment,
486_trim_oct_nov_dic15,EPE,2015-10,Trim Oct-Nov-Dic15.sav,ok,102,informality,
486_trim_oct_nov_dic15,EPE,2015-10,Trim Oct-Nov-Dic15.sav,ok,102,monthly_earnings,ingtot
486_trim_oct_nov_dic15,EPE,2015-10,Trim Oct-Nov-Dic15.sav,ok,102,hours,
486_trim_oct_nov_dic15,EPE,2015-10,Trim Oct-Nov-Dic15.sav,ok,102,weight,
486_trim_oct_nov_dic15,EPE,2015-10,Trim Oct-Nov-Dic15.sav,ok,102,psu,conglome
486_trim_oct_nov_dic15,EPE,2015-10,Trim Oct-Nov-Dic15.sav,ok,102,stratum,estrato
486_trim_oct_nov_dic15,EPE,2015-10,Trim Oct-Nov-Dic15.sav,ok,102,geography,dominio
486_trim_oct_nov_dic15,EPE,2015-10,Trim Oct-Nov-Dic15.sav,ok,102,month_year,
486_trim_oct_nov_dic15,EPE,2015-10,Trim Oct-Nov-Dic15.sav,ok,102,industry,
486_trim_oct_nov_dic15,EPE,2015-10,Trim Oct-Nov-Dic15.sav,ok,102,occupation,
486_trim_oct_nov_dic15,EPE,2015-10,Trim Oct-Nov-Dic15.sav,ok,102,household_id,vivienda|hogar
486_trim_oct_nov_dic15,EPE,2015-10,Trim Oct-Nov-Dic15.sav,ok,102,person_id,codperso
486_trim_oct_nov_dic15,EPE,2015-10,Trim Oct-Nov-Dic15.sav,ok,102,panel_rotation,
493_trim_dic_ene_feb16,EPE,2015-12,Trim Dic-Ene-Feb16.sav,ok,102,employment_indicator,ocu200
493_trim_dic_ene_feb16,EPE,2015-12,Trim Dic-Ene-Feb16.sav,ok,102,age,p208b1|p208b2|p208b3
493_trim_dic_ene_feb16,EPE,2015-12,Trim Dic-Ene-Feb16.sav,ok,102,sex,p207a|p207b
493_trim_dic_ene_feb16,EPE,2015-12,Trim Dic-Ene-Feb16.sav,ok,102,dependent_worker,
493_trim_dic_ene_feb16,EPE,2015-12,Trim Dic-Ene-Feb16.sav,ok,102,self_employment,
493_trim_dic_ene_feb16,EPE,2015-12,Trim Dic-Ene-Feb16.sav,ok,102,informality,
493_trim_dic_ene_feb16,EPE,2015-12,Trim Dic-Ene-Feb16.sav,ok,102,monthly_earnings,ingtot
493_trim_dic_ene_feb16,EPE,2015-12,Trim Dic-Ene-Feb16.sav,ok,102,hours,
493_trim_dic_ene_feb16,EPE,2015-12,Trim Dic-Ene-Feb16.sav,ok,102,weight,
493_trim_dic_ene_feb16,EPE,2015-12,Trim Dic-Ene-Feb16.sav,ok,102,psu,conglome
493_trim_dic_ene_feb16,EPE,2015-12,Trim Dic-Ene-Feb16.sav,ok,102,stratum,estrato
493_trim_dic_ene_feb16,EPE,2015-12,Trim Dic-Ene-Feb16.sav,ok,102,geography,dominio
493_trim_dic_ene_feb16,EPE,2015-12,Trim Dic-Ene-Feb16.sav,ok,102,month_year,
493_trim_dic_ene_feb16,EPE,2015-12,Trim Dic-Ene-Feb16.sav,ok,102,industry,
493_trim_dic_ene_feb16,EPE,2015-12,Trim Dic-Ene-Feb16.sav,ok,102,occupation,
493_trim_dic_ene_feb16,EPE,2015-12,Trim Dic-Ene-Feb16.sav,ok,102,household_id,vivienda|hogar
493_trim_dic_ene_feb16,EPE,2015-12,Trim Dic-Ene-Feb16.sav,ok,102,person_id,codperso
493_trim_dic_ene_feb16,EPE,2015-12,Trim Dic-Ene-Feb16.sav,ok,102,panel_rotation,
496_trim_ene_feb_mar16,EPE,2016-01,Trim Ene-Feb-Mar16.sav,ok,102,employment_indicator,ocu200
496_trim_ene_feb_mar16,EPE,2016-01,Trim Ene-Feb-Mar16.sav,ok,102,age,p208b1|p208b2|p208b3
496_trim_ene_feb_mar16,EPE,2016-01,Trim Ene-Feb-Mar16.sav,ok,102,sex,p207a|p207b
496_trim_ene_feb_mar16,EPE,2016-01,Trim Ene-Feb-Mar16.sav,ok,102,dependent_worker,
496_trim_ene_feb_mar16,EPE,2016-01,Trim Ene-Feb-Mar16.sav,ok,102,self_employment,
496_trim_ene_feb_mar16,EPE,2016-01,Trim Ene-Feb-Mar16.sav,ok,102,informality,
496_trim_ene_feb_mar16,EPE,2016-01,Trim Ene-Feb-Mar16.sav,ok,102,monthly_earnings,ingtot
496_trim_ene_feb_mar16,EPE,2016-01,Trim Ene-Feb-Mar16.sav,ok,102,hours,
496_trim_ene_feb_mar16,EPE,2016-01,Trim Ene-Feb-Mar16.sav,ok,102,weight,
496_trim_ene_feb_mar16,EPE,2016-01,Trim Ene-Feb-Mar16.sav,ok,102,psu,conglome
496_trim_ene_feb_mar16,EPE,2016-01,Trim Ene-Feb-Mar16.sav,ok,102,stratum,estrato
496_trim_ene_feb_mar16,EPE,2016-01,Trim Ene-Feb-Mar16.sav,ok,102,geography,dominio
496_trim_ene_feb_mar16,EPE,2016-01,Trim Ene-Feb-Mar16.sav,ok,102,month_year,
496_trim_ene_feb_mar16,EPE,2016-01,Trim Ene-Feb-Mar16.sav,ok,102,industry,
496_trim_ene_feb_mar16,EPE,2016-01,Trim Ene-Feb-Mar16.sav,ok,102,occupation,
496_trim_ene_feb_mar16,EPE,2016-01,Trim Ene-Feb-Mar16.sav,ok,102,household_id,vivienda|hogar
496_trim_ene_feb_mar16,EPE,2016-01,Trim Ene-Feb-Mar16.sav,ok,102,person_id,codperso
496_trim_ene_feb_mar16,EPE,2016-01,Trim Ene-Feb-Mar16.sav,ok,102,panel_rotation,
501_trim_feb_mar_abr16,EPE,2016-02,Trim Feb-Mar-Abr16.sav,ok,102,employment_indicator,ocu200
501_trim_feb_mar_abr16,EPE,2016-02,Trim Feb-Mar-Abr16.sav,ok,102,age,p208b1|p208b2|p208b3
501_trim_feb_mar_abr16,EPE,2016-02,Trim Feb-Mar-Abr16.sav,ok,102,sex,p207a|p207b
501_trim_feb_mar_abr16,EPE,2016-02,Trim Feb-Mar-Abr16.sav,ok,102,dependent_worker,
501_trim_feb_mar_abr16,EPE,2016-02,Trim Feb-Mar-Abr16.sav,ok,102,self_employment,
501_trim_feb_mar_abr16,EPE,2016-02,Trim Feb-Mar-Abr16.sav,ok,102,informality,
501_trim_feb_mar_abr16,EPE,2016-02,Trim Feb-Mar-Abr16.sav,ok,102,monthly_earnings,ingtot
501_trim_feb_mar_abr16,EPE,2016-02,Trim Feb-Mar-Abr16.sav,ok,102,hours,
501_trim_feb_mar_abr16,EPE,2016-02,Trim Feb-Mar-Abr16.sav,ok,102,weight,
501_trim_feb_mar_abr16,EPE,2016-02,Trim Feb-Mar-Abr16.sav,ok,102,psu,conglome
501_trim_feb_mar_abr16,EPE,2016-02,Trim Feb-Mar-Abr16.sav,ok,102,stratum,estrato
501_trim_feb_mar_abr16,EPE,2016-02,Trim Feb-Mar-Abr16.sav,ok,102,geography,dominio
501_trim_feb_mar_abr16,EPE,2016-02,Trim Feb-Mar-Abr16.sav,ok,102,month_year,
501_trim_feb_mar_abr16,EPE,2016-02,Trim Feb-Mar-Abr16.sav,ok,102,industry,
501_trim_feb_mar_abr16,EPE,2016-02,Trim Feb-Mar-Abr16.sav,ok,102,occupation,
501_trim_feb_mar_abr16,EPE,2016-02,Trim Feb-Mar-Abr16.sav,ok,102,household_id,vivienda|hogar
501_trim_feb_mar_abr16,EPE,2016-02,Trim Feb-Mar-Abr16.sav,ok,102,person_id,codperso
501_trim_feb_mar_abr16,EPE,2016-02,Trim Feb-Mar-Abr16.sav,ok,102,panel_rotation,
509_trim_mar_abr_may16,EPE,2016-03,Trim Mar-Abr-May16.csv,ok,102,employment_indicator,ocu200
509_trim_mar_abr_may16,EPE,2016-03,Trim Mar-Abr-May16.csv,ok,102,age,p208b1|p208b2|p208b3
509_trim_mar_abr_may16,EPE,2016-03,Trim Mar-Abr-May16.csv,ok,102,sex,p207a|p207b
509_trim_mar_abr_may16,EPE,2016-03,Trim Mar-Abr-May16.csv,ok,102,dependent_worker,
509_trim_mar_abr_may16,EPE,2016-03,Trim Mar-Abr-May16.csv,ok,102,self_employment,
509_trim_mar_abr_may16,EPE,2016-03,Trim Mar-Abr-May16.csv,ok,102,informality,
509_trim_mar_abr_may16,EPE,2016-03,Trim Mar-Abr-May16.csv,ok,102,monthly_earnings,ingtot
509_trim_mar_abr_may16,EPE,2016-03,Trim Mar-Abr-May16.csv,ok,102,hours,
509_trim_mar_abr_may16,EPE,2016-03,Trim Mar-Abr-May16.csv,ok,102,weight,
509_trim_mar_abr_may16,EPE,2016-03,Trim Mar-Abr-May16.csv,ok,102,psu,conglome
509_trim_mar_abr_may16,EPE,2016-03,Trim Mar-Abr-May16.csv,ok,102,stratum,estrato
509_trim_mar_abr_may16,EPE,2016-03,Trim Mar-Abr-May16.csv,ok,102,geography,dominio
509_trim_mar_abr_may16,EPE,2016-03,Trim Mar-Abr-May16.csv,ok,102,month_year,
509_trim_mar_abr_may16,EPE,2016-03,Trim Mar-Abr-May16.csv,ok,102,industry,
509_trim_mar_abr_may16,EPE,2016-03,Trim Mar-Abr-May16.csv,ok,102,occupation,
509_trim_mar_abr_may16,EPE,2016-03,Trim Mar-Abr-May16.csv,ok,102,household_id,vivienda|hogar
509_trim_mar_abr_may16,EPE,2016-03,Trim Mar-Abr-May16.csv,ok,102,person_id,codperso
509_trim_mar_abr_may16,EPE,2016-03,Trim Mar-Abr-May16.csv,ok,102,panel_rotation,
514_trim_abr_may_jun16,EPE,2016-04,Trim Abr-May-Jun16.csv,ok,102,employment_indicator,ocu200
514_trim_abr_may_jun16,EPE,2016-04,Trim Abr-May-Jun16.csv,ok,102,age,p208b1|p208b2|p208b3
514_trim_abr_may_jun16,EPE,2016-04,Trim Abr-May-Jun16.csv,ok,102,sex,p207a|p207b
514_trim_abr_may_jun16,EPE,2016-04,Trim Abr-May-Jun16.csv,ok,102,dependent_worker,
514_trim_abr_may_jun16,EPE,2016-04,Trim Abr-May-Jun16.csv,ok,102,self_employment,
514_trim_abr_may_jun16,EPE,2016-04,Trim Abr-May-Jun16.csv,ok,102,informality,
514_trim_abr_may_jun16,EPE,2016-04,Trim Abr-May-Jun16.csv,ok,102,monthly_earnings,ingtot
514_trim_abr_may_jun16,EPE,2016-04,Trim Abr-May-Jun16.csv,ok,102,hours,
514_trim_abr_may_jun16,EPE,2016-04,Trim Abr-May-Jun16.csv,ok,102,weight,
514_trim_abr_may_jun16,EPE,2016-04,Trim Abr-May-Jun16.csv,ok,102,psu,conglome
514_trim_abr_may_jun16,EPE,2016-04,Trim Abr-May-Jun16.csv,ok,102,stratum,estrato
514_trim_abr_may_jun16,EPE,2016-04,Trim Abr-May-Jun16.csv,ok,102,geography,dominio
514_trim_abr_may_jun16,EPE,2016-04,Trim Abr-May-Jun16.csv,ok,102,month_year,
514_trim_abr_may_jun16,EPE,2016-04,Trim Abr-May-Jun16.csv,ok,102,industry,
514_trim_abr_may_jun16,EPE,2016-04,Trim Abr-May-Jun16.csv,ok,102,occupation,
514_trim_abr_may_jun16,EPE,2016-04,Trim Abr-May-Jun16.csv,ok,102,household_id,vivienda|hogar
514_trim_abr_may_jun16,EPE,2016-04,Trim Abr-May-Jun16.csv,ok,102,person_id,codperso
514_trim_abr_may_jun16,EPE,2016-04,Trim Abr-May-Jun16.csv,ok,102,panel_rotation,
519_trim_may_jun_jul16,EPE,2016-05,Trim May-Jun-Jul16.csv,ok,102,employment_indicator,ocu200
519_trim_may_jun_jul16,EPE,2016-05,Trim May-Jun-Jul16.csv,ok,102,age,p208b1|p208b2|p208b3
519_trim_may_jun_jul16,EPE,2016-05,Trim May-Jun-Jul16.csv,ok,102,sex,p207a|p207b
519_trim_may_jun_jul16,EPE,2016-05,Trim May-Jun-Jul16.csv,ok,102,dependent_worker,
519_trim_may_jun_jul16,EPE,2016-05,Trim May-Jun-Jul16.csv,ok,102,self_employment,
519_trim_may_jun_jul16,EPE,2016-05,Trim May-Jun-Jul16.csv,ok,102,informality,
519_trim_may_jun_jul16,EPE,2016-05,Trim May-Jun-Jul16.csv,ok,102,monthly_earnings,ingtot
519_trim_may_jun_jul16,EPE,2016-05,Trim May-Jun-Jul16.csv,ok,102,hours,
519_trim_may_jun_jul16,EPE,2016-05,Trim May-Jun-Jul16.csv,ok,102,weight,
519_trim_may_jun_jul16,EPE,2016-05,Trim May-Jun-Jul16.csv,ok,102,psu,conglome
519_trim_may_jun_jul16,EPE,2016-05,Trim May-Jun-Jul16.csv,ok,102,stratum,estrato
519_trim_may_jun_jul16,EPE,2016-05,Trim May-Jun-Jul16.csv,ok,102,geography,dominio
519_trim_may_jun_jul16,EPE,2016-05,Trim May-Jun-Jul16.csv,ok,102,month_year,
519_trim_may_jun_jul16,EPE,2016-05,Trim May-Jun-Jul16.csv,ok,102,industry,
519_trim_may_jun_jul16,EPE,2016-05,Trim May-Jun-Jul16.csv,ok,102,occupation,
519_trim_may_jun_jul16,EPE,2016-05,Trim May-Jun-Jul16.csv,ok,102,household_id,vivienda|hogar
519_trim_may_jun_jul16,EPE,2016-05,Trim May-Jun-Jul16.csv,ok,102,person_id,codperso
519_trim_may_jun_jul16,EPE,2016-05,Trim May-Jun-Jul16.csv,ok,102,panel_rotation,
527_trim_jun_jul_ago16,EPE,2016-06,Trim Jun-Jul-Ago16.csv,ok,102,employment_indicator,ocu200
527_trim_jun_jul_ago16,EPE,2016-06,Trim Jun-Jul-Ago16.csv,ok,102,age,p208b1|p208b2|p208b3
527_trim_jun_jul_ago16,EPE,2016-06,Trim Jun-Jul-Ago16.csv,ok,102,sex,p207a|p207b
527_trim_jun_jul_ago16,EPE,2016-06,Trim Jun-Jul-Ago16.csv,ok,102,dependent_worker,
527_trim_jun_jul_ago16,EPE,2016-06,Trim Jun-Jul-Ago16.csv,ok,102,self_employment,
527_trim_jun_jul_ago16,EPE,2016-06,Trim Jun-Jul-Ago16.csv,ok,102,informality,
527_trim_jun_jul_ago16,EPE,2016-06,Trim Jun-Jul-Ago16.csv,ok,102,monthly_earnings,ingtot
527_trim_jun_jul_ago16,EPE,2016-06,Trim Jun-Jul-Ago16.csv,ok,102,hours,
527_trim_jun_jul_ago16,EPE,2016-06,Trim Jun-Jul-Ago16.csv,ok,102,weight,
527_trim_jun_jul_ago16,EPE,2016-06,Trim Jun-Jul-Ago16.csv,ok,102,psu,conglome
527_trim_jun_jul_ago16,EPE,2016-06,Trim Jun-Jul-Ago16.csv,ok,102,stratum,estrato
527_trim_jun_jul_ago16,EPE,2016-06,Trim Jun-Jul-Ago16.csv,ok,102,geography,dominio
527_trim_jun_jul_ago16,EPE,2016-06,Trim Jun-Jul-Ago16.csv,ok,102,month_year,
527_trim_jun_jul_ago16,EPE,2016-06,Trim Jun-Jul-Ago16.csv,ok,102,industry,
527_trim_jun_jul_ago16,EPE,2016-06,Trim Jun-Jul-Ago16.csv,ok,102,occupation,
527_trim_jun_jul_ago16,EPE,2016-06,Trim Jun-Jul-Ago16.csv,ok,102,household_id,vivienda|hogar
527_trim_jun_jul_ago16,EPE,2016-06,Trim Jun-Jul-Ago16.csv,ok,102,person_id,codperso
527_trim_jun_jul_ago16,EPE,2016-06,Trim Jun-Jul-Ago16.csv,ok,102,panel_rotation,
531_trim_jul_ago_set16,EPE,2016-07,Trim Jul-Ago-Set16.csv,ok,102,employment_indicator,ocu200
531_trim_jul_ago_set16,EPE,2016-07,Trim Jul-Ago-Set16.csv,ok,102,age,p208b1|p208b2|p208b3
531_trim_jul_ago_set16,EPE,2016-07,Trim Jul-Ago-Set16.csv,ok,102,sex,p207a|p207b
531_trim_jul_ago_set16,EPE,2016-07,Trim Jul-Ago-Set16.csv,ok,102,dependent_worker,
531_trim_jul_ago_set16,EPE,2016-07,Trim Jul-Ago-Set16.csv,ok,102,self_employment,
531_trim_jul_ago_set16,EPE,2016-07,Trim Jul-Ago-Set16.csv,ok,102,informality,
531_trim_jul_ago_set16,EPE,2016-07,Trim Jul-Ago-Set16.csv,ok,102,monthly_earnings,ingtot
531_trim_jul_ago_set16,EPE,2016-07,Trim Jul-Ago-Set16.csv,ok,102,hours,
531_trim_jul_ago_set16,EPE,2016-07,Trim Jul-Ago-Set16.csv,ok,102,weight,
531_trim_jul_ago_set16,EPE,2016-07,Trim Jul-Ago-Set16.csv,ok,102,psu,conglome
531_trim_jul_ago_set16,EPE,2016-07,Trim Jul-Ago-Set16.csv,ok,102,stratum,estrato
531_trim_jul_ago_set16,EPE,2016-07,Trim Jul-Ago-Set16.csv,ok,102,geography,dominio
531_trim_jul_ago_set16,EPE,2016-07,Trim Jul-Ago-Set16.csv,ok,102,month_year,
531_trim_jul_ago_set16,EPE,2016-07,Trim Jul-Ago-Set16.csv,ok,102,industry,
531_trim_jul_ago_set16,EPE,2016-07,Trim Jul-Ago-Set16.csv,ok,102,occupation,
531_trim_jul_ago_set16,EPE,2016-07,Trim Jul-Ago-Set16.csv,ok,102,household_id,vivienda|hogar
531_trim_jul_ago_set16,EPE,2016-07,Trim Jul-Ago-Set16.csv,ok,102,person_id,codperso
531_trim_jul_ago_set16,EPE,2016-07,Trim Jul-Ago-Set16.csv,ok,102,panel_rotation,
532_trim_ago_set_oct16,EPE,2016-08,Trim Ago-Set-Oct16.csv,ok,102,employment_indicator,ocu200
532_trim_ago_set_oct16,EPE,2016-08,Trim Ago-Set-Oct16.csv,ok,102,age,p208b1|p208b2|p208b3
532_trim_ago_set_oct16,EPE,2016-08,Trim Ago-Set-Oct16.csv,ok,102,sex,p207a|p207b
532_trim_ago_set_oct16,EPE,2016-08,Trim Ago-Set-Oct16.csv,ok,102,dependent_worker,
532_trim_ago_set_oct16,EPE,2016-08,Trim Ago-Set-Oct16.csv,ok,102,self_employment,
532_trim_ago_set_oct16,EPE,2016-08,Trim Ago-Set-Oct16.csv,ok,102,informality,
532_trim_ago_set_oct16,EPE,2016-08,Trim Ago-Set-Oct16.csv,ok,102,monthly_earnings,ingtot
532_trim_ago_set_oct16,EPE,2016-08,Trim Ago-Set-Oct16.csv,ok,102,hours,
532_trim_ago_set_oct16,EPE,2016-08,Trim Ago-Set-Oct16.csv,ok,102,weight,
532_trim_ago_set_oct16,EPE,2016-08,Trim Ago-Set-Oct16.csv,ok,102,psu,conglome
532_trim_ago_set_oct16,EPE,2016-08,Trim Ago-Set-Oct16.csv,ok,102,stratum,estrato
532_trim_ago_set_oct16,EPE,2016-08,Trim Ago-Set-Oct16.csv,ok,102,geography,dominio
532_trim_ago_set_oct16,EPE,2016-08,Trim Ago-Set-Oct16.csv,ok,102,month_year,
532_trim_ago_set_oct16,EPE,2016-08,Trim Ago-Set-Oct16.csv,ok,102,industry,
532_trim_ago_set_oct16,EPE,2016-08,Trim Ago-Set-Oct16.csv,ok,102,occupation,
532_trim_ago_set_oct16,EPE,2016-08,Trim Ago-Set-Oct16.csv,ok,102,household_id,vivienda|hogar
532_trim_ago_set_oct16,EPE,2016-08,Trim Ago-Set-Oct16.csv,ok,102,person_id,codperso
532_trim_ago_set_oct16,EPE,2016-08,Trim Ago-Set-Oct16.csv,ok,102,panel_rotation,
535_trim_set_oct_nov16,EPE,2016-09,Trim Set-Oct-Nov16.csv,ok,102,employment_indicator,ocu200
535_trim_set_oct_nov16,EPE,2016-09,Trim Set-Oct-Nov16.csv,ok,102,age,p208b1|p208b2|p208b3
535_trim_set_oct_nov16,EPE,2016-09,Trim Set-Oct-Nov16.csv,ok,102,sex,p207a|p207b
535_trim_set_oct_nov16,EPE,2016-09,Trim Set-Oct-Nov16.csv,ok,102,dependent_worker,
535_trim_set_oct_nov16,EPE,2016-09,Trim Set-Oct-Nov16.csv,ok,102,self_employment,
535_trim_set_oct_nov16,EPE,2016-09,Trim Set-Oct-Nov16.csv,ok,102,informality,
535_trim_set_oct_nov16,EPE,2016-09,Trim Set-Oct-Nov16.csv,ok,102,monthly_earnings,ingtot
535_trim_set_oct_nov16,EPE,2016-09,Trim Set-Oct-Nov16.csv,ok,102,hours,
535_trim_set_oct_nov16,EPE,2016-09,Trim Set-Oct-Nov16.csv,ok,102,weight,
535_trim_set_oct_nov16,EPE,2016-09,Trim Set-Oct-Nov16.csv,ok,102,psu,conglome
535_trim_set_oct_nov16,EPE,2016-09,Trim Set-Oct-Nov16.csv,ok,102,stratum,estrato
535_trim_set_oct_nov16,EPE,2016-09,Trim Set-Oct-Nov16.csv,ok,102,geography,dominio
535_trim_set_oct_nov16,EPE,2016-09,Trim Set-Oct-Nov16.csv,ok,102,month_year,
535_trim_set_oct_nov16,EPE,2016-09,Trim Set-Oct-Nov16.csv,ok,102,industry,
535_trim_set_oct_nov16,EPE,2016-09,Trim Set-Oct-Nov16.csv,ok,102,occupation,
535_trim_set_oct_nov16,EPE,2016-09,Trim Set-Oct-Nov16.csv,ok,102,household_id,vivienda|hogar
535_trim_set_oct_nov16,EPE,2016-09,Trim Set-Oct-Nov16.csv,ok,102,person_id,codperso
535_trim_set_oct_nov16,EPE,2016-09,Trim Set-Oct-Nov16.csv,ok,102,panel_rotation,
537_trim_oct_nov_dic16,EPE,2016-10,Trim Oct-Nov-Dic16.csv,ok,102,employment_indicator,ocu200
537_trim_oct_nov_dic16,EPE,2016-10,Trim Oct-Nov-Dic16.csv,ok,102,age,p208b1|p208b2|p208b3
537_trim_oct_nov_dic16,EPE,2016-10,Trim Oct-Nov-Dic16.csv,ok,102,sex,p207a|p207b
537_trim_oct_nov_dic16,EPE,2016-10,Trim Oct-Nov-Dic16.csv,ok,102,dependent_worker,
537_trim_oct_nov_dic16,EPE,2016-10,Trim Oct-Nov-Dic16.csv,ok,102,self_employment,
537_trim_oct_nov_dic16,EPE,2016-10,Trim Oct-Nov-Dic16.csv,ok,102,informality,
537_trim_oct_nov_dic16,EPE,2016-10,Trim Oct-Nov-Dic16.csv,ok,102,monthly_earnings,ingtot
537_trim_oct_nov_dic16,EPE,2016-10,Trim Oct-Nov-Dic16.csv,ok,102,hours,
537_trim_oct_nov_dic16,EPE,2016-10,Trim Oct-Nov-Dic16.csv,ok,102,weight,
537_trim_oct_nov_dic16,EPE,2016-10,Trim Oct-Nov-Dic16.csv,ok,102,psu,conglome
537_trim_oct_nov_dic16,EPE,2016-10,Trim Oct-Nov-Dic16.csv,ok,102,stratum,estrato
537_trim_oct_nov_dic16,EPE,2016-10,Trim Oct-Nov-Dic16.csv,ok,102,geography,dominio
537_trim_oct_nov_dic16,EPE,2016-10,Trim Oct-Nov-Dic16.csv,ok,102,month_year,
537_trim_oct_nov_dic16,EPE,2016-10,Trim Oct-Nov-Dic16.csv,ok,102,industry,
537_trim_oct_nov_dic16,EPE,2016-10,Trim Oct-Nov-Dic16.csv,ok,102,occupation,
537_trim_oct_nov_dic16,EPE,2016-10,Trim Oct-Nov-Dic16.csv,ok,102,household_id,vivienda|hogar
537_trim_oct_nov_dic16,EPE,2016-10,Trim Oct-Nov-Dic16.csv,ok,102,person_id,codperso
537_trim_oct_nov_dic16,EPE,2016-10,Trim Oct-Nov-Dic16.csv,ok,102,panel_rotation,
539_trim_nov_dic_ene17,EPE,2016-11,Trim Nov-Dic-Ene17.csv,ok,102,employment_indicator,ocu200
539_trim_nov_dic_ene17,EPE,2016-11,Trim Nov-Dic-Ene17.csv,ok,102,age,p208b1|p208b2|p208b3
539_trim_nov_dic_ene17,EPE,2016-11,Trim Nov-Dic-Ene17.csv,ok,102,sex,p207a|p207b
539_trim_nov_dic_ene17,EPE,2016-11,Trim Nov-Dic-Ene17.csv,ok,102,dependent_worker,
539_trim_nov_dic_ene17,EPE,2016-11,Trim Nov-Dic-Ene17.csv,ok,102,self_employment,
539_trim_nov_dic_ene17,EPE,2016-11,Trim Nov-Dic-Ene17.csv,ok,102,informality,
539_trim_nov_dic_ene17,EPE,2016-11,Trim Nov-Dic-Ene17.csv,ok,102,monthly_earnings,ingtot
539_trim_nov_dic_ene17,EPE,2016-11,Trim Nov-Dic-Ene17.csv,ok,102,hours,
539_trim_nov_dic_ene17,EPE,2016-11,Trim Nov-Dic-Ene17.csv,ok,102,weight,
539_trim_nov_dic_ene17,EPE,2016-11,Trim Nov-Dic-Ene17.csv,ok,102,psu,conglome
539_trim_nov_dic_ene17,EPE,2016-11,Trim Nov-Dic-Ene17.csv,ok,102,stratum,estrato
539_trim_nov_dic_ene17,EPE,2016-11,Trim Nov-Dic-Ene17.csv,ok,102,geography,dominio
539_trim_nov_dic_ene17,EPE,2016-11,Trim Nov-Dic-Ene17.csv,ok,102,month_year,
539_trim_nov_dic_ene17,EPE,2016-11,Trim Nov-Dic-Ene17.csv,ok,102,industry,
539_trim_nov_dic_ene17,EPE,2016-11,Trim Nov-Dic-Ene17.csv,ok,102,occupation,
539_trim_nov_dic_ene17,EPE,2016-11,Trim Nov-Dic-Ene17.csv,ok,102,household_id,vivienda|hogar
539_trim_nov_dic_ene17,EPE,2016-11,Trim Nov-Dic-Ene17.csv,ok,102,person_id,codperso
539_trim_nov_dic_ene17,EPE,2016-11,Trim Nov-Dic-Ene17.csv,ok,102,panel_rotation,
542_trim_dic_ene_feb17,EPE,2016-12,Trim Dic-Ene-Feb17.csv,ok,102,employment_indicator,ocu200
542_trim_dic_ene_feb17,EPE,2016-12,Trim Dic-Ene-Feb17.csv,ok,102,age,p208b1|p208b2|p208b3
542_trim_dic_ene_feb17,EPE,2016-12,Trim Dic-Ene-Feb17.csv,ok,102,sex,p207a|p207b
542_trim_dic_ene_feb17,EPE,2016-12,Trim Dic-Ene-Feb17.csv,ok,102,dependent_worker,
542_trim_dic_ene_feb17,EPE,2016-12,Trim Dic-Ene-Feb17.csv,ok,102,self_employment,
542_trim_dic_ene_feb17,EPE,2016-12,Trim Dic-Ene-Feb17.csv,ok,102,informality,
542_trim_dic_ene_feb17,EPE,2016-12,Trim Dic-Ene-Feb17.csv,ok,102,monthly_earnings,ingtot
542_trim_dic_ene_feb17,EPE,2016-12,Trim Dic-Ene-Feb17.csv,ok,102,hours,
542_trim_dic_ene_feb17,EPE,2016-12,Trim Dic-Ene-Feb17.csv,ok,102,weight,
542_trim_dic_ene_feb17,EPE,2016-12,Trim Dic-Ene-Feb17.csv,ok,102,psu,conglome
542_trim_dic_ene_feb17,EPE,2016-12,Trim Dic-Ene-Feb17.csv,ok,102,stratum,estrato
542_trim_dic_ene_feb17,EPE,2016-12,Trim Dic-Ene-Feb17.csv,ok,102,geography,dominio
542_trim_dic_ene_feb17,EPE,2016-12,Trim Dic-Ene-Feb17.csv,ok,102,month_year,
542_trim_dic_ene_feb17,EPE,2016-12,Trim Dic-Ene-Feb17.csv,ok,102,industry,
542_trim_dic_ene_feb17,EPE,2016-12,Trim Dic-Ene-Feb17.csv,ok,102,occupation,
542_trim_dic_ene_feb17,EPE,2016-12,Trim Dic-Ene-Feb17.csv,ok,102,household_id,vivienda|hogar
542_trim_dic_ene_feb17,EPE,2016-12,Trim Dic-Ene-Feb17.csv,ok,102,person_id,codperso
542_trim_dic_ene_feb17,EPE,2016-12,Trim Dic-Ene-Feb17.csv,ok,102,panel_rotation,
545_trim_ene_feb_mar17,EPE,2017-01,Trim Ene-Feb-Mar17.csv,ok,102,employment_indicator,ocu200
545_trim_ene_feb_mar17,EPE,2017-01,Trim Ene-Feb-Mar17.csv,ok,102,age,p208b1|p208b2|p208b3
545_trim_ene_feb_mar17,EPE,2017-01,Trim Ene-Feb-Mar17.csv,ok,102,sex,p207a|p207b
545_trim_ene_feb_mar17,EPE,2017-01,Trim Ene-Feb-Mar17.csv,ok,102,dependent_worker,
545_trim_ene_feb_mar17,EPE,2017-01,Trim Ene-Feb-Mar17.csv,ok,102,self_employment,
545_trim_ene_feb_mar17,EPE,2017-01,Trim Ene-Feb-Mar17.csv,ok,102,informality,
545_trim_ene_feb_mar17,EPE,2017-01,Trim Ene-Feb-Mar17.csv,ok,102,monthly_earnings,ingtot
545_trim_ene_feb_mar17,EPE,2017-01,Trim Ene-Feb-Mar17.csv,ok,102,hours,
545_trim_ene_feb_mar17,EPE,2017-01,Trim Ene-Feb-Mar17.csv,ok,102,weight,
545_trim_ene_feb_mar17,EPE,2017-01,Trim Ene-Feb-Mar17.csv,ok,102,psu,conglome
545_trim_ene_feb_mar17,EPE,2017-01,Trim Ene-Feb-Mar17.csv,ok,102,stratum,estrato
545_trim_ene_feb_mar17,EPE,2017-01,Trim Ene-Feb-Mar17.csv,ok,102,geography,dominio
545_trim_ene_feb_mar17,EPE,2017-01,Trim Ene-Feb-Mar17.csv,ok,102,month_year,
545_trim_ene_feb_mar17,EPE,2017-01,Trim Ene-Feb-Mar17.csv,ok,102,industry,
545_trim_ene_feb_mar17,EPE,2017-01,Trim Ene-Feb-Mar17.csv,ok,102,occupation,
545_trim_ene_feb_mar17,EPE,2017-01,Trim Ene-Feb-Mar17.csv,ok,102,household_id,vivienda|hogar
545_trim_ene_feb_mar17,EPE,2017-01,Trim Ene-Feb-Mar17.csv,ok,102,person_id,codperso
545_trim_ene_feb_mar17,EPE,2017-01,Trim Ene-Feb-Mar17.csv,ok,102,panel_rotation,
549_trim_feb_mar_abr17,EPE,2017-02,Trim Feb-Mar-Abr17.csv,ok,102,employment_indicator,ocu200
549_trim_feb_mar_abr17,EPE,2017-02,Trim Feb-Mar-Abr17.csv,ok,102,age,p208b1|p208b2|p208b3
549_trim_feb_mar_abr17,EPE,2017-02,Trim Feb-Mar-Abr17.csv,ok,102,sex,p207a|p207b
549_trim_feb_mar_abr17,EPE,2017-02,Trim Feb-Mar-Abr17.csv,ok,102,dependent_worker,
549_trim_feb_mar_abr17,EPE,2017-02,Trim Feb-Mar-Abr17.csv,ok,102,self_employment,
549_trim_feb_mar_abr17,EPE,2017-02,Trim Feb-Mar-Abr17.csv,ok,102,informality,
549_trim_feb_mar_abr17,EPE,2017-02,Trim Feb-Mar-Abr17.csv,ok,102,monthly_earnings,ingtot
549_trim_feb_mar_abr17,EPE,2017-02,Trim Feb-Mar-Abr17.csv,ok,102,hours,
549_trim_feb_mar_abr17,EPE,2017-02,Trim Feb-Mar-Abr17.csv,ok,102,weight,
549_trim_feb_mar_abr17,EPE,2017-02,Trim Feb-Mar-Abr17.csv,ok,102,psu,conglome
549_trim_feb_mar_abr17,EPE,2017-02,Trim Feb-Mar-Abr17.csv,ok,102,stratum,estrato
549_trim_feb_mar_abr17,EPE,2017-02,Trim Feb-Mar-Abr17.csv,ok,102,geography,dominio
549_trim_feb_mar_abr17,EPE,2017-02,Trim Feb-Mar-Abr17.csv,ok,102,month_year,
549_trim_feb_mar_abr17,EPE,2017-02,Trim Feb-Mar-Abr17.csv,ok,102,industry,
549_trim_feb_mar_abr17,EPE,2017-02,Trim Feb-Mar-Abr17.csv,ok,102,occupation,
549_trim_feb_mar_abr17,EPE,2017-02,Trim Feb-Mar-Abr17.csv,ok,102,household_id,vivienda|hogar
549_trim_feb_mar_abr17,EPE,2017-02,Trim Feb-Mar-Abr17.csv,ok,102,person_id,codperso
549_trim_feb_mar_abr17,EPE,2017-02,Trim Feb-Mar-Abr17.csv,ok,102,panel_rotation,
550_trim_mar_abr_may17,EPE,2017-03,Trim Mar-Abr-May17.csv,ok,102,employment_indicator,ocu200
550_trim_mar_abr_may17,EPE,2017-03,Trim Mar-Abr-May17.csv,ok,102,age,p208b1|p208b2|p208b3
550_trim_mar_abr_may17,EPE,2017-03,Trim Mar-Abr-May17.csv,ok,102,sex,p207a|p207b
550_trim_mar_abr_may17,EPE,2017-03,Trim Mar-Abr-May17.csv,ok,102,dependent_worker,
550_trim_mar_abr_may17,EPE,2017-03,Trim Mar-Abr-May17.csv,ok,102,self_employment,
550_trim_mar_abr_may17,EPE,2017-03,Trim Mar-Abr-May17.csv,ok,102,informality,
550_trim_mar_abr_may17,EPE,2017-03,Trim Mar-Abr-May17.csv,ok,102,monthly_earnings,ingtot
550_trim_mar_abr_may17,EPE,2017-03,Trim Mar-Abr-May17.csv,ok,102,hours,
550_trim_mar_abr_may17,EPE,2017-03,Trim Mar-Abr-May17.csv,ok,102,weight,
550_trim_mar_abr_may17,EPE,2017-03,Trim Mar-Abr-May17.csv,ok,102,psu,conglome
550_trim_mar_abr_may17,EPE,2017-03,Trim Mar-Abr-May17.csv,ok,102,stratum,estrato
550_trim_mar_abr_may17,EPE,2017-03,Trim Mar-Abr-May17.csv,ok,102,geography,dominio
550_trim_mar_abr_may17,EPE,2017-03,Trim Mar-Abr-May17.csv,ok,102,month_year,
550_trim_mar_abr_may17,EPE,2017-03,Trim Mar-Abr-May17.csv,ok,102,industry,
550_trim_mar_abr_may17,EPE,2017-03,Trim Mar-Abr-May17.csv,ok,102,occupation,
550_trim_mar_abr_may17,EPE,2017-03,Trim Mar-Abr-May17.csv,ok,102,household_id,vivienda|hogar
550_trim_mar_abr_may17,EPE,2017-03,Trim Mar-Abr-May17.csv,ok,102,person_id,codperso
550_trim_mar_abr_may17,EPE,2017-03,Trim Mar-Abr-May17.csv,ok,102,panel_rotation,
553_trim_abr_may_jun17,EPE,2017-04,Trim Abr-May-Jun17.csv,ok,102,employment_indicator,ocu200
553_trim_abr_may_jun17,EPE,2017-04,Trim Abr-May-Jun17.csv,ok,102,age,p208b1|p208b2|p208b3
553_trim_abr_may_jun17,EPE,2017-04,Trim Abr-May-Jun17.csv,ok,102,sex,p207a|p207b
553_trim_abr_may_jun17,EPE,2017-04,Trim Abr-May-Jun17.csv,ok,102,dependent_worker,
553_trim_abr_may_jun17,EPE,2017-04,Trim Abr-May-Jun17.csv,ok,102,self_employment,
553_trim_abr_may_jun17,EPE,2017-04,Trim Abr-May-Jun17.csv,ok,102,informality,
553_trim_abr_may_jun17,EPE,2017-04,Trim Abr-May-Jun17.csv,ok,102,monthly_earnings,ingtot
553_trim_abr_may_jun17,EPE,2017-04,Trim Abr-May-Jun17.csv,ok,102,hours,
553_trim_abr_may_jun17,EPE,2017-04,Trim Abr-May-Jun17.csv,ok,102,weight,
553_trim_abr_may_jun17,EPE,2017-04,Trim Abr-May-Jun17.csv,ok,102,psu,conglome
553_trim_abr_may_jun17,EPE,2017-04,Trim Abr-May-Jun17.csv,ok,102,stratum,estrato
553_trim_abr_may_jun17,EPE,2017-04,Trim Abr-May-Jun17.csv,ok,102,geography,dominio
553_trim_abr_may_jun17,EPE,2017-04,Trim Abr-May-Jun17.csv,ok,102,month_year,
553_trim_abr_may_jun17,EPE,2017-04,Trim Abr-May-Jun17.csv,ok,102,industry,
553_trim_abr_may_jun17,EPE,2017-04,Trim Abr-May-Jun17.csv,ok,102,occupation,
553_trim_abr_may_jun17,EPE,2017-04,Trim Abr-May-Jun17.csv,ok,102,household_id,vivienda|hogar
553_trim_abr_may_jun17,EPE,2017-04,Trim Abr-May-Jun17.csv,ok,102,person_id,codperso
553_trim_abr_may_jun17,EPE,2017-04,Trim Abr-May-Jun17.csv,ok,102,panel_rotation,
580_trim_may_jun_jul17,EPE,2017-05,Trim May-Jun-Jul17.csv,ok,102,employment_indicator,ocu200
580_trim_may_jun_jul17,EPE,2017-05,Trim May-Jun-Jul17.csv,ok,102,age,p208b1|p208b2|p208b3
580_trim_may_jun_jul17,EPE,2017-05,Trim May-Jun-Jul17.csv,ok,102,sex,p207a|p207b
580_trim_may_jun_jul17,EPE,2017-05,Trim May-Jun-Jul17.csv,ok,102,dependent_worker,
580_trim_may_jun_jul17,EPE,2017-05,Trim May-Jun-Jul17.csv,ok,102,self_employment,
580_trim_may_jun_jul17,EPE,2017-05,Trim May-Jun-Jul17.csv,ok,102,informality,
580_trim_may_jun_jul17,EPE,2017-05,Trim May-Jun-Jul17.csv,ok,102,monthly_earnings,ingtot
580_trim_may_jun_jul17,EPE,2017-05,Trim May-Jun-Jul17.csv,ok,102,hours,
580_trim_may_jun_jul17,EPE,2017-05,Trim May-Jun-Jul17.csv,ok,102,weight,
580_trim_may_jun_jul17,EPE,2017-05,Trim May-Jun-Jul17.csv,ok,102,psu,conglome
580_trim_may_jun_jul17,EPE,2017-05,Trim May-Jun-Jul17.csv,ok,102,stratum,estrato
580_trim_may_jun_jul17,EPE,2017-05,Trim May-Jun-Jul17.csv,ok,102,geography,dominio
580_trim_may_jun_jul17,EPE,2017-05,Trim May-Jun-Jul17.csv,ok,102,month_year,
580_trim_may_jun_jul17,EPE,2017-05,Trim May-Jun-Jul17.csv,ok,102,industry,
580_trim_may_jun_jul17,EPE,2017-05,Trim May-Jun-Jul17.csv,ok,102,occupation,
580_trim_may_jun_jul17,EPE,2017-05,Trim May-Jun-Jul17.csv,ok,102,household_id,vivienda|hogar
580_trim_may_jun_jul17,EPE,2017-05,Trim May-Jun-Jul17.csv,ok,102,person_id,codperso
580_trim_may_jun_jul17,EPE,2017-05,Trim May-Jun-Jul17.csv,ok,102,panel_rotation,
582_trim_jun_jul_ago17,EPE,2017-06,Trim Jun-Jul-Ago17.csv,ok,102,employment_indicator,ocu200
582_trim_jun_jul_ago17,EPE,2017-06,Trim Jun-Jul-Ago17.csv,ok,102,age,p208b1|p208b2|p208b3
582_trim_jun_jul_ago17,EPE,2017-06,Trim Jun-Jul-Ago17.csv,ok,102,sex,p207a|p207b
582_trim_jun_jul_ago17,EPE,2017-06,Trim Jun-Jul-Ago17.csv,ok,102,dependent_worker,
582_trim_jun_jul_ago17,EPE,2017-06,Trim Jun-Jul-Ago17.csv,ok,102,self_employment,
582_trim_jun_jul_ago17,EPE,2017-06,Trim Jun-Jul-Ago17.csv,ok,102,informality,
582_trim_jun_jul_ago17,EPE,2017-06,Trim Jun-Jul-Ago17.csv,ok,102,monthly_earnings,ingtot
582_trim_jun_jul_ago17,EPE,2017-06,Trim Jun-Jul-Ago17.csv,ok,102,hours,
582_trim_jun_jul_ago17,EPE,2017-06,Trim Jun-Jul-Ago17.csv,ok,102,weight,
582_trim_jun_jul_ago17,EPE,2017-06,Trim Jun-Jul-Ago17.csv,ok,102,psu,conglome
582_trim_jun_jul_ago17,EPE,2017-06,Trim Jun-Jul-Ago17.csv,ok,102,stratum,estrato
582_trim_jun_jul_ago17,EPE,2017-06,Trim Jun-Jul-Ago17.csv,ok,102,geography,dominio
582_trim_jun_jul_ago17,EPE,2017-06,Trim Jun-Jul-Ago17.csv,ok,102,month_year,
582_trim_jun_jul_ago17,EPE,2017-06,Trim Jun-Jul-Ago17.csv,ok,102,industry,
582_trim_jun_jul_ago17,EPE,2017-06,Trim Jun-Jul-Ago17.csv,ok,102,occupation,
582_trim_jun_jul_ago17,EPE,2017-06,Trim Jun-Jul-Ago17.csv,ok,102,household_id,vivienda|hogar
582_trim_jun_jul_ago17,EPE,2017-06,Trim Jun-Jul-Ago17.csv,ok,102,person_id,codperso
582_trim_jun_jul_ago17,EPE,2017-06,Trim Jun-Jul-Ago17.csv,ok,102,panel_rotation,
584_trim_jul_ago_set17,EPE,2017-07,Trim Jul-Ago-Set17.csv,ok,102,employment_indicator,ocu200
584_trim_jul_ago_set17,EPE,2017-07,Trim Jul-Ago-Set17.csv,ok,102,age,p208b1|p208b2|p208b3
584_trim_jul_ago_set17,EPE,2017-07,Trim Jul-Ago-Set17.csv,ok,102,sex,p207a|p207b
584_trim_jul_ago_set17,EPE,2017-07,Trim Jul-Ago-Set17.csv,ok,102,dependent_worker,
584_trim_jul_ago_set17,EPE,2017-07,Trim Jul-Ago-Set17.csv,ok,102,self_employment,
584_trim_jul_ago_set17,EPE,2017-07,Trim Jul-Ago-Set17.csv,ok,102,informality,
584_trim_jul_ago_set17,EPE,2017-07,Trim Jul-Ago-Set17.csv,ok,102,monthly_earnings,ingtot
584_trim_jul_ago_set17,EPE,2017-07,Trim Jul-Ago-Set17.csv,ok,102,hours,
584_trim_jul_ago_set17,EPE,2017-07,Trim Jul-Ago-Set17.csv,ok,102,weight,
584_trim_jul_ago_set17,EPE,2017-07,Trim Jul-Ago-Set17.csv,ok,102,psu,conglome
584_trim_jul_ago_set17,EPE,2017-07,Trim Jul-Ago-Set17.csv,ok,102,stratum,estrato
584_trim_jul_ago_set17,EPE,2017-07,Trim Jul-Ago-Set17.csv,ok,102,geography,dominio
584_trim_jul_ago_set17,EPE,2017-07,Trim Jul-Ago-Set17.csv,ok,102,month_year,
584_trim_jul_ago_set17,EPE,2017-07,Trim Jul-Ago-Set17.csv,ok,102,industry,
584_trim_jul_ago_set17,EPE,2017-07,Trim Jul-Ago-Set17.csv,ok,102,occupation,
584_trim_jul_ago_set17,EPE,2017-07,Trim Jul-Ago-Set17.csv,ok,102,household_id,vivienda|hogar
584_trim_jul_ago_set17,EPE,2017-07,Trim Jul-Ago-Set17.csv,ok,102,person_id,codperso
584_trim_jul_ago_set17,EPE,2017-07,Trim Jul-Ago-Set17.csv,ok,102,panel_rotation,
586_trim_ago_set_oct17,EPE,2017-08,Trim Ago-Set-Oct17.csv,ok,102,employment_indicator,ocu200
586_trim_ago_set_oct17,EPE,2017-08,Trim Ago-Set-Oct17.csv,ok,102,age,p208b1|p208b2|p208b3
586_trim_ago_set_oct17,EPE,2017-08,Trim Ago-Set-Oct17.csv,ok,102,sex,p207a|p207b
586_trim_ago_set_oct17,EPE,2017-08,Trim Ago-Set-Oct17.csv,ok,102,dependent_worker,
586_trim_ago_set_oct17,EPE,2017-08,Trim Ago-Set-Oct17.csv,ok,102,self_employment,
586_trim_ago_set_oct17,EPE,2017-08,Trim Ago-Set-Oct17.csv,ok,102,informality,
586_trim_ago_set_oct17,EPE,2017-08,Trim Ago-Set-Oct17.csv,ok,102,monthly_earnings,ingtot
586_trim_ago_set_oct17,EPE,2017-08,Trim Ago-Set-Oct17.csv,ok,102,hours,
586_trim_ago_set_oct17,EPE,2017-08,Trim Ago-Set-Oct17.csv,ok,102,weight,
586_trim_ago_set_oct17,EPE,2017-08,Trim Ago-Set-Oct17.csv,ok,102,psu,conglome
586_trim_ago_set_oct17,EPE,2017-08,Trim Ago-Set-Oct17.csv,ok,102,stratum,estrato
586_trim_ago_set_oct17,EPE,2017-08,Trim Ago-Set-Oct17.csv,ok,102,geography,dominio
586_trim_ago_set_oct17,EPE,2017-08,Trim Ago-Set-Oct17.csv,ok,102,month_year,
586_trim_ago_set_oct17,EPE,2017-08,Trim Ago-Set-Oct17.csv,ok,102,industry,
586_trim_ago_set_oct17,EPE,2017-08,Trim Ago-Set-Oct17.csv,ok,102,occupation,
586_trim_ago_set_oct17,EPE,2017-08,Trim Ago-Set-Oct17.csv,ok,102,household_id,vivienda|hogar
586_trim_ago_set_oct17,EPE,2017-08,Trim Ago-Set-Oct17.csv,ok,102,person_id,codperso
586_trim_ago_set_oct17,EPE,2017-08,Trim Ago-Set-Oct17.csv,ok,102,panel_rotation,
589_trim_set_oct_nov17,EPE,2017-09,Trim Set-Oct-Nov17.csv,ok,102,employment_indicator,ocu200
589_trim_set_oct_nov17,EPE,2017-09,Trim Set-Oct-Nov17.csv,ok,102,age,p208b1|p208b2|p208b3
589_trim_set_oct_nov17,EPE,2017-09,Trim Set-Oct-Nov17.csv,ok,102,sex,p207a|p207b
589_trim_set_oct_nov17,EPE,2017-09,Trim Set-Oct-Nov17.csv,ok,102,dependent_worker,
589_trim_set_oct_nov17,EPE,2017-09,Trim Set-Oct-Nov17.csv,ok,102,self_employment,
589_trim_set_oct_nov17,EPE,2017-09,Trim Set-Oct-Nov17.csv,ok,102,informality,
589_trim_set_oct_nov17,EPE,2017-09,Trim Set-Oct-Nov17.csv,ok,102,monthly_earnings,ingtot
589_trim_set_oct_nov17,EPE,2017-09,Trim Set-Oct-Nov17.csv,ok,102,hours,
589_trim_set_oct_nov17,EPE,2017-09,Trim Set-Oct-Nov17.csv,ok,102,weight,
589_trim_set_oct_nov17,EPE,2017-09,Trim Set-Oct-Nov17.csv,ok,102,psu,conglome
589_trim_set_oct_nov17,EPE,2017-09,Trim Set-Oct-Nov17.csv,ok,102,stratum,estrato
589_trim_set_oct_nov17,EPE,2017-09,Trim Set-Oct-Nov17.csv,ok,102,geography,dominio
589_trim_set_oct_nov17,EPE,2017-09,Trim Set-Oct-Nov17.csv,ok,102,month_year,
589_trim_set_oct_nov17,EPE,2017-09,Trim Set-Oct-Nov17.csv,ok,102,industry,
589_trim_set_oct_nov17,EPE,2017-09,Trim Set-Oct-Nov17.csv,ok,102,occupation,
589_trim_set_oct_nov17,EPE,2017-09,Trim Set-Oct-Nov17.csv,ok,102,household_id,vivienda|hogar
589_trim_set_oct_nov17,EPE,2017-09,Trim Set-Oct-Nov17.csv,ok,102,person_id,codperso
589_trim_set_oct_nov17,EPE,2017-09,Trim Set-Oct-Nov17.csv,ok,102,panel_rotation,
591_trim_oct_nov_dic17,EPE,2017-10,Trim Oct-Nov-Dic17.csv,ok,102,employment_indicator,ocu200
591_trim_oct_nov_dic17,EPE,2017-10,Trim Oct-Nov-Dic17.csv,ok,102,age,p208b1|p208b2|p208b3
591_trim_oct_nov_dic17,EPE,2017-10,Trim Oct-Nov-Dic17.csv,ok,102,sex,p207a|p207b
591_trim_oct_nov_dic17,EPE,2017-10,Trim Oct-Nov-Dic17.csv,ok,102,dependent_worker,
591_trim_oct_nov_dic17,EPE,2017-10,Trim Oct-Nov-Dic17.csv,ok,102,self_employment,
591_trim_oct_nov_dic17,EPE,2017-10,Trim Oct-Nov-Dic17.csv,ok,102,informality,
591_trim_oct_nov_dic17,EPE,2017-10,Trim Oct-Nov-Dic17.csv,ok,102,monthly_earnings,ingtot
591_trim_oct_nov_dic17,EPE,2017-10,Trim Oct-Nov-Dic17.csv,ok,102,hours,
591_trim_oct_nov_dic17,EPE,2017-10,Trim Oct-Nov-Dic17.csv,ok,102,weight,
591_trim_oct_nov_dic17,EPE,2017-10,Trim Oct-Nov-Dic17.csv,ok,102,psu,conglome
591_trim_oct_nov_dic17,EPE,2017-10,Trim Oct-Nov-Dic17.csv,ok,102,stratum,estrato
591_trim_oct_nov_dic17,EPE,2017-10,Trim Oct-Nov-Dic17.csv,ok,102,geography,dominio
591_trim_oct_nov_dic17,EPE,2017-10,Trim Oct-Nov-Dic17.csv,ok,102,month_year,
591_trim_oct_nov_dic17,EPE,2017-10,Trim Oct-Nov-Dic17.csv,ok,102,industry,
591_trim_oct_nov_dic17,EPE,2017-10,Trim Oct-Nov-Dic17.csv,ok,102,occupation,
591_trim_oct_nov_dic17,EPE,2017-10,Trim Oct-Nov-Dic17.csv,ok,102,household_id,vivienda|hogar
591_trim_oct_nov_dic17,EPE,2017-10,Trim Oct-Nov-Dic17.csv,ok,102,person_id,codperso
591_trim_oct_nov_dic17,EPE,2017-10,Trim Oct-Nov-Dic17.csv,ok,102,panel_rotation,
593_trim_nov_dic_ene18,EPE,2017-11,Trim Nov-Dic-Ene18.csv,ok,102,employment_indicator,ocu200
593_trim_nov_dic_ene18,EPE,2017-11,Trim Nov-Dic-Ene18.csv,ok,102,age,p208b1|p208b2|p208b3
593_trim_nov_dic_ene18,EPE,2017-11,Trim Nov-Dic-Ene18.csv,ok,102,sex,p207a|p207b
593_trim_nov_dic_ene18,EPE,2017-11,Trim Nov-Dic-Ene18.csv,ok,102,dependent_worker,
593_trim_nov_dic_ene18,EPE,2017-11,Trim Nov-Dic-Ene18.csv,ok,102,self_employment,
593_trim_nov_dic_ene18,EPE,2017-11,Trim Nov-Dic-Ene18.csv,ok,102,informality,
593_trim_nov_dic_ene18,EPE,2017-11,Trim Nov-Dic-Ene18.csv,ok,102,monthly_earnings,ingtot
593_trim_nov_dic_ene18,EPE,2017-11,Trim Nov-Dic-Ene18.csv,ok,102,hours,
593_trim_nov_dic_ene18,EPE,2017-11,Trim Nov-Dic-Ene18.csv,ok,102,weight,
593_trim_nov_dic_ene18,EPE,2017-11,Trim Nov-Dic-Ene18.csv,ok,102,psu,conglome
593_trim_nov_dic_ene18,EPE,2017-11,Trim Nov-Dic-Ene18.csv,ok,102,stratum,estrato
593_trim_nov_dic_ene18,EPE,2017-11,Trim Nov-Dic-Ene18.csv,ok,102,geography,dominio
593_trim_nov_dic_ene18,EPE,2017-11,Trim Nov-Dic-Ene18.csv,ok,102,month_year,
593_trim_nov_dic_ene18,EPE,2017-11,Trim Nov-Dic-Ene18.csv,ok,102,industry,
593_trim_nov_dic_ene18,EPE,2017-11,Trim Nov-Dic-Ene18.csv,ok,102,occupation,
593_trim_nov_dic_ene18,EPE,2017-11,Trim Nov-Dic-Ene18.csv,ok,102,household_id,vivienda|hogar
593_trim_nov_dic_ene18,EPE,2017-11,Trim Nov-Dic-Ene18.csv,ok,102,person_id,codperso
593_trim_nov_dic_ene18,EPE,2017-11,Trim Nov-Dic-Ene18.csv,ok,102,panel_rotation,
598_trim_dic_ene_feb18,EPE,2017-12,Trim Dic-Ene-Feb18.csv,ok,102,employment_indicator,ocu200
598_trim_dic_ene_feb18,EPE,2017-12,Trim Dic-Ene-Feb18.csv,ok,102,age,p208b1|p208b2|p208b3
598_trim_dic_ene_feb18,EPE,2017-12,Trim Dic-Ene-Feb18.csv,ok,102,sex,p207a|p207b
598_trim_dic_ene_feb18,EPE,2017-12,Trim Dic-Ene-Feb18.csv,ok,102,dependent_worker,
598_trim_dic_ene_feb18,EPE,2017-12,Trim Dic-Ene-Feb18.csv,ok,102,self_employment,
598_trim_dic_ene_feb18,EPE,2017-12,Trim Dic-Ene-Feb18.csv,ok,102,informality,
598_trim_dic_ene_feb18,EPE,2017-12,Trim Dic-Ene-Feb18.csv,ok,102,monthly_earnings,ingtot
598_trim_dic_ene_feb18,EPE,2017-12,Trim Dic-Ene-Feb18.csv,ok,102,hours,
598_trim_dic_ene_feb18,EPE,2017-12,Trim Dic-Ene-Feb18.csv,ok,102,weight,
598_trim_dic_ene_feb18,EPE,2017-12,Trim Dic-Ene-Feb18.csv,ok,102,psu,conglome
598_trim_dic_ene_feb18,EPE,2017-12,Trim Dic-Ene-Feb18.csv,ok,102,stratum,estrato
598_trim_dic_ene_feb18,EPE,2017-12,Trim Dic-Ene-Feb18.csv,ok,102,geography,dominio
598_trim_dic_ene_feb18,EPE,2017-12,Trim Dic-Ene-Feb18.csv,ok,102,month_year,
598_trim_dic_ene_feb18,EPE,2017-12,Trim Dic-Ene-Feb18.csv,ok,102,industry,
598_trim_dic_ene_feb18,EPE,2017-12,Trim Dic-Ene-Feb18.csv,ok,102,occupation,
598_trim_dic_ene_feb18,EPE,2017-12,Trim Dic-Ene-Feb18.csv,ok,102,household_id,vivienda|hogar
598_trim_dic_ene_feb18,EPE,2017-12,Trim Dic-Ene-Feb18.csv,ok,102,person_id,codperso
598_trim_dic_ene_feb18,EPE,2017-12,Trim Dic-Ene-Feb18.csv,ok,102,panel_rotation,
601_trim_ene_feb_mar18,EPE,2018-01,Trim Ene-Feb-Mar18.csv,ok,102,employment_indicator,ocu200
601_trim_ene_feb_mar18,EPE,2018-01,Trim Ene-Feb-Mar18.csv,ok,102,age,p208b1|p208b2|p208b3
601_trim_ene_feb_mar18,EPE,2018-01,Trim Ene-Feb-Mar18.csv,ok,102,sex,p207a|p207b
601_trim_ene_feb_mar18,EPE,2018-01,Trim Ene-Feb-Mar18.csv,ok,102,dependent_worker,
601_trim_ene_feb_mar18,EPE,2018-01,Trim Ene-Feb-Mar18.csv,ok,102,self_employment,
601_trim_ene_feb_mar18,EPE,2018-01,Trim Ene-Feb-Mar18.csv,ok,102,informality,
601_trim_ene_feb_mar18,EPE,2018-01,Trim Ene-Feb-Mar18.csv,ok,102,monthly_earnings,ingtot
601_trim_ene_feb_mar18,EPE,2018-01,Trim Ene-Feb-Mar18.csv,ok,102,hours,
601_trim_ene_feb_mar18,EPE,2018-01,Trim Ene-Feb-Mar18.csv,ok,102,weight,
601_trim_ene_feb_mar18,EPE,2018-01,Trim Ene-Feb-Mar18.csv,ok,102,psu,conglome
601_trim_ene_feb_mar18,EPE,2018-01,Trim Ene-Feb-Mar18.csv,ok,102,stratum,estrato
601_trim_ene_feb_mar18,EPE,2018-01,Trim Ene-Feb-Mar18.csv,ok,102,geography,dominio
601_trim_ene_feb_mar18,EPE,2018-01,Trim Ene-Feb-Mar18.csv,ok,102,month_year,
601_trim_ene_feb_mar18,EPE,2018-01,Trim Ene-Feb-Mar18.csv,ok,102,industry,
601_trim_ene_feb_mar18,EPE,2018-01,Trim Ene-Feb-Mar18.csv,ok,102,occupation,
601_trim_ene_feb_mar18,EPE,2018-01,Trim Ene-Feb-Mar18.csv,ok,102,household_id,vivienda|hogar
601_trim_ene_feb_mar18,EPE,2018-01,Trim Ene-Feb-Mar18.csv,ok,102,person_id,codperso
601_trim_ene_feb_mar18,EPE,2018-01,Trim Ene-Feb-Mar18.csv,ok,102,panel_rotation,
604_trim_feb_mar_abr18,EPE,2018-02,Trim Feb-Mar-Abr18.csv,ok,102,employment_indicator,ocu200
604_trim_feb_mar_abr18,EPE,2018-02,Trim Feb-Mar-Abr18.csv,ok,102,age,p208b1|p208b2|p208b3
604_trim_feb_mar_abr18,EPE,2018-02,Trim Feb-Mar-Abr18.csv,ok,102,sex,p207a|p207b
604_trim_feb_mar_abr18,EPE,2018-02,Trim Feb-Mar-Abr18.csv,ok,102,dependent_worker,
604_trim_feb_mar_abr18,EPE,2018-02,Trim Feb-Mar-Abr18.csv,ok,102,self_employment,
604_trim_feb_mar_abr18,EPE,2018-02,Trim Feb-Mar-Abr18.csv,ok,102,informality,
604_trim_feb_mar_abr18,EPE,2018-02,Trim Feb-Mar-Abr18.csv,ok,102,monthly_earnings,ingtot
604_trim_feb_mar_abr18,EPE,2018-02,Trim Feb-Mar-Abr18.csv,ok,102,hours,
604_trim_feb_mar_abr18,EPE,2018-02,Trim Feb-Mar-Abr18.csv,ok,102,weight,
604_trim_feb_mar_abr18,EPE,2018-02,Trim Feb-Mar-Abr18.csv,ok,102,psu,conglome
604_trim_feb_mar_abr18,EPE,2018-02,Trim Feb-Mar-Abr18.csv,ok,102,stratum,estrato
604_trim_feb_mar_abr18,EPE,2018-02,Trim Feb-Mar-Abr18.csv,ok,102,geography,dominio
604_trim_feb_mar_abr18,EPE,2018-02,Trim Feb-Mar-Abr18.csv,ok,102,month_year,
604_trim_feb_mar_abr18,EPE,2018-02,Trim Feb-Mar-Abr18.csv,ok,102,industry,
604_trim_feb_mar_abr18,EPE,2018-02,Trim Feb-Mar-Abr18.csv,ok,102,occupation,
604_trim_feb_mar_abr18,EPE,2018-02,Trim Feb-Mar-Abr18.csv,ok,102,household_id,vivienda|hogar
604_trim_feb_mar_abr18,EPE,2018-02,Trim Feb-Mar-Abr18.csv,ok,102,person_id,codperso
604_trim_feb_mar_abr18,EPE,2018-02,Trim Feb-Mar-Abr18.csv,ok,102,panel_rotation,
606_trim_mar_abr_may18,EPE,2018-03,Trim Mar-Abr-May18.csv,ok,102,employment_indicator,ocu200
606_trim_mar_abr_may18,EPE,2018-03,Trim Mar-Abr-May18.csv,ok,102,age,p208b1|p208b2|p208b3
606_trim_mar_abr_may18,EPE,2018-03,Trim Mar-Abr-May18.csv,ok,102,sex,p207a|p207b
606_trim_mar_abr_may18,EPE,2018-03,Trim Mar-Abr-May18.csv,ok,102,dependent_worker,
606_trim_mar_abr_may18,EPE,2018-03,Trim Mar-Abr-May18.csv,ok,102,self_employment,
606_trim_mar_abr_may18,EPE,2018-03,Trim Mar-Abr-May18.csv,ok,102,informality,
606_trim_mar_abr_may18,EPE,2018-03,Trim Mar-Abr-May18.csv,ok,102,monthly_earnings,ingtot
606_trim_mar_abr_may18,EPE,2018-03,Trim Mar-Abr-May18.csv,ok,102,hours,
606_trim_mar_abr_may18,EPE,2018-03,Trim Mar-Abr-May18.csv,ok,102,weight,
606_trim_mar_abr_may18,EPE,2018-03,Trim Mar-Abr-May18.csv,ok,102,psu,conglome
606_trim_mar_abr_may18,EPE,2018-03,Trim Mar-Abr-May18.csv,ok,102,stratum,estrato
606_trim_mar_abr_may18,EPE,2018-03,Trim Mar-Abr-May18.csv,ok,102,geography,dominio
606_trim_mar_abr_may18,EPE,2018-03,Trim Mar-Abr-May18.csv,ok,102,month_year,
606_trim_mar_abr_may18,EPE,2018-03,Trim Mar-Abr-May18.csv,ok,102,industry,
606_trim_mar_abr_may18,EPE,2018-03,Trim Mar-Abr-May18.csv,ok,102,occupation,
606_trim_mar_abr_may18,EPE,2018-03,Trim Mar-Abr-May18.csv,ok,102,household_id,vivienda|hogar
606_trim_mar_abr_may18,EPE,2018-03,Trim Mar-Abr-May18.csv,ok,102,person_id,codperso
606_trim_mar_abr_may18,EPE,2018-03,Trim Mar-Abr-May18.csv,ok,102,panel_rotation,
610_trim_abr_may_jun18,EPE,2018-04,Trim Abr-May-Jun18.csv,ok,102,employment_indicator,ocu200
610_trim_abr_may_jun18,EPE,2018-04,Trim Abr-May-Jun18.csv,ok,102,age,p208b1|p208b2|p208b3
610_trim_abr_may_jun18,EPE,2018-04,Trim Abr-May-Jun18.csv,ok,102,sex,p207a|p207b
610_trim_abr_may_jun18,EPE,2018-04,Trim Abr-May-Jun18.csv,ok,102,dependent_worker,
610_trim_abr_may_jun18,EPE,2018-04,Trim Abr-May-Jun18.csv,ok,102,self_employment,
610_trim_abr_may_jun18,EPE,2018-04,Trim Abr-May-Jun18.csv,ok,102,informality,
610_trim_abr_may_jun18,EPE,2018-04,Trim Abr-May-Jun18.csv,ok,102,monthly_earnings,ingtot
610_trim_abr_may_jun18,EPE,2018-04,Trim Abr-May-Jun18.csv,ok,102,hours,
610_trim_abr_may_jun18,EPE,2018-04,Trim Abr-May-Jun18.csv,ok,102,weight,
610_trim_abr_may_jun18,EPE,2018-04,Trim Abr-May-Jun18.csv,ok,102,psu,conglome
610_trim_abr_may_jun18,EPE,2018-04,Trim Abr-May-Jun18.csv,ok,102,stratum,estrato
610_trim_abr_may_jun18,EPE,2018-04,Trim Abr-May-Jun18.csv,ok,102,geography,dominio
610_trim_abr_may_jun18,EPE,2018-04,Trim Abr-May-Jun18.csv,ok,102,month_year,
610_trim_abr_may_jun18,EPE,2018-04,Trim Abr-May-Jun18.csv,ok,102,industry,
610_trim_abr_may_jun18,EPE,2018-04,Trim Abr-May-Jun18.csv,ok,102,occupation,
610_trim_abr_may_jun18,EPE,2018-04,Trim Abr-May-Jun18.csv,ok,102,household_id,vivienda|hogar
610_trim_abr_may_jun18,EPE,2018-04,Trim Abr-May-Jun18.csv,ok,102,person_id,codperso
610_trim_abr_may_jun18,EPE,2018-04,Trim Abr-May-Jun18.csv,ok,102,panel_rotation,
613_trim_may_jun_jul18,EPE,2018-05,Trim May-Jun-Jul18.csv,ok,102,employment_indicator,ocu200
613_trim_may_jun_jul18,EPE,2018-05,Trim May-Jun-Jul18.csv,ok,102,age,p208b1|p208b2|p208b3
613_trim_may_jun_jul18,EPE,2018-05,Trim May-Jun-Jul18.csv,ok,102,sex,p207a|p207b
613_trim_may_jun_jul18,EPE,2018-05,Trim May-Jun-Jul18.csv,ok,102,dependent_worker,
613_trim_may_jun_jul18,EPE,2018-05,Trim May-Jun-Jul18.csv,ok,102,self_employment,
613_trim_may_jun_jul18,EPE,2018-05,Trim May-Jun-Jul18.csv,ok,102,informality,
613_trim_may_jun_jul18,EPE,2018-05,Trim May-Jun-Jul18.csv,ok,102,monthly_earnings,ingtot
613_trim_may_jun_jul18,EPE,2018-05,Trim May-Jun-Jul18.csv,ok,102,hours,
613_trim_may_jun_jul18,EPE,2018-05,Trim May-Jun-Jul18.csv,ok,102,weight,
613_trim_may_jun_jul18,EPE,2018-05,Trim May-Jun-Jul18.csv,ok,102,psu,conglome
613_trim_may_jun_jul18,EPE,2018-05,Trim May-Jun-Jul18.csv,ok,102,stratum,estrato
613_trim_may_jun_jul18,EPE,2018-05,Trim May-Jun-Jul18.csv,ok,102,geography,dominio
613_trim_may_jun_jul18,EPE,2018-05,Trim May-Jun-Jul18.csv,ok,102,month_year,
613_trim_may_jun_jul18,EPE,2018-05,Trim May-Jun-Jul18.csv,ok,102,industry,
613_trim_may_jun_jul18,EPE,2018-05,Trim May-Jun-Jul18.csv,ok,102,occupation,
613_trim_may_jun_jul18,EPE,2018-05,Trim May-Jun-Jul18.csv,ok,102,household_id,vivienda|hogar
613_trim_may_jun_jul18,EPE,2018-05,Trim May-Jun-Jul18.csv,ok,102,person_id,codperso
613_trim_may_jun_jul18,EPE,2018-05,Trim May-Jun-Jul18.csv,ok,102,panel_rotation,
616_trim_jun_jul_ago18,EPE,2018-06,Trim Jun-Jul-Ago18.csv,ok,102,employment_indicator,ocu200
616_trim_jun_jul_ago18,EPE,2018-06,Trim Jun-Jul-Ago18.csv,ok,102,age,p208b1|p208b2|p208b3
616_trim_jun_jul_ago18,EPE,2018-06,Trim Jun-Jul-Ago18.csv,ok,102,sex,p207a|p207b
616_trim_jun_jul_ago18,EPE,2018-06,Trim Jun-Jul-Ago18.csv,ok,102,dependent_worker,
616_trim_jun_jul_ago18,EPE,2018-06,Trim Jun-Jul-Ago18.csv,ok,102,self_employment,
616_trim_jun_jul_ago18,EPE,2018-06,Trim Jun-Jul-Ago18.csv,ok,102,informality,
616_trim_jun_jul_ago18,EPE,2018-06,Trim Jun-Jul-Ago18.csv,ok,102,monthly_earnings,ingtot
616_trim_jun_jul_ago18,EPE,2018-06,Trim Jun-Jul-Ago18.csv,ok,102,hours,
616_trim_jun_jul_ago18,EPE,2018-06,Trim Jun-Jul-Ago18.csv,ok,102,weight,
616_trim_jun_jul_ago18,EPE,2018-06,Trim Jun-Jul-Ago18.csv,ok,102,psu,conglome
616_trim_jun_jul_ago18,EPE,2018-06,Trim Jun-Jul-Ago18.csv,ok,102,stratum,estrato
616_trim_jun_jul_ago18,EPE,2018-06,Trim Jun-Jul-Ago18.csv,ok,102,geography,dominio
616_trim_jun_jul_ago18,EPE,2018-06,Trim Jun-Jul-Ago18.csv,ok,102,month_year,
616_trim_jun_jul_ago18,EPE,2018-06,Trim Jun-Jul-Ago18.csv,ok,102,industry,
616_trim_jun_jul_ago18,EPE,2018-06,Trim Jun-Jul-Ago18.csv,ok,102,occupation,
616_trim_jun_jul_ago18,EPE,2018-06,Trim Jun-Jul-Ago18.csv,ok,102,household_id,vivienda|hogar
616_trim_jun_jul_ago18,EPE,2018-06,Trim Jun-Jul-Ago18.csv,ok,102,person_id,codperso
616_trim_jun_jul_ago18,EPE,2018-06,Trim Jun-Jul-Ago18.csv,ok,102,panel_rotation,
618_trim_jul_ago_set18,EPE,2018-07,Trim Jul-Ago-Set18.csv,ok,102,employment_indicator,ocu200
618_trim_jul_ago_set18,EPE,2018-07,Trim Jul-Ago-Set18.csv,ok,102,age,p208b1|p208b2|p208b3
618_trim_jul_ago_set18,EPE,2018-07,Trim Jul-Ago-Set18.csv,ok,102,sex,p207a|p207b
618_trim_jul_ago_set18,EPE,2018-07,Trim Jul-Ago-Set18.csv,ok,102,dependent_worker,
618_trim_jul_ago_set18,EPE,2018-07,Trim Jul-Ago-Set18.csv,ok,102,self_employment,
618_trim_jul_ago_set18,EPE,2018-07,Trim Jul-Ago-Set18.csv,ok,102,informality,
618_trim_jul_ago_set18,EPE,2018-07,Trim Jul-Ago-Set18.csv,ok,102,monthly_earnings,ingtot
618_trim_jul_ago_set18,EPE,2018-07,Trim Jul-Ago-Set18.csv,ok,102,hours,
618_trim_jul_ago_set18,EPE,2018-07,Trim Jul-Ago-Set18.csv,ok,102,weight,
618_trim_jul_ago_set18,EPE,2018-07,Trim Jul-Ago-Set18.csv,ok,102,psu,conglome
618_trim_jul_ago_set18,EPE,2018-07,Trim Jul-Ago-Set18.csv,ok,102,stratum,estrato
618_trim_jul_ago_set18,EPE,2018-07,Trim Jul-Ago-Set18.csv,ok,102,geography,dominio
618_trim_jul_ago_set18,EPE,2018-07,Trim Jul-Ago-Set18.csv,ok,102,month_year,
618_trim_jul_ago_set18,EPE,2018-07,Trim Jul-Ago-Set18.csv,ok,102,industry,
618_trim_jul_ago_set18,EPE,2018-07,Trim Jul-Ago-Set18.csv,ok,102,occupation,
618_trim_jul_ago_set18,EPE,2018-07,Trim Jul-Ago-Set18.csv,ok,102,household_id,vivienda|hogar
618_trim_jul_ago_set18,EPE,2018-07,Trim Jul-Ago-Set18.csv,ok,102,person_id,codperso
618_trim_jul_ago_set18,EPE,2018-07,Trim Jul-Ago-Set18.csv,ok,102,panel_rotation,
620_trim_ago_set_oct18,EPE,2018-08,Trim Ago-Set-Oct18.csv,ok,102,employment_indicator,ocu200
620_trim_ago_set_oct18,EPE,2018-08,Trim Ago-Set-Oct18.csv,ok,102,age,p208b1|p208b2|p208b3
620_trim_ago_set_oct18,EPE,2018-08,Trim Ago-Set-Oct18.csv,ok,102,sex,p207a|p207b
620_trim_ago_set_oct18,EPE,2018-08,Trim Ago-Set-Oct18.csv,ok,102,dependent_worker,
620_trim_ago_set_oct18,EPE,2018-08,Trim Ago-Set-Oct18.csv,ok,102,self_employment,
620_trim_ago_set_oct18,EPE,2018-08,Trim Ago-Set-Oct18.csv,ok,102,informality,
620_trim_ago_set_oct18,EPE,2018-08,Trim Ago-Set-Oct18.csv,ok,102,monthly_earnings,ingtot
620_trim_ago_set_oct18,EPE,2018-08,Trim Ago-Set-Oct18.csv,ok,102,hours,
620_trim_ago_set_oct18,EPE,2018-08,Trim Ago-Set-Oct18.csv,ok,102,weight,
620_trim_ago_set_oct18,EPE,2018-08,Trim Ago-Set-Oct18.csv,ok,102,psu,conglome
620_trim_ago_set_oct18,EPE,2018-08,Trim Ago-Set-Oct18.csv,ok,102,stratum,estrato
620_trim_ago_set_oct18,EPE,2018-08,Trim Ago-Set-Oct18.csv,ok,102,geography,dominio
620_trim_ago_set_oct18,EPE,2018-08,Trim Ago-Set-Oct18.csv,ok,102,month_year,
620_trim_ago_set_oct18,EPE,2018-08,Trim Ago-Set-Oct18.csv,ok,102,industry,
620_trim_ago_set_oct18,EPE,2018-08,Trim Ago-Set-Oct18.csv,ok,102,occupation,
620_trim_ago_set_oct18,EPE,2018-08,Trim Ago-Set-Oct18.csv,ok,102,household_id,vivienda|hogar
620_trim_ago_set_oct18,EPE,2018-08,Trim Ago-Set-Oct18.csv,ok,102,person_id,codperso
620_trim_ago_set_oct18,EPE,2018-08,Trim Ago-Set-Oct18.csv,ok,102,panel_rotation,
621_trim_set_oct_nov18,EPE,2018-09,Trim Set-Oct-Nov18.csv,ok,102,employment_indicator,ocu200
621_trim_set_oct_nov18,EPE,2018-09,Trim Set-Oct-Nov18.csv,ok,102,age,p208b1|p208b2|p208b3
621_trim_set_oct_nov18,EPE,2018-09,Trim Set-Oct-Nov18.csv,ok,102,sex,p207a|p207b
621_trim_set_oct_nov18,EPE,2018-09,Trim Set-Oct-Nov18.csv,ok,102,dependent_worker,
621_trim_set_oct_nov18,EPE,2018-09,Trim Set-Oct-Nov18.csv,ok,102,self_employment,
621_trim_set_oct_nov18,EPE,2018-09,Trim Set-Oct-Nov18.csv,ok,102,informality,
621_trim_set_oct_nov18,EPE,2018-09,Trim Set-Oct-Nov18.csv,ok,102,monthly_earnings,ingtot
621_trim_set_oct_nov18,EPE,2018-09,Trim Set-Oct-Nov18.csv,ok,102,hours,
621_trim_set_oct_nov18,EPE,2018-09,Trim Set-Oct-Nov18.csv,ok,102,weight,
621_trim_set_oct_nov18,EPE,2018-09,Trim Set-Oct-Nov18.csv,ok,102,psu,conglome
621_trim_set_oct_nov18,EPE,2018-09,Trim Set-Oct-Nov18.csv,ok,102,stratum,estrato
621_trim_set_oct_nov18,EPE,2018-09,Trim Set-Oct-Nov18.csv,ok,102,geography,dominio
621_trim_set_oct_nov18,EPE,2018-09,Trim Set-Oct-Nov18.csv,ok,102,month_year,
621_trim_set_oct_nov18,EPE,2018-09,Trim Set-Oct-Nov18.csv,ok,102,industry,
621_trim_set_oct_nov18,EPE,2018-09,Trim Set-Oct-Nov18.csv,ok,102,occupation,
621_trim_set_oct_nov18,EPE,2018-09,Trim Set-Oct-Nov18.csv,ok,102,household_id,vivienda|hogar
621_trim_set_oct_nov18,EPE,2018-09,Trim Set-Oct-Nov18.csv,ok,102,person_id,codperso
621_trim_set_oct_nov18,EPE,2018-09,Trim Set-Oct-Nov18.csv,ok,102,panel_rotation,
623_trim_oct_nov_dic18,EPE,2018-10,Trim Oct-Nov-Dic18.csv,ok,102,employment_indicator,ocu200
623_trim_oct_nov_dic18,EPE,2018-10,Trim Oct-Nov-Dic18.csv,ok,102,age,p208b1|p208b2|p208b3
623_trim_oct_nov_dic18,EPE,2018-10,Trim Oct-Nov-Dic18.csv,ok,102,sex,p207a|p207b
623_trim_oct_nov_dic18,EPE,2018-10,Trim Oct-Nov-Dic18.csv,ok,102,dependent_worker,
623_trim_oct_nov_dic18,EPE,2018-10,Trim Oct-Nov-Dic18.csv,ok,102,self_employment,
623_trim_oct_nov_dic18,EPE,2018-10,Trim Oct-Nov-Dic18.csv,ok,102,informality,
623_trim_oct_nov_dic18,EPE,2018-10,Trim Oct-Nov-Dic18.csv,ok,102,monthly_earnings,ingtot
623_trim_oct_nov_dic18,EPE,2018-10,Trim Oct-Nov-Dic18.csv,ok,102,hours,
623_trim_oct_nov_dic18,EPE,2018-10,Trim Oct-Nov-Dic18.csv,ok,102,weight,
623_trim_oct_nov_dic18,EPE,2018-10,Trim Oct-Nov-Dic18.csv,ok,102,psu,conglome
623_trim_oct_nov_dic18,EPE,2018-10,Trim Oct-Nov-Dic18.csv,ok,102,stratum,estrato
623_trim_oct_nov_dic18,EPE,2018-10,Trim Oct-Nov-Dic18.csv,ok,102,geography,dominio
623_trim_oct_nov_dic18,EPE,2018-10,Trim Oct-Nov-Dic18.csv,ok,102,month_year,
623_trim_oct_nov_dic18,EPE,2018-10,Trim Oct-Nov-Dic18.csv,ok,102,industry,
623_trim_oct_nov_dic18,EPE,2018-10,Trim Oct-Nov-Dic18.csv,ok,102,occupation,
623_trim_oct_nov_dic18,EPE,2018-10,Trim Oct-Nov-Dic18.csv,ok,102,household_id,vivienda|hogar
623_trim_oct_nov_dic18,EPE,2018-10,Trim Oct-Nov-Dic18.csv,ok,102,person_id,codperso
623_trim_oct_nov_dic18,EPE,2018-10,Trim Oct-Nov-Dic18.csv,ok,102,panel_rotation,
625_trim_nov_dic_ene19,EPE,2018-11,Trim Nov-Dic-Ene19.csv,ok,102,employment_indicator,ocu200
625_trim_nov_dic_ene19,EPE,2018-11,Trim Nov-Dic-Ene19.csv,ok,102,age,p208b1|p208b2|p208b3
625_trim_nov_dic_ene19,EPE,2018-11,Trim Nov-Dic-Ene19.csv,ok,102,sex,p207a|p207b
625_trim_nov_dic_ene19,EPE,2018-11,Trim Nov-Dic-Ene19.csv,ok,102,dependent_worker,
625_trim_nov_dic_ene19,EPE,2018-11,Trim Nov-Dic-Ene19.csv,ok,102,self_employment,
625_trim_nov_dic_ene19,EPE,2018-11,Trim Nov-Dic-Ene19.csv,ok,102,informality,
625_trim_nov_dic_ene19,EPE,2018-11,Trim Nov-Dic-Ene19.csv,ok,102,monthly_earnings,ingtot
625_trim_nov_dic_ene19,EPE,2018-11,Trim Nov-Dic-Ene19.csv,ok,102,hours,
625_trim_nov_dic_ene19,EPE,2018-11,Trim Nov-Dic-Ene19.csv,ok,102,weight,
625_trim_nov_dic_ene19,EPE,2018-11,Trim Nov-Dic-Ene19.csv,ok,102,psu,conglome
625_trim_nov_dic_ene19,EPE,2018-11,Trim Nov-Dic-Ene19.csv,ok,102,stratum,estrato
625_trim_nov_dic_ene19,EPE,2018-11,Trim Nov-Dic-Ene19.csv,ok,102,geography,dominio
625_trim_nov_dic_ene19,EPE,2018-11,Trim Nov-Dic-Ene19.csv,ok,102,month_year,
625_trim_nov_dic_ene19,EPE,2018-11,Trim Nov-Dic-Ene19.csv,ok,102,industry,
625_trim_nov_dic_ene19,EPE,2018-11,Trim Nov-Dic-Ene19.csv,ok,102,occupation,
625_trim_nov_dic_ene19,EPE,2018-11,Trim Nov-Dic-Ene19.csv,ok,102,household_id,vivienda|hogar
625_trim_nov_dic_ene19,EPE,2018-11,Trim Nov-Dic-Ene19.csv,ok,102,person_id,codperso
625_trim_nov_dic_ene19,EPE,2018-11,Trim Nov-Dic-Ene19.csv,ok,102,panel_rotation,
631_trim_dic_ene_feb19,EPE,2018-12,Trim Dic-Ene-Feb19.csv,ok,102,employment_indicator,ocu200
631_trim_dic_ene_feb19,EPE,2018-12,Trim Dic-Ene-Feb19.csv,ok,102,age,p208b1|p208b2|p208b3
631_trim_dic_ene_feb19,EPE,2018-12,Trim Dic-Ene-Feb19.csv,ok,102,sex,p207a|p207b
631_trim_dic_ene_feb19,EPE,2018-12,Trim Dic-Ene-Feb19.csv,ok,102,dependent_worker,
631_trim_dic_ene_feb19,EPE,2018-12,Trim Dic-Ene-Feb19.csv,ok,102,self_employment,
631_trim_dic_ene_feb19,EPE,2018-12,Trim Dic-Ene-Feb19.csv,ok,102,informality,
631_trim_dic_ene_feb19,EPE,2018-12,Trim Dic-Ene-Feb19.csv,ok,102,monthly_earnings,ingtot
631_trim_dic_ene_feb19,EPE,2018-12,Trim Dic-Ene-Feb19.csv,ok,102,hours,
631_trim_dic_ene_feb19,EPE,2018-12,Trim Dic-Ene-Feb19.csv,ok,102,weight,
631_trim_dic_ene_feb19,EPE,2018-12,Trim Dic-Ene-Feb19.csv,ok,102,psu,conglome
631_trim_dic_ene_feb19,EPE,2018-12,Trim Dic-Ene-Feb19.csv,ok,102,stratum,estrato
631_trim_dic_ene_feb19,EPE,2018-12,Trim Dic-Ene-Feb19.csv,ok,102,geography,dominio
631_trim_dic_ene_feb19,EPE,2018-12,Trim Dic-Ene-Feb19.csv,ok,102,month_year,
631_trim_dic_ene_feb19,EPE,2018-12,Trim Dic-Ene-Feb19.csv,ok,102,industry,
631_trim_dic_ene_feb19,EPE,2018-12,Trim Dic-Ene-Feb19.csv,ok,102,occupation,
631_trim_dic_ene_feb19,EPE,2018-12,Trim Dic-Ene-Feb19.csv,ok,102,household_id,vivienda|hogar
631_trim_dic_ene_feb19,EPE,2018-12,Trim Dic-Ene-Feb19.csv,ok,102,person_id,codperso
631_trim_dic_ene_feb19,EPE,2018-12,Trim Dic-Ene-Feb19.csv,ok,102,panel_rotation,
636_trim_ene_feb_mar19,EPE,2019-01,Trim Ene-Feb-Mar19.csv,ok,102,employment_indicator,ocu200
636_trim_ene_feb_mar19,EPE,2019-01,Trim Ene-Feb-Mar19.csv,ok,102,age,p208b1|p208b2|p208b3
636_trim_ene_feb_mar19,EPE,2019-01,Trim Ene-Feb-Mar19.csv,ok,102,sex,p207a|p207b
636_trim_ene_feb_mar19,EPE,2019-01,Trim Ene-Feb-Mar19.csv,ok,102,dependent_worker,
636_trim_ene_feb_mar19,EPE,2019-01,Trim Ene-Feb-Mar19.csv,ok,102,self_employment,
636_trim_ene_feb_mar19,EPE,2019-01,Trim Ene-Feb-Mar19.csv,ok,102,informality,
636_trim_ene_feb_mar19,EPE,2019-01,Trim Ene-Feb-Mar19.csv,ok,102,monthly_earnings,ingtot
636_trim_ene_feb_mar19,EPE,2019-01,Trim Ene-Feb-Mar19.csv,ok,102,hours,
636_trim_ene_feb_mar19,EPE,2019-01,Trim Ene-Feb-Mar19.csv,ok,102,weight,
636_trim_ene_feb_mar19,EPE,2019-01,Trim Ene-Feb-Mar19.csv,ok,102,psu,conglome
636_trim_ene_feb_mar19,EPE,2019-01,Trim Ene-Feb-Mar19.csv,ok,102,stratum,estrato
636_trim_ene_feb_mar19,EPE,2019-01,Trim Ene-Feb-Mar19.csv,ok,102,geography,dominio
636_trim_ene_feb_mar19,EPE,2019-01,Trim Ene-Feb-Mar19.csv,ok,102,month_year,
636_trim_ene_feb_mar19,EPE,2019-01,Trim Ene-Feb-Mar19.csv,ok,102,industry,
636_trim_ene_feb_mar19,EPE,2019-01,Trim Ene-Feb-Mar19.csv,ok,102,occupation,
636_trim_ene_feb_mar19,EPE,2019-01,Trim Ene-Feb-Mar19.csv,ok,102,household_id,vivienda|hogar
636_trim_ene_feb_mar19,EPE,2019-01,Trim Ene-Feb-Mar19.csv,ok,102,person_id,codperso
636_trim_ene_feb_mar19,EPE,2019-01,Trim Ene-Feb-Mar19.csv,ok,102,panel_rotation,
637_trim_feb_mar_abr19,EPE,2019-02,Trim Feb-Mar-Abr19.csv,ok,102,employment_indicator,ocu200
637_trim_feb_mar_abr19,EPE,2019-02,Trim Feb-Mar-Abr19.csv,ok,102,age,p208b1|p208b2|p208b3
637_trim_feb_mar_abr19,EPE,2019-02,Trim Feb-Mar-Abr19.csv,ok,102,sex,p207a|p207b
637_trim_feb_mar_abr19,EPE,2019-02,Trim Feb-Mar-Abr19.csv,ok,102,dependent_worker,
637_trim_feb_mar_abr19,EPE,2019-02,Trim Feb-Mar-Abr19.csv,ok,102,self_employment,
637_trim_feb_mar_abr19,EPE,2019-02,Trim Feb-Mar-Abr19.csv,ok,102,informality,
637_trim_feb_mar_abr19,EPE,2019-02,Trim Feb-Mar-Abr19.csv,ok,102,monthly_earnings,ingtot
637_trim_feb_mar_abr19,EPE,2019-02,Trim Feb-Mar-Abr19.csv,ok,102,hours,
637_trim_feb_mar_abr19,EPE,2019-02,Trim Feb-Mar-Abr19.csv,ok,102,weight,
637_trim_feb_mar_abr19,EPE,2019-02,Trim Feb-Mar-Abr19.csv,ok,102,psu,conglome
637_trim_feb_mar_abr19,EPE,2019-02,Trim Feb-Mar-Abr19.csv,ok,102,stratum,estrato
637_trim_feb_mar_abr19,EPE,2019-02,Trim Feb-Mar-Abr19.csv,ok,102,geography,dominio
637_trim_feb_mar_abr19,EPE,2019-02,Trim Feb-Mar-Abr19.csv,ok,102,month_year,
637_trim_feb_mar_abr19,EPE,2019-02,Trim Feb-Mar-Abr19.csv,ok,102,industry,
637_trim_feb_mar_abr19,EPE,2019-02,Trim Feb-Mar-Abr19.csv,ok,102,occupation,
637_trim_feb_mar_abr19,EPE,2019-02,Trim Feb-Mar-Abr19.csv,ok,102,household_id,vivienda|hogar
637_trim_feb_mar_abr19,EPE,2019-02,Trim Feb-Mar-Abr19.csv,ok,102,person_id,codperso
637_trim_feb_mar_abr19,EPE,2019-02,Trim Feb-Mar-Abr19.csv,ok,102,panel_rotation,
640_trim_mar_abr_may19,EPE,2019-03,Trim Mar-Abr-May19.csv,ok,102,employment_indicator,ocu200
640_trim_mar_abr_may19,EPE,2019-03,Trim Mar-Abr-May19.csv,ok,102,age,p208b1|p208b2|p208b3
640_trim_mar_abr_may19,EPE,2019-03,Trim Mar-Abr-May19.csv,ok,102,sex,p207a|p207b
640_trim_mar_abr_may19,EPE,2019-03,Trim Mar-Abr-May19.csv,ok,102,dependent_worker,
640_trim_mar_abr_may19,EPE,2019-03,Trim Mar-Abr-May19.csv,ok,102,self_employment,
640_trim_mar_abr_may19,EPE,2019-03,Trim Mar-Abr-May19.csv,ok,102,informality,
640_trim_mar_abr_may19,EPE,2019-03,Trim Mar-Abr-May19.csv,ok,102,monthly_earnings,ingtot
640_trim_mar_abr_may19,EPE,2019-03,Trim Mar-Abr-May19.csv,ok,102,hours,
640_trim_mar_abr_may19,EPE,2019-03,Trim Mar-Abr-May19.csv,ok,102,weight,
640_trim_mar_abr_may19,EPE,2019-03,Trim Mar-Abr-May19.csv,ok,102,psu,conglome
640_trim_mar_abr_may19,EPE,2019-03,Trim Mar-Abr-May19.csv,ok,102,stratum,estrato
640_trim_mar_abr_may19,EPE,2019-03,Trim Mar-Abr-May19.csv,ok,102,geography,dominio
640_trim_mar_abr_may19,EPE,2019-03,Trim Mar-Abr-May19.csv,ok,102,month_year,
640_trim_mar_abr_may19,EPE,2019-03,Trim Mar-Abr-May19.csv,ok,102,industry,
640_trim_mar_abr_may19,EPE,2019-03,Trim Mar-Abr-May19.csv,ok,102,occupation,
640_trim_mar_abr_may19,EPE,2019-03,Trim Mar-Abr-May19.csv,ok,102,household_id,vivienda|hogar
640_trim_mar_abr_may19,EPE,2019-03,Trim Mar-Abr-May19.csv,ok,102,person_id,codperso
640_trim_mar_abr_may19,EPE,2019-03,Trim Mar-Abr-May19.csv,ok,102,panel_rotation,
643_trim_abr_may_jun19,EPE,2019-04,Trim Abr-May-Jun19.csv,ok,102,employment_indicator,ocu200
643_trim_abr_may_jun19,EPE,2019-04,Trim Abr-May-Jun19.csv,ok,102,age,p208b1|p208b2|p208b3
643_trim_abr_may_jun19,EPE,2019-04,Trim Abr-May-Jun19.csv,ok,102,sex,p207a|p207b
643_trim_abr_may_jun19,EPE,2019-04,Trim Abr-May-Jun19.csv,ok,102,dependent_worker,
643_trim_abr_may_jun19,EPE,2019-04,Trim Abr-May-Jun19.csv,ok,102,self_employment,
643_trim_abr_may_jun19,EPE,2019-04,Trim Abr-May-Jun19.csv,ok,102,informality,
643_trim_abr_may_jun19,EPE,2019-04,Trim Abr-May-Jun19.csv,ok,102,monthly_earnings,ingtot
643_trim_abr_may_jun19,EPE,2019-04,Trim Abr-May-Jun19.csv,ok,102,hours,
643_trim_abr_may_jun19,EPE,2019-04,Trim Abr-May-Jun19.csv,ok,102,weight,
643_trim_abr_may_jun19,EPE,2019-04,Trim Abr-May-Jun19.csv,ok,102,psu,conglome
643_trim_abr_may_jun19,EPE,2019-04,Trim Abr-May-Jun19.csv,ok,102,stratum,estrato
643_trim_abr_may_jun19,EPE,2019-04,Trim Abr-May-Jun19.csv,ok,102,geography,dominio
643_trim_abr_may_jun19,EPE,2019-04,Trim Abr-May-Jun19.csv,ok,102,month_year,
643_trim_abr_may_jun19,EPE,2019-04,Trim Abr-May-Jun19.csv,ok,102,industry,
643_trim_abr_may_jun19,EPE,2019-04,Trim Abr-May-Jun19.csv,ok,102,occupation,
643_trim_abr_may_jun19,EPE,2019-04,Trim Abr-May-Jun19.csv,ok,102,household_id,vivienda|hogar
643_trim_abr_may_jun19,EPE,2019-04,Trim Abr-May-Jun19.csv,ok,102,person_id,codperso
643_trim_abr_may_jun19,EPE,2019-04,Trim Abr-May-Jun19.csv,ok,102,panel_rotation,
644_trim_may_jun_jul19,EPE,2019-05,Trim May-Jun-Jul19.csv,ok,102,employment_indicator,ocu200
644_trim_may_jun_jul19,EPE,2019-05,Trim May-Jun-Jul19.csv,ok,102,age,p208b1|p208b2|p208b3
644_trim_may_jun_jul19,EPE,2019-05,Trim May-Jun-Jul19.csv,ok,102,sex,p207a|p207b
644_trim_may_jun_jul19,EPE,2019-05,Trim May-Jun-Jul19.csv,ok,102,dependent_worker,
644_trim_may_jun_jul19,EPE,2019-05,Trim May-Jun-Jul19.csv,ok,102,self_employment,
644_trim_may_jun_jul19,EPE,2019-05,Trim May-Jun-Jul19.csv,ok,102,informality,
644_trim_may_jun_jul19,EPE,2019-05,Trim May-Jun-Jul19.csv,ok,102,monthly_earnings,ingtot
644_trim_may_jun_jul19,EPE,2019-05,Trim May-Jun-Jul19.csv,ok,102,hours,
644_trim_may_jun_jul19,EPE,2019-05,Trim May-Jun-Jul19.csv,ok,102,weight,
644_trim_may_jun_jul19,EPE,2019-05,Trim May-Jun-Jul19.csv,ok,102,psu,conglome
644_trim_may_jun_jul19,EPE,2019-05,Trim May-Jun-Jul19.csv,ok,102,stratum,estrato
644_trim_may_jun_jul19,EPE,2019-05,Trim May-Jun-Jul19.csv,ok,102,geography,dominio
644_trim_may_jun_jul19,EPE,2019-05,Trim May-Jun-Jul19.csv,ok,102,month_year,
644_trim_may_jun_jul19,EPE,2019-05,Trim May-Jun-Jul19.csv,ok,102,industry,
644_trim_may_jun_jul19,EPE,2019-05,Trim May-Jun-Jul19.csv,ok,102,occupation,
644_trim_may_jun_jul19,EPE,2019-05,Trim May-Jun-Jul19.csv,ok,102,household_id,vivienda|hogar
644_trim_may_jun_jul19,EPE,2019-05,Trim May-Jun-Jul19.csv,ok,102,person_id,codperso
644_trim_may_jun_jul19,EPE,2019-05,Trim May-Jun-Jul19.csv,ok,102,panel_rotation,
646_trim_jun_jul_ago19,EPE,2019-06,Trim Jun-Jul_Ago19.csv,ok,102,employment_indicator,ocu200
646_trim_jun_jul_ago19,EPE,2019-06,Trim Jun-Jul_Ago19.csv,ok,102,age,p208b1|p208b2|p208b3
646_trim_jun_jul_ago19,EPE,2019-06,Trim Jun-Jul_Ago19.csv,ok,102,sex,p207a|p207b
646_trim_jun_jul_ago19,EPE,2019-06,Trim Jun-Jul_Ago19.csv,ok,102,dependent_worker,
646_trim_jun_jul_ago19,EPE,2019-06,Trim Jun-Jul_Ago19.csv,ok,102,self_employment,
646_trim_jun_jul_ago19,EPE,2019-06,Trim Jun-Jul_Ago19.csv,ok,102,informality,
646_trim_jun_jul_ago19,EPE,2019-06,Trim Jun-Jul_Ago19.csv,ok,102,monthly_earnings,ingtot
646_trim_jun_jul_ago19,EPE,2019-06,Trim Jun-Jul_Ago19.csv,ok,102,hours,
646_trim_jun_jul_ago19,EPE,2019-06,Trim Jun-Jul_Ago19.csv,ok,102,weight,
646_trim_jun_jul_ago19,EPE,2019-06,Trim Jun-Jul_Ago19.csv,ok,102,psu,conglome
646_trim_jun_jul_ago19,EPE,2019-06,Trim Jun-Jul_Ago19.csv,ok,102,stratum,estrato
646_trim_jun_jul_ago19,EPE,2019-06,Trim Jun-Jul_Ago19.csv,ok,102,geography,dominio
646_trim_jun_jul_ago19,EPE,2019-06,Trim Jun-Jul_Ago19.csv,ok,102,month_year,
646_trim_jun_jul_ago19,EPE,2019-06,Trim Jun-Jul_Ago19.csv,ok,102,industry,
646_trim_jun_jul_ago19,EPE,2019-06,Trim Jun-Jul_Ago19.csv,ok,102,occupation,
646_trim_jun_jul_ago19,EPE,2019-06,Trim Jun-Jul_Ago19.csv,ok,102,household_id,vivienda|hogar
646_trim_jun_jul_ago19,EPE,2019-06,Trim Jun-Jul_Ago19.csv,ok,102,person_id,codperso
646_trim_jun_jul_ago19,EPE,2019-06,Trim Jun-Jul_Ago19.csv,ok,102,panel_rotation,
648_trim_jul_ago_set19,EPE,2019-07,Trim Jul-Ago-Set19.csv,ok,102,employment_indicator,ocu200
648_trim_jul_ago_set19,EPE,2019-07,Trim Jul-Ago-Set19.csv,ok,102,age,p208b1|p208b2|p208b3
648_trim_jul_ago_set19,EPE,2019-07,Trim Jul-Ago-Set19.csv,ok,102,sex,p207a|p207b
648_trim_jul_ago_set19,EPE,2019-07,Trim Jul-Ago-Set19.csv,ok,102,dependent_worker,
648_trim_jul_ago_set19,EPE,2019-07,Trim Jul-Ago-Set19.csv,ok,102,self_employment,
648_trim_jul_ago_set19,EPE,2019-07,Trim Jul-Ago-Set19.csv,ok,102,informality,
648_trim_jul_ago_set19,EPE,2019-07,Trim Jul-Ago-Set19.csv,ok,102,monthly_earnings,ingtot
648_trim_jul_ago_set19,EPE,2019-07,Trim Jul-Ago-Set19.csv,ok,102,hours,
648_trim_jul_ago_set19,EPE,2019-07,Trim Jul-Ago-Set19.csv,ok,102,weight,
648_trim_jul_ago_set19,EPE,2019-07,Trim Jul-Ago-Set19.csv,ok,102,psu,conglome
648_trim_jul_ago_set19,EPE,2019-07,Trim Jul-Ago-Set19.csv,ok,102,stratum,estrato
648_trim_jul_ago_set19,EPE,2019-07,Trim Jul-Ago-Set19.csv,ok,102,geography,dominio
648_trim_jul_ago_set19,EPE,2019-07,Trim Jul-Ago-Set19.csv,ok,102,month_year,
648_trim_jul_ago_set19,EPE,2019-07,Trim Jul-Ago-Set19.csv,ok,102,industry,
648_trim_jul_ago_set19,EPE,2019-07,Trim Jul-Ago-Set19.csv,ok,102,occupation,
648_trim_jul_ago_set19,EPE,2019-07,Trim Jul-Ago-Set19.csv,ok,102,household_id,vivienda|hogar
648_trim_jul_ago_set19,EPE,2019-07,Trim Jul-Ago-Set19.csv,ok,102,person_id,codperso
648_trim_jul_ago_set19,EPE,2019-07,Trim Jul-Ago-Set19.csv,ok,102,panel_rotation,
688_trim_ene_feb_mar20,EPE,2020-01,Trim Ene-Feb-Mar20.csv,ok,102,employment_indicator,ocu200
688_trim_ene_feb_mar20,EPE,2020-01,Trim Ene-Feb-Mar20.csv,ok,102,age,p208b1|p208b2|p208b3
688_trim_ene_feb_mar20,EPE,2020-01,Trim Ene-Feb-Mar20.csv,ok,102,sex,p207a|p207b
688_trim_ene_feb_mar20,EPE,2020-01,Trim Ene-Feb-Mar20.csv,ok,102,dependent_worker,
688_trim_ene_feb_mar20,EPE,2020-01,Trim Ene-Feb-Mar20.csv,ok,102,self_employment,
688_trim_ene_feb_mar20,EPE,2020-01,Trim Ene-Feb-Mar20.csv,ok,102,informality,
688_trim_ene_feb_mar20,EPE,2020-01,Trim Ene-Feb-Mar20.csv,ok,102,monthly_earnings,ingtot
688_trim_ene_feb_mar20,EPE,2020-01,Trim Ene-Feb-Mar20.csv,ok,102,hours,
688_trim_ene_feb_mar20,EPE,2020-01,Trim Ene-Feb-Mar20.csv,ok,102,weight,
688_trim_ene_feb_mar20,EPE,2020-01,Trim Ene-Feb-Mar20.csv,ok,102,psu,conglome
688_trim_ene_feb_mar20,EPE,2020-01,Trim Ene-Feb-Mar20.csv,ok,102,stratum,estrato
688_trim_ene_feb_mar20,EPE,2020-01,Trim Ene-Feb-Mar20.csv,ok,102,geography,dominio
688_trim_ene_feb_mar20,EPE,2020-01,Trim Ene-Feb-Mar20.csv,ok,102,month_year,
688_trim_ene_feb_mar20,EPE,2020-01,Trim Ene-Feb-Mar20.csv,ok,102,industry,
688_trim_ene_feb_mar20,EPE,2020-01,Trim Ene-Feb-Mar20.csv,ok,102,occupation,
688_trim_ene_feb_mar20,EPE,2020-01,Trim Ene-Feb-Mar20.csv,ok,102,household_id,vivienda|hogar
688_trim_ene_feb_mar20,EPE,2020-01,Trim Ene-Feb-Mar20.csv,ok,102,person_id,codperso
688_trim_ene_feb_mar20,EPE,2020-01,Trim Ene-Feb-Mar20.csv,ok,102,panel_rotation,
735_trim_ene_feb_mar21,EPE,2021-01,Trim Ene-Feb-Mar21.csv,ok,103,employment_indicator,ocu200
735_trim_ene_feb_mar21,EPE,2021-01,Trim Ene-Feb-Mar21.csv,ok,103,age,p208b1|p208b2|p208b3
735_trim_ene_feb_mar21,EPE,2021-01,Trim Ene-Feb-Mar21.csv,ok,103,sex,p207a|p207b
735_trim_ene_feb_mar21,EPE,2021-01,Trim Ene-Feb-Mar21.csv,ok,103,dependent_worker,
735_trim_ene_feb_mar21,EPE,2021-01,Trim Ene-Feb-Mar21.csv,ok,103,self_employment,
735_trim_ene_feb_mar21,EPE,2021-01,Trim Ene-Feb-Mar21.csv,ok,103,informality,
735_trim_ene_feb_mar21,EPE,2021-01,Trim Ene-Feb-Mar21.csv,ok,103,monthly_earnings,ingtot
735_trim_ene_feb_mar21,EPE,2021-01,Trim Ene-Feb-Mar21.csv,ok,103,hours,
735_trim_ene_feb_mar21,EPE,2021-01,Trim Ene-Feb-Mar21.csv,ok,103,weight,
735_trim_ene_feb_mar21,EPE,2021-01,Trim Ene-Feb-Mar21.csv,ok,103,psu,conglome
735_trim_ene_feb_mar21,EPE,2021-01,Trim Ene-Feb-Mar21.csv,ok,103,stratum,estrato
735_trim_ene_feb_mar21,EPE,2021-01,Trim Ene-Feb-Mar21.csv,ok,103,geography,dominio
735_trim_ene_feb_mar21,EPE,2021-01,Trim Ene-Feb-Mar21.csv,ok,103,month_year,
735_trim_ene_feb_mar21,EPE,2021-01,Trim Ene-Feb-Mar21.csv,ok,103,industry,
735_trim_ene_feb_mar21,EPE,2021-01,Trim Ene-Feb-Mar21.csv,ok,103,occupation,
735_trim_ene_feb_mar21,EPE,2021-01,Trim Ene-Feb-Mar21.csv,ok,103,household_id,vivienda|hogar
735_trim_ene_feb_mar21,EPE,2021-01,Trim Ene-Feb-Mar21.csv,ok,103,person_id,codperso
735_trim_ene_feb_mar21,EPE,2021-01,Trim Ene-Feb-Mar21.csv,ok,103,panel_rotation,
738_trim_feb_mar_abr21,EPE,2021-02,Trim Feb-Mar-Abr21.csv,ok,103,employment_indicator,ocu200
738_trim_feb_mar_abr21,EPE,2021-02,Trim Feb-Mar-Abr21.csv,ok,103,age,p208b1|p208b2|p208b3
738_trim_feb_mar_abr21,EPE,2021-02,Trim Feb-Mar-Abr21.csv,ok,103,sex,p207a|p207b
738_trim_feb_mar_abr21,EPE,2021-02,Trim Feb-Mar-Abr21.csv,ok,103,dependent_worker,
738_trim_feb_mar_abr21,EPE,2021-02,Trim Feb-Mar-Abr21.csv,ok,103,self_employment,
738_trim_feb_mar_abr21,EPE,2021-02,Trim Feb-Mar-Abr21.csv,ok,103,informality,
738_trim_feb_mar_abr21,EPE,2021-02,Trim Feb-Mar-Abr21.csv,ok,103,monthly_earnings,ingtot
738_trim_feb_mar_abr21,EPE,2021-02,Trim Feb-Mar-Abr21.csv,ok,103,hours,
738_trim_feb_mar_abr21,EPE,2021-02,Trim Feb-Mar-Abr21.csv,ok,103,weight,
738_trim_feb_mar_abr21,EPE,2021-02,Trim Feb-Mar-Abr21.csv,ok,103,psu,conglome
738_trim_feb_mar_abr21,EPE,2021-02,Trim Feb-Mar-Abr21.csv,ok,103,stratum,estrato
738_trim_feb_mar_abr21,EPE,2021-02,Trim Feb-Mar-Abr21.csv,ok,103,geography,dominio
738_trim_feb_mar_abr21,EPE,2021-02,Trim Feb-Mar-Abr21.csv,ok,103,month_year,
738_trim_feb_mar_abr21,EPE,2021-02,Trim Feb-Mar-Abr21.csv,ok,103,industry,
738_trim_feb_mar_abr21,EPE,2021-02,Trim Feb-Mar-Abr21.csv,ok,103,occupation,
738_trim_feb_mar_abr21,EPE,2021-02,Trim Feb-Mar-Abr21.csv,ok,103,household_id,vivienda|hogar
738_trim_feb_mar_abr21,EPE,2021-02,Trim Feb-Mar-Abr21.csv,ok,103,person_id,codperso
738_trim_feb_mar_abr21,EPE,2021-02,Trim Feb-Mar-Abr21.csv,ok,103,panel_rotation,
741_trim_mar_abr_may21,EPE,2021-03,Trim Mar-Abr-May21.csv,ok,103,employment_indicator,ocu200
741_trim_mar_abr_may21,EPE,2021-03,Trim Mar-Abr-May21.csv,ok,103,age,p208b1|p208b2|p208b3
741_trim_mar_abr_may21,EPE,2021-03,Trim Mar-Abr-May21.csv,ok,103,sex,p207a|p207b
741_trim_mar_abr_may21,EPE,2021-03,Trim Mar-Abr-May21.csv,ok,103,dependent_worker,
741_trim_mar_abr_may21,EPE,2021-03,Trim Mar-Abr-May21.csv,ok,103,self_employment,
741_trim_mar_abr_may21,EPE,2021-03,Trim Mar-Abr-May21.csv,ok,103,informality,
741_trim_mar_abr_may21,EPE,2021-03,Trim Mar-Abr-May21.csv,ok,103,monthly_earnings,ingtot
741_trim_mar_abr_may21,EPE,2021-03,Trim Mar-Abr-May21.csv,ok,103,hours,
741_trim_mar_abr_may21,EPE,2021-03,Trim Mar-Abr-May21.csv,ok,103,weight,
741_trim_mar_abr_may21,EPE,2021-03,Trim Mar-Abr-May21.csv,ok,103,psu,conglome
741_trim_mar_abr_may21,EPE,2021-03,Trim Mar-Abr-May21.csv,ok,103,stratum,estrato
741_trim_mar_abr_may21,EPE,2021-03,Trim Mar-Abr-May21.csv,ok,103,geography,dominio
741_trim_mar_abr_may21,EPE,2021-03,Trim Mar-Abr-May21.csv,ok,103,month_year,
741_trim_mar_abr_may21,EPE,2021-03,Trim Mar-Abr-May21.csv,ok,103,industry,
741_trim_mar_abr_may21,EPE,2021-03,Trim Mar-Abr-May21.csv,ok,103,occupation,
741_trim_mar_abr_may21,EPE,2021-03,Trim Mar-Abr-May21.csv,ok,103,household_id,vivienda|hogar
741_trim_mar_abr_may21,EPE,2021-03,Trim Mar-Abr-May21.csv,ok,103,person_id,codperso
741_trim_mar_abr_may21,EPE,2021-03,Trim Mar-Abr-May21.csv,ok,103,panel_rotation,
742_trim_abr_may_jun21,EPE,2021-04,Trim Abr-May-Jun21.csv,ok,103,employment_indicator,ocu200
742_trim_abr_may_jun21,EPE,2021-04,Trim Abr-May-Jun21.csv,ok,103,age,p208b1|p208b2|p208b3
742_trim_abr_may_jun21,EPE,2021-04,Trim Abr-May-Jun21.csv,ok,103,sex,p207a|p207b
742_trim_abr_may_jun21,EPE,2021-04,Trim Abr-May-Jun21.csv,ok,103,dependent_worker,
742_trim_abr_may_jun21,EPE,2021-04,Trim Abr-May-Jun21.csv,ok,103,self_employment,
742_trim_abr_may_jun21,EPE,2021-04,Trim Abr-May-Jun21.csv,ok,103,informality,
742_trim_abr_may_jun21,EPE,2021-04,Trim Abr-May-Jun21.csv,ok,103,monthly_earnings,ingtot
742_trim_abr_may_jun21,EPE,2021-04,Trim Abr-May-Jun21.csv,ok,103,hours,
742_trim_abr_may_jun21,EPE,2021-04,Trim Abr-May-Jun21.csv,ok,103,weight,
742_trim_abr_may_jun21,EPE,2021-04,Trim Abr-May-Jun21.csv,ok,103,psu,conglome
742_trim_abr_may_jun21,EPE,2021-04,Trim Abr-May-Jun21.csv,ok,103,stratum,estrato
742_trim_abr_may_jun21,EPE,2021-04,Trim Abr-May-Jun21.csv,ok,103,geography,dominio
742_trim_abr_may_jun21,EPE,2021-04,Trim Abr-May-Jun21.csv,ok,103,month_year,
742_trim_abr_may_jun21,EPE,2021-04,Trim Abr-May-Jun21.csv,ok,103,industry,
742_trim_abr_may_jun21,EPE,2021-04,Trim Abr-May-Jun21.csv,ok,103,occupation,
742_trim_abr_may_jun21,EPE,2021-04,Trim Abr-May-Jun21.csv,ok,103,household_id,vivienda|hogar
742_trim_abr_may_jun21,EPE,2021-04,Trim Abr-May-Jun21.csv,ok,103,person_id,codperso
742_trim_abr_may_jun21,EPE,2021-04,Trim Abr-May-Jun21.csv,ok,103,panel_rotation,
744_trim_may_jun_jul21,EPE,2021-05,Trim May-Jun-Jul21.csv,ok,103,employment_indicator,ocu200
744_trim_may_jun_jul21,EPE,2021-05,Trim May-Jun-Jul21.csv,ok,103,age,p208b1|p208b2|p208b3
744_trim_may_jun_jul21,EPE,2021-05,Trim May-Jun-Jul21.csv,ok,103,sex,p207a|p207b
744_trim_may_jun_jul21,EPE,2021-05,Trim May-Jun-Jul21.csv,ok,103,dependent_worker,
744_trim_may_jun_jul21,EPE,2021-05,Trim May-Jun-Jul21.csv,ok,103,self_employment,
744_trim_may_jun_jul21,EPE,2021-05,Trim May-Jun-Jul21.csv,ok,103,informality,
744_trim_may_jun_jul21,EPE,2021-05,Trim May-Jun-Jul21.csv,ok,103,monthly_earnings,ingtot
744_trim_may_jun_jul21,EPE,2021-05,Trim May-Jun-Jul21.csv,ok,103,hours,
744_trim_may_jun_jul21,EPE,2021-05,Trim May-Jun-Jul21.csv,ok,103,weight,
744_trim_may_jun_jul21,EPE,2021-05,Trim May-Jun-Jul21.csv,ok,103,psu,conglome
744_trim_may_jun_jul21,EPE,2021-05,Trim May-Jun-Jul21.csv,ok,103,stratum,estrato
744_trim_may_jun_jul21,EPE,2021-05,Trim May-Jun-Jul21.csv,ok,103,geography,dominio
744_trim_may_jun_jul21,EPE,2021-05,Trim May-Jun-Jul21.csv,ok,103,month_year,
744_trim_may_jun_jul21,EPE,2021-05,Trim May-Jun-Jul21.csv,ok,103,industry,
744_trim_may_jun_jul21,EPE,2021-05,Trim May-Jun-Jul21.csv,ok,103,occupation,
744_trim_may_jun_jul21,EPE,2021-05,Trim May-Jun-Jul21.csv,ok,103,household_id,vivienda|hogar
744_trim_may_jun_jul21,EPE,2021-05,Trim May-Jun-Jul21.csv,ok,103,person_id,codperso
744_trim_may_jun_jul21,EPE,2021-05,Trim May-Jun-Jul21.csv,ok,103,panel_rotation,
746_trim_jun_jul_ago21,EPE,2021-06,Trim Jun-Jul-Ago21.csv,ok,103,employment_indicator,ocu200
746_trim_jun_jul_ago21,EPE,2021-06,Trim Jun-Jul-Ago21.csv,ok,103,age,p208b1|p208b2|p208b3
746_trim_jun_jul_ago21,EPE,2021-06,Trim Jun-Jul-Ago21.csv,ok,103,sex,p207a|p207b
746_trim_jun_jul_ago21,EPE,2021-06,Trim Jun-Jul-Ago21.csv,ok,103,dependent_worker,
746_trim_jun_jul_ago21,EPE,2021-06,Trim Jun-Jul-Ago21.csv,ok,103,self_employment,
746_trim_jun_jul_ago21,EPE,2021-06,Trim Jun-Jul-Ago21.csv,ok,103,informality,
746_trim_jun_jul_ago21,EPE,2021-06,Trim Jun-Jul-Ago21.csv,ok,103,monthly_earnings,ingtot
746_trim_jun_jul_ago21,EPE,2021-06,Trim Jun-Jul-Ago21.csv,ok,103,hours,
746_trim_jun_jul_ago21,EPE,2021-06,Trim Jun-Jul-Ago21.csv,ok,103,weight,
746_trim_jun_jul_ago21,EPE,2021-06,Trim Jun-Jul-Ago21.csv,ok,103,psu,conglome
746_trim_jun_jul_ago21,EPE,2021-06,Trim Jun-Jul-Ago21.csv,ok,103,stratum,estrato
746_trim_jun_jul_ago21,EPE,2021-06,Trim Jun-Jul-Ago21.csv,ok,103,geography,dominio
746_trim_jun_jul_ago21,EPE,2021-06,Trim Jun-Jul-Ago21.csv,ok,103,month_year,
746_trim_jun_jul_ago21,EPE,2021-06,Trim Jun-Jul-Ago21.csv,ok,103,industry,
746_trim_jun_jul_ago21,EPE,2021-06,Trim Jun-Jul-Ago21.csv,ok,103,occupation,
746_trim_jun_jul_ago21,EPE,2021-06,Trim Jun-Jul-Ago21.csv,ok,103,household_id,vivienda|hogar
746_trim_jun_jul_ago21,EPE,2021-06,Trim Jun-Jul-Ago21.csv,ok,103,person_id,codperso
746_trim_jun_jul_ago21,EPE,2021-06,Trim Jun-Jul-Ago21.csv,ok,103,panel_rotation,
747_trim_jul_ago_set21,EPE,2021-07,Trim Jul-Ago-Set21.csv,ok,103,employment_indicator,ocu200
747_trim_jul_ago_set21,EPE,2021-07,Trim Jul-Ago-Set21.csv,ok,103,age,p208b1|p208b2|p208b3
747_trim_jul_ago_set21,EPE,2021-07,Trim Jul-Ago-Set21.csv,ok,103,sex,p207a|p207b
747_trim_jul_ago_set21,EPE,2021-07,Trim Jul-Ago-Set21.csv,ok,103,dependent_worker,
747_trim_jul_ago_set21,EPE,2021-07,Trim Jul-Ago-Set21.csv,ok,103,self_employment,
747_trim_jul_ago_set21,EPE,2021-07,Trim Jul-Ago-Set21.csv,ok,103,informality,
747_trim_jul_ago_set21,EPE,2021-07,Trim Jul-Ago-Set21.csv,ok,103,monthly_earnings,ingtot
747_trim_jul_ago_set21,EPE,2021-07,Trim Jul-Ago-Set21.csv,ok,103,hours,
747_trim_jul_ago_set21,EPE,2021-07,Trim Jul-Ago-Set21.csv,ok,103,weight,
747_trim_jul_ago_set21,EPE,2021-07,Trim Jul-Ago-Set21.csv,ok,103,psu,conglome
747_trim_jul_ago_set21,EPE,2021-07,Trim Jul-Ago-Set21.csv,ok,103,stratum,estrato
747_trim_jul_ago_set21,EPE,2021-07,Trim Jul-Ago-Set21.csv,ok,103,geography,dominio
747_trim_jul_ago_set21,EPE,2021-07,Trim Jul-Ago-Set21.csv,ok,103,month_year,
747_trim_jul_ago_set21,EPE,2021-07,Trim Jul-Ago-Set21.csv,ok,103,industry,
747_trim_jul_ago_set21,EPE,2021-07,Trim Jul-Ago-Set21.csv,ok,103,occupation,
747_trim_jul_ago_set21,EPE,2021-07,Trim Jul-Ago-Set21.csv,ok,103,household_id,vivienda|hogar
747_trim_jul_ago_set21,EPE,2021-07,Trim Jul-Ago-Set21.csv,ok,103,person_id,codperso
747_trim_jul_ago_set21,EPE,2021-07,Trim Jul-Ago-Set21.csv,ok,103,panel_rotation,
748_trim_ago_set_oct21,EPE,2021-08,Trim Ago-Set-Oct21.csv,ok,103,employment_indicator,ocu200
748_trim_ago_set_oct21,EPE,2021-08,Trim Ago-Set-Oct21.csv,ok,103,age,p208b1|p208b2|p208b3
748_trim_ago_set_oct21,EPE,2021-08,Trim Ago-Set-Oct21.csv,ok,103,sex,p207a|p207b
748_trim_ago_set_oct21,EPE,2021-08,Trim Ago-Set-Oct21.csv,ok,103,dependent_worker,
748_trim_ago_set_oct21,EPE,2021-08,Trim Ago-Set-Oct21.csv,ok,103,self_employment,
748_trim_ago_set_oct21,EPE,2021-08,Trim Ago-Set-Oct21.csv,ok,103,informality,
748_trim_ago_set_oct21,EPE,2021-08,Trim Ago-Set-Oct21.csv,ok,103,monthly_earnings,ingtot
748_trim_ago_set_oct21,EPE,2021-08,Trim Ago-Set-Oct21.csv,ok,103,hours,
748_trim_ago_set_oct21,EPE,2021-08,Trim Ago-Set-Oct21.csv,ok,103,weight,
748_trim_ago_set_oct21,EPE,2021-08,Trim Ago-Set-Oct21.csv,ok,103,psu,conglome
748_trim_ago_set_oct21,EPE,2021-08,Trim Ago-Set-Oct21.csv,ok,103,stratum,estrato
748_trim_ago_set_oct21,EPE,2021-08,Trim Ago-Set-Oct21.csv,ok,103,geography,dominio
748_trim_ago_set_oct21,EPE,2021-08,Trim Ago-Set-Oct21.csv,ok,103,month_year,
748_trim_ago_set_oct21,EPE,2021-08,Trim Ago-Set-Oct21.csv,ok,103,industry,
748_trim_ago_set_oct21,EPE,2021-08,Trim Ago-Set-Oct21.csv,ok,103,occupation,
748_trim_ago_set_oct21,EPE,2021-08,Trim Ago-Set-Oct21.csv,ok,103,household_id,vivienda|hogar
748_trim_ago_set_oct21,EPE,2021-08,Trim Ago-Set-Oct21.csv,ok,103,person_id,codperso
748_trim_ago_set_oct21,EPE,2021-08,Trim Ago-Set-Oct21.csv,ok,103,panel_rotation,
750_trim_set_oct_nov21,EPE,2021-09,Trim Set-Oct-Nov21.csv,ok,103,employment_indicator,ocu200
750_trim_set_oct_nov21,EPE,2021-09,Trim Set-Oct-Nov21.csv,ok,103,age,p208b1|p208b2|p208b3
750_trim_set_oct_nov21,EPE,2021-09,Trim Set-Oct-Nov21.csv,ok,103,sex,p207a|p207b
750_trim_set_oct_nov21,EPE,2021-09,Trim Set-Oct-Nov21.csv,ok,103,dependent_worker,
750_trim_set_oct_nov21,EPE,2021-09,Trim Set-Oct-Nov21.csv,ok,103,self_employment,
750_trim_set_oct_nov21,EPE,2021-09,Trim Set-Oct-Nov21.csv,ok,103,informality,
750_trim_set_oct_nov21,EPE,2021-09,Trim Set-Oct-Nov21.csv,ok,103,monthly_earnings,ingtot
750_trim_set_oct_nov21,EPE,2021-09,Trim Set-Oct-Nov21.csv,ok,103,hours,
750_trim_set_oct_nov21,EPE,2021-09,Trim Set-Oct-Nov21.csv,ok,103,weight,
750_trim_set_oct_nov21,EPE,2021-09,Trim Set-Oct-Nov21.csv,ok,103,psu,conglome
750_trim_set_oct_nov21,EPE,2021-09,Trim Set-Oct-Nov21.csv,ok,103,stratum,estrato
750_trim_set_oct_nov21,EPE,2021-09,Trim Set-Oct-Nov21.csv,ok,103,geography,dominio
750_trim_set_oct_nov21,EPE,2021-09,Trim Set-Oct-Nov21.csv,ok,103,month_year,
750_trim_set_oct_nov21,EPE,2021-09,Trim Set-Oct-Nov21.csv,ok,103,industry,
750_trim_set_oct_nov21,EPE,2021-09,Trim Set-Oct-Nov21.csv,ok,103,occupation,
750_trim_set_oct_nov21,EPE,2021-09,Trim Set-Oct-Nov21.csv,ok,103,household_id,vivienda|hogar
750_trim_set_oct_nov21,EPE,2021-09,Trim Set-Oct-Nov21.csv,ok,103,person_id,codperso
750_trim_set_oct_nov21,EPE,2021-09,Trim Set-Oct-Nov21.csv,ok,103,panel_rotation,
751_trim_oct_nov_dic21,EPE,2021-10,Trim Oct-Nov-Dic21.csv,ok,103,employment_indicator,ocu200
751_trim_oct_nov_dic21,EPE,2021-10,Trim Oct-Nov-Dic21.csv,ok,103,age,p208b1|p208b2|p208b3
751_trim_oct_nov_dic21,EPE,2021-10,Trim Oct-Nov-Dic21.csv,ok,103,sex,p207a|p207b
751_trim_oct_nov_dic21,EPE,2021-10,Trim Oct-Nov-Dic21.csv,ok,103,dependent_worker,
751_trim_oct_nov_dic21,EPE,2021-10,Trim Oct-Nov-Dic21.csv,ok,103,self_employment,
751_trim_oct_nov_dic21,EPE,2021-10,Trim Oct-Nov-Dic21.csv,ok,103,informality,
751_trim_oct_nov_dic21,EPE,2021-10,Trim Oct-Nov-Dic21.csv,ok,103,monthly_earnings,ingtot
751_trim_oct_nov_dic21,EPE,2021-10,Trim Oct-Nov-Dic21.csv,ok,103,hours,
751_trim_oct_nov_dic21,EPE,2021-10,Trim Oct-Nov-Dic21.csv,ok,103,weight,
751_trim_oct_nov_dic21,EPE,2021-10,Trim Oct-Nov-Dic21.csv,ok,103,psu,conglome
751_trim_oct_nov_dic21,EPE,2021-10,Trim Oct-Nov-Dic21.csv,ok,103,stratum,estrato
751_trim_oct_nov_dic21,EPE,2021-10,Trim Oct-Nov-Dic21.csv,ok,103,geography,dominio
751_trim_oct_nov_dic21,EPE,2021-10,Trim Oct-Nov-Dic21.csv,ok,103,month_year,
751_trim_oct_nov_dic21,EPE,2021-10,Trim Oct-Nov-Dic21.csv,ok,103,industry,
751_trim_oct_nov_dic21,EPE,2021-10,Trim Oct-Nov-Dic21.csv,ok,103,occupation,
751_trim_oct_nov_dic21,EPE,2021-10,Trim Oct-Nov-Dic21.csv,ok,103,household_id,vivienda|hogar
751_trim_oct_nov_dic21,EPE,2021-10,Trim Oct-Nov-Dic21.csv,ok,103,person_id,codperso
751_trim_oct_nov_dic21,EPE,2021-10,Trim Oct-Nov-Dic21.csv,ok,103,panel_rotation,
752_trim_nov_dic_ene22,EPE,2021-11,Trim Nov-Dic-Ene22.csv,ok,103,employment_indicator,ocu200
752_trim_nov_dic_ene22,EPE,2021-11,Trim Nov-Dic-Ene22.csv,ok,103,age,p208b1|p208b2|p208b3
752_trim_nov_dic_ene22,EPE,2021-11,Trim Nov-Dic-Ene22.csv,ok,103,sex,p207a|p207b
752_trim_nov_dic_ene22,EPE,2021-11,Trim Nov-Dic-Ene22.csv,ok,103,dependent_worker,
752_trim_nov_dic_ene22,EPE,2021-11,Trim Nov-Dic-Ene22.csv,ok,103,self_employment,
752_trim_nov_dic_ene22,EPE,2021-11,Trim Nov-Dic-Ene22.csv,ok,103,informality,
752_trim_nov_dic_ene22,EPE,2021-11,Trim Nov-Dic-Ene22.csv,ok,103,monthly_earnings,ingtot
752_trim_nov_dic_ene22,EPE,2021-11,Trim Nov-Dic-Ene22.csv,ok,103,hours,
752_trim_nov_dic_ene22,EPE,2021-11,Trim Nov-Dic-Ene22.csv,ok,103,weight,
752_trim_nov_dic_ene22,EPE,2021-11,Trim Nov-Dic-Ene22.csv,ok,103,psu,conglome
752_trim_nov_dic_ene22,EPE,2021-11,Trim Nov-Dic-Ene22.csv,ok,103,stratum,estrato
752_trim_nov_dic_ene22,EPE,2021-11,Trim Nov-Dic-Ene22.csv,ok,103,geography,dominio
752_trim_nov_dic_ene22,EPE,2021-11,Trim Nov-Dic-Ene22.csv,ok,103,month_year,
752_trim_nov_dic_ene22,EPE,2021-11,Trim Nov-Dic-Ene22.csv,ok,103,industry,
752_trim_nov_dic_ene22,EPE,2021-11,Trim Nov-Dic-Ene22.csv,ok,103,occupation,
752_trim_nov_dic_ene22,EPE,2021-11,Trim Nov-Dic-Ene22.csv,ok,103,household_id,vivienda|hogar
752_trim_nov_dic_ene22,EPE,2021-11,Trim Nov-Dic-Ene22.csv,ok,103,person_id,codperso
752_trim_nov_dic_ene22,EPE,2021-11,Trim Nov-Dic-Ene22.csv,ok,103,panel_rotation,
755_trim_dic_ene_feb22,EPE,2021-12,Trim Dic-Ene-Feb22.csv,ok,103,employment_indicator,ocu200
755_trim_dic_ene_feb22,EPE,2021-12,Trim Dic-Ene-Feb22.csv,ok,103,age,p208b1|p208b2|p208b3
755_trim_dic_ene_feb22,EPE,2021-12,Trim Dic-Ene-Feb22.csv,ok,103,sex,p207a|p207b
755_trim_dic_ene_feb22,EPE,2021-12,Trim Dic-Ene-Feb22.csv,ok,103,dependent_worker,
755_trim_dic_ene_feb22,EPE,2021-12,Trim Dic-Ene-Feb22.csv,ok,103,self_employment,
755_trim_dic_ene_feb22,EPE,2021-12,Trim Dic-Ene-Feb22.csv,ok,103,informality,
755_trim_dic_ene_feb22,EPE,2021-12,Trim Dic-Ene-Feb22.csv,ok,103,monthly_earnings,ingtot
755_trim_dic_ene_feb22,EPE,2021-12,Trim Dic-Ene-Feb22.csv,ok,103,hours,
755_trim_dic_ene_feb22,EPE,2021-12,Trim Dic-Ene-Feb22.csv,ok,103,weight,
755_trim_dic_ene_feb22,EPE,2021-12,Trim Dic-Ene-Feb22.csv,ok,103,psu,conglome
755_trim_dic_ene_feb22,EPE,2021-12,Trim Dic-Ene-Feb22.csv,ok,103,stratum,estrato
755_trim_dic_ene_feb22,EPE,2021-12,Trim Dic-Ene-Feb22.csv,ok,103,geography,dominio
755_trim_dic_ene_feb22,EPE,2021-12,Trim Dic-Ene-Feb22.csv,ok,103,month_year,
755_trim_dic_ene_feb22,EPE,2021-12,Trim Dic-Ene-Feb22.csv,ok,103,industry,
755_trim_dic_ene_feb22,EPE,2021-12,Trim Dic-Ene-Feb22.csv,ok,103,occupation,
755_trim_dic_ene_feb22,EPE,2021-12,Trim Dic-Ene-Feb22.csv,ok,103,household_id,vivienda|hogar
755_trim_dic_ene_feb22,EPE,2021-12,Trim Dic-Ene-Feb22.csv,ok,103,person_id,codperso
755_trim_dic_ene_feb22,EPE,2021-12,Trim Dic-Ene-Feb22.csv,ok,103,panel_rotation,
757_trim_ene_feb_mar22,EPE,2022-01,Trim Ene-Feb-Mar22.csv,ok,103,employment_indicator,ocu200
757_trim_ene_feb_mar22,EPE,2022-01,Trim Ene-Feb-Mar22.csv,ok,103,age,p208b1|p208b2|p208b3
757_trim_ene_feb_mar22,EPE,2022-01,Trim Ene-Feb-Mar22.csv,ok,103,sex,p207a|p207b
757_trim_ene_feb_mar22,EPE,2022-01,Trim Ene-Feb-Mar22.csv,ok,103,dependent_worker,
757_trim_ene_feb_mar22,EPE,2022-01,Trim Ene-Feb-Mar22.csv,ok,103,self_employment,
757_trim_ene_feb_mar22,EPE,2022-01,Trim Ene-Feb-Mar22.csv,ok,103,informality,
757_trim_ene_feb_mar22,EPE,2022-01,Trim Ene-Feb-Mar22.csv,ok,103,monthly_earnings,ingtot
757_trim_ene_feb_mar22,EPE,2022-01,Trim Ene-Feb-Mar22.csv,ok,103,hours,
757_trim_ene_feb_mar22,EPE,2022-01,Trim Ene-Feb-Mar22.csv,ok,103,weight,
757_trim_ene_feb_mar22,EPE,2022-01,Trim Ene-Feb-Mar22.csv,ok,103,psu,conglome
757_trim_ene_feb_mar22,EPE,2022-01,Trim Ene-Feb-Mar22.csv,ok,103,stratum,estrato
757_trim_ene_feb_mar22,EPE,2022-01,Trim Ene-Feb-Mar22.csv,ok,103,geography,dominio
757_trim_ene_feb_mar22,EPE,2022-01,Trim Ene-Feb-Mar22.csv,ok,103,month_year,
757_trim_ene_feb_mar22,EPE,2022-01,Trim Ene-Feb-Mar22.csv,ok,103,industry,
757_trim_ene_feb_mar22,EPE,2022-01,Trim Ene-Feb-Mar22.csv,ok,103,occupation,
757_trim_ene_feb_mar22,EPE,2022-01,Trim Ene-Feb-Mar22.csv,ok,103,household_id,vivienda|hogar
757_trim_ene_feb_mar22,EPE,2022-01,Trim Ene-Feb-Mar22.csv,ok,103,person_id,codperso
757_trim_ene_feb_mar22,EPE,2022-01,Trim Ene-Feb-Mar22.csv,ok,103,panel_rotation,
855_nacional_epen_trim_ene_feb_mar_2022,EPEN,2022-01,Nacional EPEN Trim. Ene-Feb-Mar 2022.csv,ok,128,employment_indicator,ocup300
855_nacional_epen_trim_ene_feb_mar_2022,EPEN,2022-01,Nacional EPEN Trim. Ene-Feb-Mar 2022.csv,ok,128,age,c208
855_nacional_epen_trim_ene_feb_mar_2022,EPEN,2022-01,Nacional EPEN Trim. Ene-Feb-Mar 2022.csv,ok,128,sex,c207
855_nacional_epen_trim_ene_feb_mar_2022,EPEN,2022-01,Nacional EPEN Trim. Ene-Feb-Mar 2022.csv,ok,128,dependent_worker,
855_nacional_epen_trim_ene_feb_mar_2022,EPEN,2022-01,Nacional EPEN Trim. Ene-Feb-Mar 2022.csv,ok,128,self_employment,
855_nacional_epen_trim_ene_feb_mar_2022,EPEN,2022-01,Nacional EPEN Trim. Ene-Feb-Mar 2022.csv,ok,128,informality,
855_nacional_epen_trim_ene_feb_mar_2022,EPEN,2022-01,Nacional EPEN Trim. Ene-Feb-Mar 2022.csv,ok,128,monthly_earnings,ingtot|ingtotp
855_nacional_epen_trim_ene_feb_mar_2022,EPEN,2022-01,Nacional EPEN Trim. Ene-Feb-Mar 2022.csv,ok,128,hours,
855_nacional_epen_trim_ene_feb_mar_2022,EPEN,2022-01,Nacional EPEN Trim. Ene-Feb-Mar 2022.csv,ok,128,weight,fac_t300
855_nacional_epen_trim_ene_feb_mar_2022,EPEN,2022-01,Nacional EPEN Trim. Ene-Feb-Mar 2022.csv,ok,128,psu,conglomerado
855_nacional_epen_trim_ene_feb_mar_2022,EPEN,2022-01,Nacional EPEN Trim. Ene-Feb-Mar 2022.csv,ok,128,stratum,estrato
855_nacional_epen_trim_ene_feb_mar_2022,EPEN,2022-01,Nacional EPEN Trim. Ene-Feb-Mar 2022.csv,ok,128,geography,
855_nacional_epen_trim_ene_feb_mar_2022,EPEN,2022-01,Nacional EPEN Trim. Ene-Feb-Mar 2022.csv,ok,128,month_year,anio|mes
855_nacional_epen_trim_ene_feb_mar_2022,EPEN,2022-01,Nacional EPEN Trim. Ene-Feb-Mar 2022.csv,ok,128,industry,
855_nacional_epen_trim_ene_feb_mar_2022,EPEN,2022-01,Nacional EPEN Trim. Ene-Feb-Mar 2022.csv,ok,128,occupation,
855_nacional_epen_trim_ene_feb_mar_2022,EPEN,2022-01,Nacional EPEN Trim. Ene-Feb-Mar 2022.csv,ok,128,household_id,hogar
855_nacional_epen_trim_ene_feb_mar_2022,EPEN,2022-01,Nacional EPEN Trim. Ene-Feb-Mar 2022.csv,ok,128,person_id,
855_nacional_epen_trim_ene_feb_mar_2022,EPEN,2022-01,Nacional EPEN Trim. Ene-Feb-Mar 2022.csv,ok,128,panel_rotation,
762_trim_feb_mar_abr22,EPE,2022-02,Trim Feb-Mar-Abr22.csv,ok,103,employment_indicator,ocu200
762_trim_feb_mar_abr22,EPE,2022-02,Trim Feb-Mar-Abr22.csv,ok,103,age,p208b1|p208b2|p208b3
762_trim_feb_mar_abr22,EPE,2022-02,Trim Feb-Mar-Abr22.csv,ok,103,sex,p207a|p207b
762_trim_feb_mar_abr22,EPE,2022-02,Trim Feb-Mar-Abr22.csv,ok,103,dependent_worker,
762_trim_feb_mar_abr22,EPE,2022-02,Trim Feb-Mar-Abr22.csv,ok,103,self_employment,
762_trim_feb_mar_abr22,EPE,2022-02,Trim Feb-Mar-Abr22.csv,ok,103,informality,
762_trim_feb_mar_abr22,EPE,2022-02,Trim Feb-Mar-Abr22.csv,ok,103,monthly_earnings,ingtot
762_trim_feb_mar_abr22,EPE,2022-02,Trim Feb-Mar-Abr22.csv,ok,103,hours,
762_trim_feb_mar_abr22,EPE,2022-02,Trim Feb-Mar-Abr22.csv,ok,103,weight,
762_trim_feb_mar_abr22,EPE,2022-02,Trim Feb-Mar-Abr22.csv,ok,103,psu,conglome
762_trim_feb_mar_abr22,EPE,2022-02,Trim Feb-Mar-Abr22.csv,ok,103,stratum,estrato
762_trim_feb_mar_abr22,EPE,2022-02,Trim Feb-Mar-Abr22.csv,ok,103,geography,dominio
762_trim_feb_mar_abr22,EPE,2022-02,Trim Feb-Mar-Abr22.csv,ok,103,month_year,
762_trim_feb_mar_abr22,EPE,2022-02,Trim Feb-Mar-Abr22.csv,ok,103,industry,
762_trim_feb_mar_abr22,EPE,2022-02,Trim Feb-Mar-Abr22.csv,ok,103,occupation,
762_trim_feb_mar_abr22,EPE,2022-02,Trim Feb-Mar-Abr22.csv,ok,103,household_id,vivienda|hogar
762_trim_feb_mar_abr22,EPE,2022-02,Trim Feb-Mar-Abr22.csv,ok,103,person_id,codperso
762_trim_feb_mar_abr22,EPE,2022-02,Trim Feb-Mar-Abr22.csv,ok,103,panel_rotation,
764_trim_mar_abr_may22,EPE,2022-03,Trim Mar-Abr-May22.csv,ok,103,employment_indicator,ocu200
764_trim_mar_abr_may22,EPE,2022-03,Trim Mar-Abr-May22.csv,ok,103,age,p208b1|p208b2|p208b3
764_trim_mar_abr_may22,EPE,2022-03,Trim Mar-Abr-May22.csv,ok,103,sex,p207a|p207b
764_trim_mar_abr_may22,EPE,2022-03,Trim Mar-Abr-May22.csv,ok,103,dependent_worker,
764_trim_mar_abr_may22,EPE,2022-03,Trim Mar-Abr-May22.csv,ok,103,self_employment,
764_trim_mar_abr_may22,EPE,2022-03,Trim Mar-Abr-May22.csv,ok,103,informality,
764_trim_mar_abr_may22,EPE,2022-03,Trim Mar-Abr-May22.csv,ok,103,monthly_earnings,ingtot
764_trim_mar_abr_may22,EPE,2022-03,Trim Mar-Abr-May22.csv,ok,103,hours,
764_trim_mar_abr_may22,EPE,2022-03,Trim Mar-Abr-May22.csv,ok,103,weight,
764_trim_mar_abr_may22,EPE,2022-03,Trim Mar-Abr-May22.csv,ok,103,psu,conglome
764_trim_mar_abr_may22,EPE,2022-03,Trim Mar-Abr-May22.csv,ok,103,stratum,estrato
764_trim_mar_abr_may22,EPE,2022-03,Trim Mar-Abr-May22.csv,ok,103,geography,dominio
764_trim_mar_abr_may22,EPE,2022-03,Trim Mar-Abr-May22.csv,ok,103,month_year,
764_trim_mar_abr_may22,EPE,2022-03,Trim Mar-Abr-May22.csv,ok,103,industry,
764_trim_mar_abr_may22,EPE,2022-03,Trim Mar-Abr-May22.csv,ok,103,occupation,
764_trim_mar_abr_may22,EPE,2022-03,Trim Mar-Abr-May22.csv,ok,103,household_id,vivienda|hogar
764_trim_mar_abr_may22,EPE,2022-03,Trim Mar-Abr-May22.csv,ok,103,person_id,codperso
764_trim_mar_abr_may22,EPE,2022-03,Trim Mar-Abr-May22.csv,ok,103,panel_rotation,
796_06_cajamarca_epen_2022,EPEN,2022-03,06 Cajamarca EPEN 2022.csv,ok,131,employment_indicator,ocup300
796_06_cajamarca_epen_2022,EPEN,2022-03,06 Cajamarca EPEN 2022.csv,ok,131,age,c208
796_06_cajamarca_epen_2022,EPEN,2022-03,06 Cajamarca EPEN 2022.csv,ok,131,sex,c207
796_06_cajamarca_epen_2022,EPEN,2022-03,06 Cajamarca EPEN 2022.csv,ok,131,dependent_worker,
796_06_cajamarca_epen_2022,EPEN,2022-03,06 Cajamarca EPEN 2022.csv,ok,131,self_employment,
796_06_cajamarca_epen_2022,EPEN,2022-03,06 Cajamarca EPEN 2022.csv,ok,131,informality,informal_p
796_06_cajamarca_epen_2022,EPEN,2022-03,06 Cajamarca EPEN 2022.csv,ok,131,monthly_earnings,ingtot|ingtotp
796_06_cajamarca_epen_2022,EPEN,2022-03,06 Cajamarca EPEN 2022.csv,ok,131,hours,
796_06_cajamarca_epen_2022,EPEN,2022-03,06 Cajamarca EPEN 2022.csv,ok,131,weight,fac300_anual
796_06_cajamarca_epen_2022,EPEN,2022-03,06 Cajamarca EPEN 2022.csv,ok,131,psu,conglomerado
796_06_cajamarca_epen_2022,EPEN,2022-03,06 Cajamarca EPEN 2022.csv,ok,131,stratum,estrato
796_06_cajamarca_epen_2022,EPEN,2022-03,06 Cajamarca EPEN 2022.csv,ok,131,geography,
796_06_cajamarca_epen_2022,EPEN,2022-03,06 Cajamarca EPEN 2022.csv,ok,131,month_year,anio|mes
796_06_cajamarca_epen_2022,EPEN,2022-03,06 Cajamarca EPEN 2022.csv,ok,131,industry,
796_06_cajamarca_epen_2022,EPEN,2022-03,06 Cajamarca EPEN 2022.csv,ok,131,occupation,
796_06_cajamarca_epen_2022,EPEN,2022-03,06 Cajamarca EPEN 2022.csv,ok,131,household_id,hogar
796_06_cajamarca_epen_2022,EPEN,2022-03,06 Cajamarca EPEN 2022.csv,ok,131,person_id,
796_06_cajamarca_epen_2022,EPEN,2022-03,06 Cajamarca EPEN 2022.csv,ok,131,panel_rotation,
811_22_san_mart_n_epen_2022,EPEN,2022-03,22 San Martín EPEN 2022.csv,ok,131,employment_indicator,ocup300
811_22_san_mart_n_epen_2022,EPEN,2022-03,22 San Martín EPEN 2022.csv,ok,131,age,c208
811_22_san_mart_n_epen_2022,EPEN,2022-03,22 San Martín EPEN 2022.csv,ok,131,sex,c207
811_22_san_mart_n_epen_2022,EPEN,2022-03,22 San Martín EPEN 2022.csv,ok,131,dependent_worker,
811_22_san_mart_n_epen_2022,EPEN,2022-03,22 San Martín EPEN 2022.csv,ok,131,self_employment,
811_22_san_mart_n_epen_2022,EPEN,2022-03,22 San Martín EPEN 2022.csv,ok,131,informality,informal_p
811_22_san_mart_n_epen_2022,EPEN,2022-03,22 San Martín EPEN 2022.csv,ok,131,monthly_earnings,ingtot|ingtotp
811_22_san_mart_n_epen_2022,EPEN,2022-03,22 San Martín EPEN 2022.csv,ok,131,hours,
811_22_san_mart_n_epen_2022,EPEN,2022-03,22 San Martín EPEN 2022.csv,ok,131,weight,fac300_anual
811_22_san_mart_n_epen_2022,EPEN,2022-03,22 San Martín EPEN 2022.csv,ok,131,psu,conglomerado
811_22_san_mart_n_epen_2022,EPEN,2022-03,22 San Martín EPEN 2022.csv,ok,131,stratum,estrato
811_22_san_mart_n_epen_2022,EPEN,2022-03,22 San Martín EPEN 2022.csv,ok,131,geography,
811_22_san_mart_n_epen_2022,EPEN,2022-03,22 San Martín EPEN 2022.csv,ok,131,month_year,anio|mes
811_22_san_mart_n_epen_2022,EPEN,2022-03,22 San Martín EPEN 2022.csv,ok,131,industry,
811_22_san_mart_n_epen_2022,EPEN,2022-03,22 San Martín EPEN 2022.csv,ok,131,occupation,
811_22_san_mart_n_epen_2022,EPEN,2022-03,22 San Martín EPEN 2022.csv,ok,131,household_id,hogar
811_22_san_mart_n_epen_2022,EPEN,2022-03,22 San Martín EPEN 2022.csv,ok,131,person_id,
811_22_san_mart_n_epen_2022,EPEN,2022-03,22 San Martín EPEN 2022.csv,ok,131,panel_rotation,
766_trim_abr_may_jun22,EPE,2022-04,Trim Abr-May-Jun22.csv,ok,103,employment_indicator,ocu200
766_trim_abr_may_jun22,EPE,2022-04,Trim Abr-May-Jun22.csv,ok,103,age,p208b1|p208b2|p208b3
766_trim_abr_may_jun22,EPE,2022-04,Trim Abr-May-Jun22.csv,ok,103,sex,p207a|p207b
766_trim_abr_may_jun22,EPE,2022-04,Trim Abr-May-Jun22.csv,ok,103,dependent_worker,
766_trim_abr_may_jun22,EPE,2022-04,Trim Abr-May-Jun22.csv,ok,103,self_employment,
766_trim_abr_may_jun22,EPE,2022-04,Trim Abr-May-Jun22.csv,ok,103,informality,
766_trim_abr_may_jun22,EPE,2022-04,Trim Abr-May-Jun22.csv,ok,103,monthly_earnings,ingtot
766_trim_abr_may_jun22,EPE,2022-04,Trim Abr-May-Jun22.csv,ok,103,hours,
766_trim_abr_may_jun22,EPE,2022-04,Trim Abr-May-Jun22.csv,ok,103,weight,
766_trim_abr_may_jun22,EPE,2022-04,Trim Abr-May-Jun22.csv,ok,103,psu,conglome
766_trim_abr_may_jun22,EPE,2022-04,Trim Abr-May-Jun22.csv,ok,103,stratum,estrato
766_trim_abr_may_jun22,EPE,2022-04,Trim Abr-May-Jun22.csv,ok,103,geography,dominio
766_trim_abr_may_jun22,EPE,2022-04,Trim Abr-May-Jun22.csv,ok,103,month_year,
766_trim_abr_may_jun22,EPE,2022-04,Trim Abr-May-Jun22.csv,ok,103,industry,
766_trim_abr_may_jun22,EPE,2022-04,Trim Abr-May-Jun22.csv,ok,103,occupation,
766_trim_abr_may_jun22,EPE,2022-04,Trim Abr-May-Jun22.csv,ok,103,household_id,vivienda|hogar
766_trim_abr_may_jun22,EPE,2022-04,Trim Abr-May-Jun22.csv,ok,103,person_id,codperso
766_trim_abr_may_jun22,EPE,2022-04,Trim Abr-May-Jun22.csv,ok,103,panel_rotation,
857_nacional_epen_trim_abr_may_jun_2022,EPEN,2022-04,Nacional EPEN Trim. Abr-May-Jun 2022.csv,ok,128,employment_indicator,ocup300
857_nacional_epen_trim_abr_may_jun_2022,EPEN,2022-04,Nacional EPEN Trim. Abr-May-Jun 2022.csv,ok,128,age,c208
857_nacional_epen_trim_abr_may_jun_2022,EPEN,2022-04,Nacional EPEN Trim. Abr-May-Jun 2022.csv,ok,128,sex,c207
857_nacional_epen_trim_abr_may_jun_2022,EPEN,2022-04,Nacional EPEN Trim. Abr-May-Jun 2022.csv,ok,128,dependent_worker,
857_nacional_epen_trim_abr_may_jun_2022,EPEN,2022-04,Nacional EPEN Trim. Abr-May-Jun 2022.csv,ok,128,self_employment,
857_nacional_epen_trim_abr_may_jun_2022,EPEN,2022-04,Nacional EPEN Trim. Abr-May-Jun 2022.csv,ok,128,informality,
857_nacional_epen_trim_abr_may_jun_2022,EPEN,2022-04,Nacional EPEN Trim. Abr-May-Jun 2022.csv,ok,128,monthly_earnings,ingtot|ingtotp
857_nacional_epen_trim_abr_may_jun_2022,EPEN,2022-04,Nacional EPEN Trim. Abr-May-Jun 2022.csv,ok,128,hours,
857_nacional_epen_trim_abr_may_jun_2022,EPEN,2022-04,Nacional EPEN Trim. Abr-May-Jun 2022.csv,ok,128,weight,fac_t300
857_nacional_epen_trim_abr_may_jun_2022,EPEN,2022-04,Nacional EPEN Trim. Abr-May-Jun 2022.csv,ok,128,psu,conglomerado
857_nacional_epen_trim_abr_may_jun_2022,EPEN,2022-04,Nacional EPEN Trim. Abr-May-Jun 2022.csv,ok,128,stratum,estrato
857_nacional_epen_trim_abr_may_jun_2022,EPEN,2022-04,Nacional EPEN Trim. Abr-May-Jun 2022.csv,ok,128,geography,
857_nacional_epen_trim_abr_may_jun_2022,EPEN,2022-04,Nacional EPEN Trim. Abr-May-Jun 2022.csv,ok,128,month_year,anio|mes
857_nacional_epen_trim_abr_may_jun_2022,EPEN,2022-04,Nacional EPEN Trim. Abr-May-Jun 2022.csv,ok,128,industry,
857_nacional_epen_trim_abr_may_jun_2022,EPEN,2022-04,Nacional EPEN Trim. Abr-May-Jun 2022.csv,ok,128,occupation,
857_nacional_epen_trim_abr_may_jun_2022,EPEN,2022-04,Nacional EPEN Trim. Abr-May-Jun 2022.csv,ok,128,household_id,hogar
857_nacional_epen_trim_abr_may_jun_2022,EPEN,2022-04,Nacional EPEN Trim. Abr-May-Jun 2022.csv,ok,128,person_id,
857_nacional_epen_trim_abr_may_jun_2022,EPEN,2022-04,Nacional EPEN Trim. Abr-May-Jun 2022.csv,ok,128,panel_rotation,
768_trim_may_jun_jul22,EPE,2022-05,Trim May-Jun-Jul22.csv,ok,103,employment_indicator,ocu200
768_trim_may_jun_jul22,EPE,2022-05,Trim May-Jun-Jul22.csv,ok,103,age,p208b1|p208b2|p208b3
768_trim_may_jun_jul22,EPE,2022-05,Trim May-Jun-Jul22.csv,ok,103,sex,p207a|p207b
768_trim_may_jun_jul22,EPE,2022-05,Trim May-Jun-Jul22.csv,ok,103,dependent_worker,
768_trim_may_jun_jul22,EPE,2022-05,Trim May-Jun-Jul22.csv,ok,103,self_employment,
768_trim_may_jun_jul22,EPE,2022-05,Trim May-Jun-Jul22.csv,ok,103,informality,
768_trim_may_jun_jul22,EPE,2022-05,Trim May-Jun-Jul22.csv,ok,103,monthly_earnings,ingtot
768_trim_may_jun_jul22,EPE,2022-05,Trim May-Jun-Jul22.csv,ok,103,hours,
768_trim_may_jun_jul22,EPE,2022-05,Trim May-Jun-Jul22.csv,ok,103,weight,
768_trim_may_jun_jul22,EPE,2022-05,Trim May-Jun-Jul22.csv,ok,103,psu,conglome
768_trim_may_jun_jul22,EPE,2022-05,Trim May-Jun-Jul22.csv,ok,103,stratum,estrato
768_trim_may_jun_jul22,EPE,2022-05,Trim May-Jun-Jul22.csv,ok,103,geography,dominio
768_trim_may_jun_jul22,EPE,2022-05,Trim May-Jun-Jul22.csv,ok,103,month_year,
768_trim_may_jun_jul22,EPE,2022-05,Trim May-Jun-Jul22.csv,ok,103,industry,
768_trim_may_jun_jul22,EPE,2022-05,Trim May-Jun-Jul22.csv,ok,103,occupation,
768_trim_may_jun_jul22,EPE,2022-05,Trim May-Jun-Jul22.csv,ok,103,household_id,vivienda|hogar
768_trim_may_jun_jul22,EPE,2022-05,Trim May-Jun-Jul22.csv,ok,103,person_id,codperso
768_trim_may_jun_jul22,EPE,2022-05,Trim May-Jun-Jul22.csv,ok,103,panel_rotation,
771_trim_jun_jul_ago22,EPE,2022-06,Trim Jun-Jul-Ago22.csv,ok,103,employment_indicator,ocu200
771_trim_jun_jul_ago22,EPE,2022-06,Trim Jun-Jul-Ago22.csv,ok,103,age,p208b1|p208b2|p208b3
771_trim_jun_jul_ago22,EPE,2022-06,Trim Jun-Jul-Ago22.csv,ok,103,sex,p207a|p207b
771_trim_jun_jul_ago22,EPE,2022-06,Trim Jun-Jul-Ago22.csv,ok,103,dependent_worker,
771_trim_jun_jul_ago22,EPE,2022-06,Trim Jun-Jul-Ago22.csv,ok,103,self_employment,
771_trim_jun_jul_ago22,EPE,2022-06,Trim Jun-Jul-Ago22.csv,ok,103,informality,
771_trim_jun_jul_ago22,EPE,2022-06,Trim Jun-Jul-Ago22.csv,ok,103,monthly_earnings,ingtot
771_trim_jun_jul_ago22,EPE,2022-06,Trim Jun-Jul-Ago22.csv,ok,103,hours,
771_trim_jun_jul_ago22,EPE,2022-06,Trim Jun-Jul-Ago22.csv,ok,103,weight,
771_trim_jun_jul_ago22,EPE,2022-06,Trim Jun-Jul-Ago22.csv,ok,103,psu,conglome
771_trim_jun_jul_ago22,EPE,2022-06,Trim Jun-Jul-Ago22.csv,ok,103,stratum,estrato
771_trim_jun_jul_ago22,EPE,2022-06,Trim Jun-Jul-Ago22.csv,ok,103,geography,dominio
771_trim_jun_jul_ago22,EPE,2022-06,Trim Jun-Jul-Ago22.csv,ok,103,month_year,
771_trim_jun_jul_ago22,EPE,2022-06,Trim Jun-Jul-Ago22.csv,ok,103,industry,
771_trim_jun_jul_ago22,EPE,2022-06,Trim Jun-Jul-Ago22.csv,ok,103,occupation,
771_trim_jun_jul_ago22,EPE,2022-06,Trim Jun-Jul-Ago22.csv,ok,103,household_id,vivienda|hogar
771_trim_jun_jul_ago22,EPE,2022-06,Trim Jun-Jul-Ago22.csv,ok,103,person_id,codperso
771_trim_jun_jul_ago22,EPE,2022-06,Trim Jun-Jul-Ago22.csv,ok,103,panel_rotation,
801_12_jun_n_epen_2022,EPEN,2022-06,12 Junín EPEN 2022.csv,ok,131,employment_indicator,ocup300
801_12_jun_n_epen_2022,EPEN,2022-06,12 Junín EPEN 2022.csv,ok,131,age,c208
801_12_jun_n_epen_2022,EPEN,2022-06,12 Junín EPEN 2022.csv,ok,131,sex,c207
801_12_jun_n_epen_2022,EPEN,2022-06,12 Junín EPEN 2022.csv,ok,131,dependent_worker,
801_12_jun_n_epen_2022,EPEN,2022-06,12 Junín EPEN 2022.csv,ok,131,self_employment,
801_12_jun_n_epen_2022,EPEN,2022-06,12 Junín EPEN 2022.csv,ok,131,informality,informal_p
801_12_jun_n_epen_2022,EPEN,2022-06,12 Junín EPEN 2022.csv,ok,131,monthly_earnings,ingtot|ingtotp
801_12_jun_n_epen_2022,EPEN,2022-06,12 Junín EPEN 2022.csv,ok,131,hours,
801_12_jun_n_epen_2022,EPEN,2022-06,12 Junín EPEN 2022.csv,ok,131,weight,fac300_anual
801_12_jun_n_epen_2022,EPEN,2022-06,12 Junín EPEN 2022.csv,ok,131,psu,conglomerado
801_12_jun_n_epen_2022,EPEN,2022-06,12 Junín EPEN 2022.csv,ok,131,stratum,estrato
801_12_jun_n_epen_2022,EPEN,2022-06,12 Junín EPEN 2022.csv,ok,131,geography,
801_12_jun_n_epen_2022,EPEN,2022-06,12 Junín EPEN 2022.csv,ok,131,month_year,anio|mes
801_12_jun_n_epen_2022,EPEN,2022-06,12 Junín EPEN 2022.csv,ok,131,industry,
801_12_jun_n_epen_2022,EPEN,2022-06,12 Junín EPEN 2022.csv,ok,131,occupation,
801_12_jun_n_epen_2022,EPEN,2022-06,12 Junín EPEN 2022.csv,ok,131,household_id,hogar
801_12_jun_n_epen_2022,EPEN,2022-06,12 Junín EPEN 2022.csv,ok,131,person_id,
801_12_jun_n_epen_2022,EPEN,2022-06,12 Junín EPEN 2022.csv,ok,131,panel_rotation,
773_trim_jul_ago_set22,EPE,2022-07,Trim Jul-Ago-Set22.csv,ok,103,employment_indicator,ocu200
773_trim_jul_ago_set22,EPE,2022-07,Trim Jul-Ago-Set22.csv,ok,103,age,p208b1|p208b2|p208b3
773_trim_jul_ago_set22,EPE,2022-07,Trim Jul-Ago-Set22.csv,ok,103,sex,p207a|p207b
773_trim_jul_ago_set22,EPE,2022-07,Trim Jul-Ago-Set22.csv,ok,103,dependent_worker,
773_trim_jul_ago_set22,EPE,2022-07,Trim Jul-Ago-Set22.csv,ok,103,self_employment,
773_trim_jul_ago_set22,EPE,2022-07,Trim Jul-Ago-Set22.csv,ok,103,informality,
773_trim_jul_ago_set22,EPE,2022-07,Trim Jul-Ago-Set22.csv,ok,103,monthly_earnings,ingtot
773_trim_jul_ago_set22,EPE,2022-07,Trim Jul-Ago-Set22.csv,ok,103,hours,
773_trim_jul_ago_set22,EPE,2022-07,Trim Jul-Ago-Set22.csv,ok,103,weight,
773_trim_jul_ago_set22,EPE,2022-07,Trim Jul-Ago-Set22.csv,ok,103,psu,conglome
773_trim_jul_ago_set22,EPE,2022-07,Trim Jul-Ago-Set22.csv,ok,103,stratum,estrato
773_trim_jul_ago_set22,EPE,2022-07,Trim Jul-Ago-Set22.csv,ok,103,geography,dominio
773_trim_jul_ago_set22,EPE,2022-07,Trim Jul-Ago-Set22.csv,ok,103,month_year,
773_trim_jul_ago_set22,EPE,2022-07,Trim Jul-Ago-Set22.csv,ok,103,industry,
773_trim_jul_ago_set22,EPE,2022-07,Trim Jul-Ago-Set22.csv,ok,103,occupation,
773_trim_jul_ago_set22,EPE,2022-07,Trim Jul-Ago-Set22.csv,ok,103,household_id,vivienda|hogar
773_trim_jul_ago_set22,EPE,2022-07,Trim Jul-Ago-Set22.csv,ok,103,person_id,codperso
773_trim_jul_ago_set22,EPE,2022-07,Trim Jul-Ago-Set22.csv,ok,103,panel_rotation,
859_nacional_epen_trim_jul_ago_set_2022,EPEN,2022-07,Nacional EPEN Trim. Jul-Ago-Set 2022.csv,ok,128,employment_indicator,ocup300
859_nacional_epen_trim_jul_ago_set_2022,EPEN,2022-07,Nacional EPEN Trim. Jul-Ago-Set 2022.csv,ok,128,age,c208
859_nacional_epen_trim_jul_ago_set_2022,EPEN,2022-07,Nacional EPEN Trim. Jul-Ago-Set 2022.csv,ok,128,sex,c207
859_nacional_epen_trim_jul_ago_set_2022,EPEN,2022-07,Nacional EPEN Trim. Jul-Ago-Set 2022.csv,ok,128,dependent_worker,
859_nacional_epen_trim_jul_ago_set_2022,EPEN,2022-07,Nacional EPEN Trim. Jul-Ago-Set 2022.csv,ok,128,self_employment,
859_nacional_epen_trim_jul_ago_set_2022,EPEN,2022-07,Nacional EPEN Trim. Jul-Ago-Set 2022.csv,ok,128,informality,
859_nacional_epen_trim_jul_ago_set_2022,EPEN,2022-07,Nacional EPEN Trim. Jul-Ago-Set 2022.csv,ok,128,monthly_earnings,ingtot|ingtotp
859_nacional_epen_trim_jul_ago_set_2022,EPEN,2022-07,Nacional EPEN Trim. Jul-Ago-Set 2022.csv,ok,128,hours,
859_nacional_epen_trim_jul_ago_set_2022,EPEN,2022-07,Nacional EPEN Trim. Jul-Ago-Set 2022.csv,ok,128,weight,fac_t300
859_nacional_epen_trim_jul_ago_set_2022,EPEN,2022-07,Nacional EPEN Trim. Jul-Ago-Set 2022.csv,ok,128,psu,conglomerado
859_nacional_epen_trim_jul_ago_set_2022,EPEN,2022-07,Nacional EPEN Trim. Jul-Ago-Set 2022.csv,ok,128,stratum,estrato
859_nacional_epen_trim_jul_ago_set_2022,EPEN,2022-07,Nacional EPEN Trim. Jul-Ago-Set 2022.csv,ok,128,geography,
859_nacional_epen_trim_jul_ago_set_2022,EPEN,2022-07,Nacional EPEN Trim. Jul-Ago-Set 2022.csv,ok,128,month_year,anio|mes
859_nacional_epen_trim_jul_ago_set_2022,EPEN,2022-07,Nacional EPEN Trim. Jul-Ago-Set 2022.csv,ok,128,industry,
859_nacional_epen_trim_jul_ago_set_2022,EPEN,2022-07,Nacional EPEN Trim. Jul-Ago-Set 2022.csv,ok,128,occupation,
859_nacional_epen_trim_jul_ago_set_2022,EPEN,2022-07,Nacional EPEN Trim. Jul-Ago-Set 2022.csv,ok,128,household_id,hogar
859_nacional_epen_trim_jul_ago_set_2022,EPEN,2022-07,Nacional EPEN Trim. Jul-Ago-Set 2022.csv,ok,128,person_id,
859_nacional_epen_trim_jul_ago_set_2022,EPEN,2022-07,Nacional EPEN Trim. Jul-Ago-Set 2022.csv,ok,128,panel_rotation,
774_trim_ago_set_oct22,EPE,2022-08,Trim_Ago_Set_Oct22.csv,ok,96,employment_indicator,ocup300
774_trim_ago_set_oct22,EPE,2022-08,Trim_Ago_Set_Oct22.csv,ok,96,age,c208
774_trim_ago_set_oct22,EPE,2022-08,Trim_Ago_Set_Oct22.csv,ok,96,sex,c207
774_trim_ago_set_oct22,EPE,2022-08,Trim_Ago_Set_Oct22.csv,ok,96,dependent_worker,
774_trim_ago_set_oct22,EPE,2022-08,Trim_Ago_Set_Oct22.csv,ok,96,self_employment,
774_trim_ago_set_oct22,EPE,2022-08,Trim_Ago_Set_Oct22.csv,ok,96,informality,
774_trim_ago_set_oct22,EPE,2022-08,Trim_Ago_Set_Oct22.csv,ok,96,monthly_earnings,ingtot|ingtotp
774_trim_ago_set_oct22,EPE,2022-08,Trim_Ago_Set_Oct22.csv,ok,96,hours,
774_trim_ago_set_oct22,EPE,2022-08,Trim_Ago_Set_Oct22.csv,ok,96,weight,
774_trim_ago_set_oct22,EPE,2022-08,Trim_Ago_Set_Oct22.csv,ok,96,psu,conglomerado
774_trim_ago_set_oct22,EPE,2022-08,Trim_Ago_Set_Oct22.csv,ok,96,stratum,estrato
774_trim_ago_set_oct22,EPE,2022-08,Trim_Ago_Set_Oct22.csv,ok,96,geography,region
774_trim_ago_set_oct22,EPE,2022-08,Trim_Ago_Set_Oct22.csv,ok,96,month_year,anio|mes
774_trim_ago_set_oct22,EPE,2022-08,Trim_Ago_Set_Oct22.csv,ok,96,industry,
774_trim_ago_set_oct22,EPE,2022-08,Trim_Ago_Set_Oct22.csv,ok,96,occupation,
774_trim_ago_set_oct22,EPE,2022-08,Trim_Ago_Set_Oct22.csv,ok,96,household_id,hogar
774_trim_ago_set_oct22,EPE,2022-08,Trim_Ago_Set_Oct22.csv,ok,96,person_id,
774_trim_ago_set_oct22,EPE,2022-08,Trim_Ago_Set_Oct22.csv,ok,96,panel_rotation,
776_trim_set_oct_nov22,EPE,2022-09,Trim_Set_Oct_Nov22.csv,ok,96,employment_indicator,ocup300
776_trim_set_oct_nov22,EPE,2022-09,Trim_Set_Oct_Nov22.csv,ok,96,age,c208
776_trim_set_oct_nov22,EPE,2022-09,Trim_Set_Oct_Nov22.csv,ok,96,sex,c207
776_trim_set_oct_nov22,EPE,2022-09,Trim_Set_Oct_Nov22.csv,ok,96,dependent_worker,
776_trim_set_oct_nov22,EPE,2022-09,Trim_Set_Oct_Nov22.csv,ok,96,self_employment,
776_trim_set_oct_nov22,EPE,2022-09,Trim_Set_Oct_Nov22.csv,ok,96,informality,
776_trim_set_oct_nov22,EPE,2022-09,Trim_Set_Oct_Nov22.csv,ok,96,monthly_earnings,ingtot|ingtotp
776_trim_set_oct_nov22,EPE,2022-09,Trim_Set_Oct_Nov22.csv,ok,96,hours,
776_trim_set_oct_nov22,EPE,2022-09,Trim_Set_Oct_Nov22.csv,ok,96,weight,
776_trim_set_oct_nov22,EPE,2022-09,Trim_Set_Oct_Nov22.csv,ok,96,psu,conglomerado
776_trim_set_oct_nov22,EPE,2022-09,Trim_Set_Oct_Nov22.csv,ok,96,stratum,estrato
776_trim_set_oct_nov22,EPE,2022-09,Trim_Set_Oct_Nov22.csv,ok,96,geography,region
776_trim_set_oct_nov22,EPE,2022-09,Trim_Set_Oct_Nov22.csv,ok,96,month_year,anio|mes
776_trim_set_oct_nov22,EPE,2022-09,Trim_Set_Oct_Nov22.csv,ok,96,industry,
776_trim_set_oct_nov22,EPE,2022-09,Trim_Set_Oct_Nov22.csv,ok,96,occupation,
776_trim_set_oct_nov22,EPE,2022-09,Trim_Set_Oct_Nov22.csv,ok,96,household_id,hogar
776_trim_set_oct_nov22,EPE,2022-09,Trim_Set_Oct_Nov22.csv,ok,96,person_id,
776_trim_set_oct_nov22,EPE,2022-09,Trim_Set_Oct_Nov22.csv,ok,96,panel_rotation,
777_trim_oct_nov_dic22,EPE,2022-10,Trim_Oct_Nov_Dic22.csv,ok,96,employment_indicator,ocup300
777_trim_oct_nov_dic22,EPE,2022-10,Trim_Oct_Nov_Dic22.csv,ok,96,age,c208
777_trim_oct_nov_dic22,EPE,2022-10,Trim_Oct_Nov_Dic22.csv,ok,96,sex,c207
777_trim_oct_nov_dic22,EPE,2022-10,Trim_Oct_Nov_Dic22.csv,ok,96,dependent_worker,
777_trim_oct_nov_dic22,EPE,2022-10,Trim_Oct_Nov_Dic22.csv,ok,96,self_employment,
777_trim_oct_nov_dic22,EPE,2022-10,Trim_Oct_Nov_Dic22.csv,ok,96,informality,
777_trim_oct_nov_dic22,EPE,2022-10,Trim_Oct_Nov_Dic22.csv,ok,96,monthly_earnings,ingtot|ingtotp
777_trim_oct_nov_dic22,EPE,2022-10,Trim_Oct_Nov_Dic22.csv,ok,96,hours,
777_trim_oct_nov_dic22,EPE,2022-10,Trim_Oct_Nov_Dic22.csv,ok,96,weight,
777_trim_oct_nov_dic22,EPE,2022-10,Trim_Oct_Nov_Dic22.csv,ok,96,psu,conglomerado
777_trim_oct_nov_dic22,EPE,2022-10,Trim_Oct_Nov_Dic22.csv,ok,96,stratum,estrato
777_trim_oct_nov_dic22,EPE,2022-10,Trim_Oct_Nov_Dic22.csv,ok,96,geography,region
777_trim_oct_nov_dic22,EPE,2022-10,Trim_Oct_Nov_Dic22.csv,ok,96,month_year,anio|mes
777_trim_oct_nov_dic22,EPE,2022-10,Trim_Oct_Nov_Dic22.csv,ok,96,industry,
777_trim_oct_nov_dic22,EPE,2022-10,Trim_Oct_Nov_Dic22.csv,ok,96,occupation,
777_trim_oct_nov_dic22,EPE,2022-10,Trim_Oct_Nov_Dic22.csv,ok,96,household_id,hogar
777_trim_oct_nov_dic22,EPE,2022-10,Trim_Oct_Nov_Dic22.csv,ok,96,person_id,
777_trim_oct_nov_dic22,EPE,2022-10,Trim_Oct_Nov_Dic22.csv,ok,96,panel_rotation,
861_nacional_epen_trim_oct_nov_dic_2022,EPEN,2022-10,Nacional EPEN Trim. Oct-Nov-Dic 2022.csv,ok,128,employment_indicator,ocup300
861_nacional_epen_trim_oct_nov_dic_2022,EPEN,2022-10,Nacional EPEN Trim. Oct-Nov-Dic 2022.csv,ok,128,age,c208
861_nacional_epen_trim_oct_nov_dic_2022,EPEN,2022-10,Nacional EPEN Trim. Oct-Nov-Dic 2022.csv,ok,128,sex,c207
861_nacional_epen_trim_oct_nov_dic_2022,EPEN,2022-10,Nacional EPEN Trim. Oct-Nov-Dic 2022.csv,ok,128,dependent_worker,
861_nacional_epen_trim_oct_nov_dic_2022,EPEN,2022-10,Nacional EPEN Trim. Oct-Nov-Dic 2022.csv,ok,128,self_employment,
861_nacional_epen_trim_oct_nov_dic_2022,EPEN,2022-10,Nacional EPEN Trim. Oct-Nov-Dic 2022.csv,ok,128,informality,
861_nacional_epen_trim_oct_nov_dic_2022,EPEN,2022-10,Nacional EPEN Trim. Oct-Nov-Dic 2022.csv,ok,128,monthly_earnings,ingtot|ingtotp
861_nacional_epen_trim_oct_nov_dic_2022,EPEN,2022-10,Nacional EPEN Trim. Oct-Nov-Dic 2022.csv,ok,128,hours,
861_nacional_epen_trim_oct_nov_dic_2022,EPEN,2022-10,Nacional EPEN Trim. Oct-Nov-Dic 2022.csv,ok,128,weight,fac_t300
861_nacional_epen_trim_oct_nov_dic_2022,EPEN,2022-10,Nacional EPEN Trim. Oct-Nov-Dic 2022.csv,ok,128,psu,conglomerado
861_nacional_epen_trim_oct_nov_dic_2022,EPEN,2022-10,Nacional EPEN Trim. Oct-Nov-Dic 2022.csv,ok,128,stratum,estrato
861_nacional_epen_trim_oct_nov_dic_2022,EPEN,2022-10,Nacional EPEN Trim. Oct-Nov-Dic 2022.csv,ok,128,geography,
861_nacional_epen_trim_oct_nov_dic_2022,EPEN,2022-10,Nacional EPEN Trim. Oct-Nov-Dic 2022.csv,ok,128,month_year,anio|mes
861_nacional_epen_trim_oct_nov_dic_2022,EPEN,2022-10,Nacional EPEN Trim. Oct-Nov-Dic 2022.csv,ok,128,industry,
861_nacional_epen_trim_oct_nov_dic_2022,EPEN,2022-10,Nacional EPEN Trim. Oct-Nov-Dic 2022.csv,ok,128,occupation,
861_nacional_epen_trim_oct_nov_dic_2022,EPEN,2022-10,Nacional EPEN Trim. Oct-Nov-Dic 2022.csv,ok,128,household_id,hogar
861_nacional_epen_trim_oct_nov_dic_2022,EPEN,2022-10,Nacional EPEN Trim. Oct-Nov-Dic 2022.csv,ok,128,person_id,
861_nacional_epen_trim_oct_nov_dic_2022,EPEN,2022-10,Nacional EPEN Trim. Oct-Nov-Dic 2022.csv,ok,128,panel_rotation,
778_trim_nov_dic_ene23,EPE,2022-11,Trim_Nov_Dic_Ene23.csv,ok,96,employment_indicator,ocup300
778_trim_nov_dic_ene23,EPE,2022-11,Trim_Nov_Dic_Ene23.csv,ok,96,age,c208
778_trim_nov_dic_ene23,EPE,2022-11,Trim_Nov_Dic_Ene23.csv,ok,96,sex,c207
778_trim_nov_dic_ene23,EPE,2022-11,Trim_Nov_Dic_Ene23.csv,ok,96,dependent_worker,
778_trim_nov_dic_ene23,EPE,2022-11,Trim_Nov_Dic_Ene23.csv,ok,96,self_employment,
778_trim_nov_dic_ene23,EPE,2022-11,Trim_Nov_Dic_Ene23.csv,ok,96,informality,
778_trim_nov_dic_ene23,EPE,2022-11,Trim_Nov_Dic_Ene23.csv,ok,96,monthly_earnings,ingtot|ingtotp
778_trim_nov_dic_ene23,EPE,2022-11,Trim_Nov_Dic_Ene23.csv,ok,96,hours,
778_trim_nov_dic_ene23,EPE,2022-11,Trim_Nov_Dic_Ene23.csv,ok,96,weight,
778_trim_nov_dic_ene23,EPE,2022-11,Trim_Nov_Dic_Ene23.csv,ok,96,psu,conglomerado
778_trim_nov_dic_ene23,EPE,2022-11,Trim_Nov_Dic_Ene23.csv,ok,96,stratum,estrato
778_trim_nov_dic_ene23,EPE,2022-11,Trim_Nov_Dic_Ene23.csv,ok,96,geography,region
778_trim_nov_dic_ene23,EPE,2022-11,Trim_Nov_Dic_Ene23.csv,ok,96,month_year,anio|mes
778_trim_nov_dic_ene23,EPE,2022-11,Trim_Nov_Dic_Ene23.csv,ok,96,industry,
778_trim_nov_dic_ene23,EPE,2022-11,Trim_Nov_Dic_Ene23.csv,ok,96,occupation,
778_trim_nov_dic_ene23,EPE,2022-11,Trim_Nov_Dic_Ene23.csv,ok,96,household_id,hogar
778_trim_nov_dic_ene23,EPE,2022-11,Trim_Nov_Dic_Ene23.csv,ok,96,person_id,
778_trim_nov_dic_ene23,EPE,2022-11,Trim_Nov_Dic_Ene23.csv,ok,96,panel_rotation,
779_trim_dic_ene_feb23,EPE,2022-12,Trim_Dic_Ene_Feb23.csv,ok,96,employment_indicator,ocup300
779_trim_dic_ene_feb23,EPE,2022-12,Trim_Dic_Ene_Feb23.csv,ok,96,age,c208
779_trim_dic_ene_feb23,EPE,2022-12,Trim_Dic_Ene_Feb23.csv,ok,96,sex,c207
779_trim_dic_ene_feb23,EPE,2022-12,Trim_Dic_Ene_Feb23.csv,ok,96,dependent_worker,
779_trim_dic_ene_feb23,EPE,2022-12,Trim_Dic_Ene_Feb23.csv,ok,96,self_employment,
779_trim_dic_ene_feb23,EPE,2022-12,Trim_Dic_Ene_Feb23.csv,ok,96,informality,
779_trim_dic_ene_feb23,EPE,2022-12,Trim_Dic_Ene_Feb23.csv,ok,96,monthly_earnings,ingtot|ingtotp
779_trim_dic_ene_feb23,EPE,2022-12,Trim_Dic_Ene_Feb23.csv,ok,96,hours,
779_trim_dic_ene_feb23,EPE,2022-12,Trim_Dic_Ene_Feb23.csv,ok,96,weight,
779_trim_dic_ene_feb23,EPE,2022-12,Trim_Dic_Ene_Feb23.csv,ok,96,psu,conglomerado
779_trim_dic_ene_feb23,EPE,2022-12,Trim_Dic_Ene_Feb23.csv,ok,96,stratum,estrato
779_trim_dic_ene_feb23,EPE,2022-12,Trim_Dic_Ene_Feb23.csv,ok,96,geography,region
779_trim_dic_ene_feb23,EPE,2022-12,Trim_Dic_Ene_Feb23.csv,ok,96,month_year,anio|mes
779_trim_dic_ene_feb23,EPE,2022-12,Trim_Dic_Ene_Feb23.csv,ok,96,industry,
779_trim_dic_ene_feb23,EPE,2022-12,Trim_Dic_Ene_Feb23.csv,ok,96,occupation,
779_trim_dic_ene_feb23,EPE,2022-12,Trim_Dic_Ene_Feb23.csv,ok,96,household_id,hogar
779_trim_dic_ene_feb23,EPE,2022-12,Trim_Dic_Ene_Feb23.csv,ok,96,person_id,
779_trim_dic_ene_feb23,EPE,2022-12,Trim_Dic_Ene_Feb23.csv,ok,96,panel_rotation,
781_trim_ene_feb_mar23,EPE,2023-01,Trim_Ene_Feb_Mar23.csv,ok,96,employment_indicator,ocup300
781_trim_ene_feb_mar23,EPE,2023-01,Trim_Ene_Feb_Mar23.csv,ok,96,age,c208
781_trim_ene_feb_mar23,EPE,2023-01,Trim_Ene_Feb_Mar23.csv,ok,96,sex,c207
781_trim_ene_feb_mar23,EPE,2023-01,Trim_Ene_Feb_Mar23.csv,ok,96,dependent_worker,
781_trim_ene_feb_mar23,EPE,2023-01,Trim_Ene_Feb_Mar23.csv,ok,96,self_employment,
781_trim_ene_feb_mar23,EPE,2023-01,Trim_Ene_Feb_Mar23.csv,ok,96,informality,
781_trim_ene_feb_mar23,EPE,2023-01,Trim_Ene_Feb_Mar23.csv,ok,96,monthly_earnings,ingtot|ingtotp
781_trim_ene_feb_mar23,EPE,2023-01,Trim_Ene_Feb_Mar23.csv,ok,96,hours,
781_trim_ene_feb_mar23,EPE,2023-01,Trim_Ene_Feb_Mar23.csv,ok,96,weight,
781_trim_ene_feb_mar23,EPE,2023-01,Trim_Ene_Feb_Mar23.csv,ok,96,psu,conglomerado
781_trim_ene_feb_mar23,EPE,2023-01,Trim_Ene_Feb_Mar23.csv,ok,96,stratum,estrato
781_trim_ene_feb_mar23,EPE,2023-01,Trim_Ene_Feb_Mar23.csv,ok,96,geography,region
781_trim_ene_feb_mar23,EPE,2023-01,Trim_Ene_Feb_Mar23.csv,ok,96,month_year,anio|mes
781_trim_ene_feb_mar23,EPE,2023-01,Trim_Ene_Feb_Mar23.csv,ok,96,industry,
781_trim_ene_feb_mar23,EPE,2023-01,Trim_Ene_Feb_Mar23.csv,ok,96,occupation,
781_trim_ene_feb_mar23,EPE,2023-01,Trim_Ene_Feb_Mar23.csv,ok,96,household_id,hogar
781_trim_ene_feb_mar23,EPE,2023-01,Trim_Ene_Feb_Mar23.csv,ok,96,person_id,
781_trim_ene_feb_mar23,EPE,2023-01,Trim_Ene_Feb_Mar23.csv,ok,96,panel_rotation,
847_nacional_epen_trim_ene_feb_mar_2023,EPEN,2023-01,Nacional EPEN Trim. Ene-Feb-Mar 2023.csv,ok,128,employment_indicator,ocup300
847_nacional_epen_trim_ene_feb_mar_2023,EPEN,2023-01,Nacional EPEN Trim. Ene-Feb-Mar 2023.csv,ok,128,age,c208
847_nacional_epen_trim_ene_feb_mar_2023,EPEN,2023-01,Nacional EPEN Trim. Ene-Feb-Mar 2023.csv,ok,128,sex,c207
847_nacional_epen_trim_ene_feb_mar_2023,EPEN,2023-01,Nacional EPEN Trim. Ene-Feb-Mar 2023.csv,ok,128,dependent_worker,
847_nacional_epen_trim_ene_feb_mar_2023,EPEN,2023-01,Nacional EPEN Trim. Ene-Feb-Mar 2023.csv,ok,128,self_employment,
847_nacional_epen_trim_ene_feb_mar_2023,EPEN,2023-01,Nacional EPEN Trim. Ene-Feb-Mar 2023.csv,ok,128,informality,
847_nacional_epen_trim_ene_feb_mar_2023,EPEN,2023-01,Nacional EPEN Trim. Ene-Feb-Mar 2023.csv,ok,128,monthly_earnings,ingtot|ingtotp
847_nacional_epen_trim_ene_feb_mar_2023,EPEN,2023-01,Nacional EPEN Trim. Ene-Feb-Mar 2023.csv,ok,128,hours,
847_nacional_epen_trim_ene_feb_mar_2023,EPEN,2023-01,Nacional EPEN Trim. Ene-Feb-Mar 2023.csv,ok,128,weight,fac_t300
847_nacional_epen_trim_ene_feb_mar_2023,EPEN,2023-01,Nacional EPEN Trim. Ene-Feb-Mar 2023.csv,ok,128,psu,conglomerado
847_nacional_epen_trim_ene_feb_mar_2023,EPEN,2023-01,Nacional EPEN Trim. Ene-Feb-Mar 2023.csv,ok,128,stratum,estrato
847_nacional_epen_trim_ene_feb_mar_2023,EPEN,2023-01,Nacional EPEN Trim. Ene-Feb-Mar 2023.csv,ok,128,geography,
847_nacional_epen_trim_ene_feb_mar_2023,EPEN,2023-01,Nacional EPEN Trim. Ene-Feb-Mar 2023.csv,ok,128,month_year,anio|mes
847_nacional_epen_trim_ene_feb_mar_2023,EPEN,2023-01,Nacional EPEN Trim. Ene-Feb-Mar 2023.csv,ok,128,industry,
847_nacional_epen_trim_ene_feb_mar_2023,EPEN,2023-01,Nacional EPEN Trim. Ene-Feb-Mar 2023.csv,ok,128,occupation,
847_nacional_epen_trim_ene_feb_mar_2023,EPEN,2023-01,Nacional EPEN Trim. Ene-Feb-Mar 2023.csv,ok,128,household_id,hogar
847_nacional_epen_trim_ene_feb_mar_2023,EPEN,2023-01,Nacional EPEN Trim. Ene-Feb-Mar 2023.csv,ok,128,person_id,
847_nacional_epen_trim_ene_feb_mar_2023,EPEN,2023-01,Nacional EPEN Trim. Ene-Feb-Mar 2023.csv,ok,128,panel_rotation,
875_01_amazonas_epen_anual_2023,EPEN,2023-01,01 Amazonas EPEN Anual 2023.csv,ok,132,employment_indicator,ocup300
875_01_amazonas_epen_anual_2023,EPEN,2023-01,01 Amazonas EPEN Anual 2023.csv,ok,132,age,c208
875_01_amazonas_epen_anual_2023,EPEN,2023-01,01 Amazonas EPEN Anual 2023.csv,ok,132,sex,c207
875_01_amazonas_epen_anual_2023,EPEN,2023-01,01 Amazonas EPEN Anual 2023.csv,ok,132,dependent_worker,
875_01_amazonas_epen_anual_2023,EPEN,2023-01,01 Amazonas EPEN Anual 2023.csv,ok,132,self_employment,
875_01_amazonas_epen_anual_2023,EPEN,2023-01,01 Amazonas EPEN Anual 2023.csv,ok,132,informality,informal_p
875_01_amazonas_epen_anual_2023,EPEN,2023-01,01 Amazonas EPEN Anual 2023.csv,ok,132,monthly_earnings,ingtot|ingtotp
875_01_amazonas_epen_anual_2023,EPEN,2023-01,01 Amazonas EPEN Anual 2023.csv,ok,132,hours,
875_01_amazonas_epen_anual_2023,EPEN,2023-01,01 Amazonas EPEN Anual 2023.csv,ok,132,weight,fac300_anual
875_01_amazonas_epen_anual_2023,EPEN,2023-01,01 Amazonas EPEN Anual 2023.csv,ok,132,psu,conglomerado
875_01_amazonas_epen_anual_2023,EPEN,2023-01,01 Amazonas EPEN Anual 2023.csv,ok,132,stratum,estrato
875_01_amazonas_epen_anual_2023,EPEN,2023-01,01 Amazonas EPEN Anual 2023.csv,ok,132,geography,
875_01_amazonas_epen_anual_2023,EPEN,2023-01,01 Amazonas EPEN Anual 2023.csv,ok,132,month_year,anio|mes
875_01_amazonas_epen_anual_2023,EPEN,2023-01,01 Amazonas EPEN Anual 2023.csv,ok,132,industry,
875_01_amazonas_epen_anual_2023,EPEN,2023-01,01 Amazonas EPEN Anual 2023.csv,ok,132,occupation,
875_01_amazonas_epen_anual_2023,EPEN,2023-01,01 Amazonas EPEN Anual 2023.csv,ok,132,household_id,hogar
875_01_amazonas_epen_anual_2023,EPEN,2023-01,01 Amazonas EPEN Anual 2023.csv,ok,132,person_id,
875_01_amazonas_epen_anual_2023,EPEN,2023-01,01 Amazonas EPEN Anual 2023.csv,ok,132,panel_rotation,
876_02_ancash_epen_anual_2023,EPEN,2023-01,02 Ancash EPEN Anual 2023.csv,ok,132,employment_indicator,ocup300
876_02_ancash_epen_anual_2023,EPEN,2023-01,02 Ancash EPEN Anual 2023.csv,ok,132,age,c208
876_02_ancash_epen_anual_2023,EPEN,2023-01,02 Ancash EPEN Anual 2023.csv,ok,132,sex,c207
876_02_ancash_epen_anual_2023,EPEN,2023-01,02 Ancash EPEN Anual 2023.csv,ok,132,dependent_worker,
876_02_ancash_epen_anual_2023,EPEN,2023-01,02 Ancash EPEN Anual 2023.csv,ok,132,self_employment,
876_02_ancash_epen_anual_2023,EPEN,2023-01,02 Ancash EPEN Anual 2023.csv,ok,132,informality,informal_p
876_02_ancash_epen_anual_2023,EPEN,2023-01,02 Ancash EPEN Anual 2023.csv,ok,132,monthly_earnings,ingtot|ingtotp
876_02_ancash_epen_anual_2023,EPEN,2023-01,02 Ancash EPEN Anual 2023.csv,ok,132,hours,
876_02_ancash_epen_anual_2023,EPEN,2023-01,02 Ancash EPEN Anual 2023.csv,ok,132,weight,fac300_anual
876_02_ancash_epen_anual_2023,EPEN,2023-01,02 Ancash EPEN Anual 2023.csv,ok,132,psu,conglomerado
876_02_ancash_epen_anual_2023,EPEN,2023-01,02 Ancash EPEN Anual 2023.csv,ok,132,stratum,estrato
876_02_ancash_epen_anual_2023,EPEN,2023-01,02 Ancash EPEN Anual 2023.csv,ok,132,geography,
876_02_ancash_epen_anual_2023,EPEN,2023-01,02 Ancash EPEN Anual 2023.csv,ok,132,month_year,anio|mes
876_02_ancash_epen_anual_2023,EPEN,2023-01,02 Ancash EPEN Anual 2023.csv,ok,132,industry,
876_02_ancash_epen_anual_2023,EPEN,2023-01,02 Ancash EPEN Anual 2023.csv,ok,132,occupation,
876_02_ancash_epen_anual_2023,EPEN,2023-01,02 Ancash EPEN Anual 2023.csv,ok,132,household_id,hogar
876_02_ancash_epen_anual_2023,EPEN,2023-01,02 Ancash EPEN Anual 2023.csv,ok,132,person_id,
876_02_ancash_epen_anual_2023,EPEN,2023-01,02 Ancash EPEN Anual 2023.csv,ok,132,panel_rotation,
877_03_apur_mac_epen_anual_2023,EPEN,2023-01,03 Apurímac EPEN ANUAL 2023.csv,ok,132,employment_indicator,ocup300
877_03_apur_mac_epen_anual_2023,EPEN,2023-01,03 Apurímac EPEN ANUAL 2023.csv,ok,132,age,c208
877_03_apur_mac_epen_anual_2023,EPEN,2023-01,03 Apurímac EPEN ANUAL 2023.csv,ok,132,sex,c207
877_03_apur_mac_epen_anual_2023,EPEN,2023-01,03 Apurímac EPEN ANUAL 2023.csv,ok,132,dependent_worker,
877_03_apur_mac_epen_anual_2023,EPEN,2023-01,03 Apurímac EPEN ANUAL 2023.csv,ok,132,self_employment,
877_03_apur_mac_epen_anual_2023,EPEN,2023-01,03 Apurímac EPEN ANUAL 2023.csv,ok,132,informality,informal_p
877_03_apur_mac_epen_anual_2023,EPEN,2023-01,03 Apurímac EPEN ANUAL 2023.csv,ok,132,monthly_earnings,ingtot|ingtotp
877_03_apur_mac_epen_anual_2023,EPEN,2023-01,03 Apurímac EPEN ANUAL 2023.csv,ok,132,hours,
877_03_apur_mac_epen_anual_2023,EPEN,2023-01,03 Apurímac EPEN ANUAL 2023.csv,ok,132,weight,fac300_anual
877_03_apur_mac_epen_anual_2023,EPEN,2023-01,03 Apurímac EPEN ANUAL 2023.csv,ok,132,psu,conglomerado
877_03_apur_mac_epen_anual_2023,EPEN,2023-01,03 Apurímac EPEN ANUAL 2023.csv,ok,132,stratum,estrato
877_03_apur_mac_epen_anual_2023,EPEN,2023-01,03 Apurímac EPEN ANUAL 2023.csv,ok,132,geography,
877_03_apur_mac_epen_anual_2023,EPEN,2023-01,03 Apurímac EPEN ANUAL 2023.csv,ok,132,month_year,anio|mes
877_03_apur_mac_epen_anual_2023,EPEN,2023-01,03 Apurímac EPEN ANUAL 2023.csv,ok,132,industry,
877_03_apur_mac_epen_anual_2023,EPEN,2023-01,03 Apurímac EPEN ANUAL 2023.csv,ok,132,occupation,
877_03_apur_mac_epen_anual_2023,EPEN,2023-01,03 Apurímac EPEN ANUAL 2023.csv,ok,132,household_id,hogar
877_03_apur_mac_epen_anual_2023,EPEN,2023-01,03 Apurímac EPEN ANUAL 2023.csv,ok,132,person_id,
877_03_apur_mac_epen_anual_2023,EPEN,2023-01,03 Apurímac EPEN ANUAL 2023.csv,ok,132,panel_rotation,
878_04_arequipa_epen_anual_2023,EPEN,2023-01,04 Arequipa EPEN Anual 2023.csv,ok,132,employment_indicator,ocup300
878_04_arequipa_epen_anual_2023,EPEN,2023-01,04 Arequipa EPEN Anual 2023.csv,ok,132,age,c208
878_04_arequipa_epen_anual_2023,EPEN,2023-01,04 Arequipa EPEN Anual 2023.csv,ok,132,sex,c207
878_04_arequipa_epen_anual_2023,EPEN,2023-01,04 Arequipa EPEN Anual 2023.csv,ok,132,dependent_worker,
878_04_arequipa_epen_anual_2023,EPEN,2023-01,04 Arequipa EPEN Anual 2023.csv,ok,132,self_employment,
878_04_arequipa_epen_anual_2023,EPEN,2023-01,04 Arequipa EPEN Anual 2023.csv,ok,132,informality,informal_p
878_04_arequipa_epen_anual_2023,EPEN,2023-01,04 Arequipa EPEN Anual 2023.csv,ok,132,monthly_earnings,ingtot|ingtotp
878_04_arequipa_epen_anual_2023,EPEN,2023-01,04 Arequipa EPEN Anual 2023.csv,ok,132,hours,
878_04_arequipa_epen_anual_2023,EPEN,2023-01,04 Arequipa EPEN Anual 2023.csv,ok,132,weight,fac300_anual
878_04_arequipa_epen_anual_2023,EPEN,2023-01,04 Arequipa EPEN Anual 2023.csv,ok,132,psu,conglomerado
878_04_arequipa_epen_anual_2023,EPEN,2023-01,04 Arequipa EPEN Anual 2023.csv,ok,132,stratum,estrato
878_04_arequipa_epen_anual_2023,EPEN,2023-01,04 Arequipa EPEN Anual 2023.csv,ok,132,geography,
878_04_arequipa_epen_anual_2023,EPEN,2023-01,04 Arequipa EPEN Anual 2023.csv,ok,132,month_year,anio|mes
878_04_arequipa_epen_anual_2023,EPEN,2023-01,04 Arequipa EPEN Anual 2023.csv,ok,132,industry,
878_04_arequipa_epen_anual_2023,EPEN,2023-01,04 Arequipa EPEN Anual 2023.csv,ok,132,occupation,
878_04_arequipa_epen_anual_2023,EPEN,2023-01,04 Arequipa EPEN Anual 2023.csv,ok,132,household_id,hogar
878_04_arequipa_epen_anual_2023,EPEN,2023-01,04 Arequipa EPEN Anual 2023.csv,ok,132,person_id,
878_04_arequipa_epen_anual_2023,EPEN,2023-01,04 Arequipa EPEN Anual 2023.csv,ok,132,panel_rotation,
879_05_ayacucho_epen_anual_2023,EPEN,2023-01,05 Ayacucho EPEN Anual 2023.csv,ok,132,employment_indicator,ocup300
879_05_ayacucho_epen_anual_2023,EPEN,2023-01,05 Ayacucho EPEN Anual 2023.csv,ok,132,age,c208
879_05_ayacucho_epen_anual_2023,EPEN,2023-01,05 Ayacucho EPEN Anual 2023.csv,ok,132,sex,c207
879_05_ayacucho_epen_anual_2023,EPEN,2023-01,05 Ayacucho EPEN Anual 2023.csv,ok,132,dependent_worker,
879_05_ayacucho_epen_anual_2023,EPEN,2023-01,05 Ayacucho EPEN Anual 2023.csv,ok,132,self_employment,
879_05_ayacucho_epen_anual_2023,EPEN,2023-01,05 Ayacucho EPEN Anual 2023.csv,ok,132,informality,informal_p
879_05_ayacucho_epen_anual_2023,EPEN,2023-01,05 Ayacucho EPEN Anual 2023.csv,ok,132,monthly_earnings,ingtot|ingtotp
879_05_ayacucho_epen_anual_2023,EPEN,2023-01,05 Ayacucho EPEN Anual 2023.csv,ok,132,hours,
879_05_ayacucho_epen_anual_2023,EPEN,2023-01,05 Ayacucho EPEN Anual 2023.csv,ok,132,weight,fac300_anual
879_05_ayacucho_epen_anual_2023,EPEN,2023-01,05 Ayacucho EPEN Anual 2023.csv,ok,132,psu,conglomerado
879_05_ayacucho_epen_anual_2023,EPEN,2023-01,05 Ayacucho EPEN Anual 2023.csv,ok,132,stratum,estrato
879_05_ayacucho_epen_anual_2023,EPEN,2023-01,05 Ayacucho EPEN Anual 2023.csv,ok,132,geography,
879_05_ayacucho_epen_anual_2023,EPEN,2023-01,05 Ayacucho EPEN Anual 2023.csv,ok,132,month_year,anio|mes
879_05_ayacucho_epen_anual_2023,EPEN,2023-01,05 Ayacucho EPEN Anual 2023.csv,ok,132,industry,
879_05_ayacucho_epen_anual_2023,EPEN,2023-01,05 Ayacucho EPEN Anual 2023.csv,ok,132,occupation,
879_05_ayacucho_epen_anual_2023,EPEN,2023-01,05 Ayacucho EPEN Anual 2023.csv,ok,132,household_id,hogar
879_05_ayacucho_epen_anual_2023,EPEN,2023-01,05 Ayacucho EPEN Anual 2023.csv,ok,132,person_id,
879_05_ayacucho_epen_anual_2023,EPEN,2023-01,05 Ayacucho EPEN Anual 2023.csv,ok,132,panel_rotation,
880_06_cajamarca_epen_anual_2023,EPEN,2023-01,06 Cajamarca EPEN Anual 2023.csv,ok,132,employment_indicator,ocup300
880_06_cajamarca_epen_anual_2023,EPEN,2023-01,06 Cajamarca EPEN Anual 2023.csv,ok,132,age,c208
880_06_cajamarca_epen_anual_2023,EPEN,2023-01,06 Cajamarca EPEN Anual 2023.csv,ok,132,sex,c207
880_06_cajamarca_epen_anual_2023,EPEN,2023-01,06 Cajamarca EPEN Anual 2023.csv,ok,132,dependent_worker,
880_06_cajamarca_epen_anual_2023,EPEN,2023-01,06 Cajamarca EPEN Anual 2023.csv,ok,132,self_employment,
880_06_cajamarca_epen_anual_2023,EPEN,2023-01,06 Cajamarca EPEN Anual 2023.csv,ok,132,informality,informal_p
880_06_cajamarca_epen_anual_2023,EPEN,2023-01,06 Cajamarca EPEN Anual 2023.csv,ok,132,monthly_earnings,ingtot|ingtotp
880_06_cajamarca_epen_anual_2023,EPEN,2023-01,06 Cajamarca EPEN Anual 2023.csv,ok,132,hours,
880_06_cajamarca_epen_anual_2023,EPEN,2023-01,06 Cajamarca EPEN Anual 2023.csv,ok,132,weight,fac300_anual
880_06_cajamarca_epen_anual_2023,EPEN,2023-01,06 Cajamarca EPEN Anual 2023.csv,ok,132,psu,conglomerado
880_06_cajamarca_epen_anual_2023,EPEN,2023-01,06 Cajamarca EPEN Anual 2023.csv,ok,132,stratum,estrato
880_06_cajamarca_epen_anual_2023,EPEN,2023-01,06 Cajamarca EPEN Anual 2023.csv,ok,132,geography,
880_06_cajamarca_epen_anual_2023,EPEN,2023-01,06 Cajamarca EPEN Anual 2023.csv,ok,132,month_year,anio|mes
880_06_cajamarca_epen_anual_2023,EPEN,2023-01,06 Cajamarca EPEN Anual 2023.csv,ok,132,industry,
880_06_cajamarca_epen_anual_2023,EPEN,2023-01,06 Cajamarca EPEN Anual 2023.csv,ok,132,occupation,
880_06_cajamarca_epen_anual_2023,EPEN,2023-01,06 Cajamarca EPEN Anual 2023.csv,ok,132,household_id,hogar
880_06_cajamarca_epen_anual_2023,EPEN,2023-01,06 Cajamarca EPEN Anual 2023.csv,ok,132,person_id,
880_06_cajamarca_epen_anual_2023,EPEN,2023-01,06 Cajamarca EPEN Anual 2023.csv,ok,132,panel_rotation,
881_08_cusco_epen_anual_2023,EPEN,2023-01,08 Cusco EPEN Anual 2023.csv,ok,132,employment_indicator,ocup300
881_08_cusco_epen_anual_2023,EPEN,2023-01,08 Cusco EPEN Anual 2023.csv,ok,132,age,c208
881_08_cusco_epen_anual_2023,EPEN,2023-01,08 Cusco EPEN Anual 2023.csv,ok,132,sex,c207
881_08_cusco_epen_anual_2023,EPEN,2023-01,08 Cusco EPEN Anual 2023.csv,ok,132,dependent_worker,
881_08_cusco_epen_anual_2023,EPEN,2023-01,08 Cusco EPEN Anual 2023.csv,ok,132,self_employment,
881_08_cusco_epen_anual_2023,EPEN,2023-01,08 Cusco EPEN Anual 2023.csv,ok,132,informality,informal_p
881_08_cusco_epen_anual_2023,EPEN,2023-01,08 Cusco EPEN Anual 2023.csv,ok,132,monthly_earnings,ingtot|ingtotp
881_08_cusco_epen_anual_2023,EPEN,2023-01,08 Cusco EPEN Anual 2023.csv,ok,132,hours,
881_08_cusco_epen_anual_2023,EPEN,2023-01,08 Cusco EPEN Anual 2023.csv,ok,132,weight,fac300_anual
881_08_cusco_epen_anual_2023,EPEN,2023-01,08 Cusco EPEN Anual 2023.csv,ok,132,psu,conglomerado
881_08_cusco_epen_anual_2023,EPEN,2023-01,08 Cusco EPEN Anual 2023.csv,ok,132,stratum,estrato
881_08_cusco_epen_anual_2023,EPEN,2023-01,08 Cusco EPEN Anual 2023.csv,ok,132,geography,
881_08_cusco_epen_anual_2023,EPEN,2023-01,08 Cusco EPEN Anual 2023.csv,ok,132,month_year,anio|mes
881_08_cusco_epen_anual_2023,EPEN,2023-01,08 Cusco EPEN Anual 2023.csv,ok,132,industry,
881_08_cusco_epen_anual_2023,EPEN,2023-01,08 Cusco EPEN Anual 2023.csv,ok,132,occupation,
881_08_cusco_epen_anual_2023,EPEN,2023-01,08 Cusco EPEN Anual 2023.csv,ok,132,household_id,hogar
881_08_cusco_epen_anual_2023,EPEN,2023-01,08 Cusco EPEN Anual 2023.csv,ok,132,person_id,
881_08_cusco_epen_anual_2023,EPEN,2023-01,08 Cusco EPEN Anual 2023.csv,ok,132,panel_rotation,
882_09_huancavelica_epen_anual_2023,EPEN,2023-01,09 Huancavelica EPEN Anual 2023.csv,ok,132,employment_indicator,ocup300
882_09_huancavelica_epen_anual_2023,EPEN,2023-01,09 Huancavelica EPEN Anual 2023.csv,ok,132,age,c208
882_09_huancavelica_epen_anual_2023,EPEN,2023-01,09 Huancavelica EPEN Anual 2023.csv,ok,132,sex,c207
882_09_huancavelica_epen_anual_2023,EPEN,2023-01,09 Huancavelica EPEN Anual 2023.csv,ok,132,dependent_worker,
882_09_huancavelica_epen_anual_2023,EPEN,2023-01,09 Huancavelica EPEN Anual 2023.csv,ok,132,self_employment,
882_09_huancavelica_epen_anual_2023,EPEN,2023-01,09 Huancavelica EPEN Anual 2023.csv,ok,132,informality,informal_p
882_09_huancavelica_epen_anual_2023,EPEN,2023-01,09 Huancavelica EPEN Anual 2023.csv,ok,132,monthly_earnings,ingtot|ingtotp
882_09_huancavelica_epen_anual_2023,EPEN,2023-01,09 Huancavelica EPEN Anual 2023.csv,ok,132,hours,
882_09_huancavelica_epen_anual_2023,EPEN,2023-01,09 Huancavelica EPEN Anual 2023.csv,ok,132,weight,fac300_anual
882_09_huancavelica_epen_anual_2023,EPEN,2023-01,09 Huancavelica EPEN Anual 2023.csv,ok,132,psu,conglomerado
882_09_huancavelica_epen_anual_2023,EPEN,2023-01,09 Huancavelica EPEN Anual 2023.csv,ok,132,stratum,estrato
882_09_huancavelica_epen_anual_2023,EPEN,2023-01,09 Huancavelica EPEN Anual 2023.csv,ok,132,geography,
882_09_huancavelica_epen_anual_2023,EPEN,2023-01,09 Huancavelica EPEN Anual 2023.csv,ok,132,month_year,anio|mes
882_09_huancavelica_epen_anual_2023,EPEN,2023-01,09 Huancavelica EPEN Anual 2023.csv,ok,132,industry,
882_09_huancavelica_epen_anual_2023,EPEN,2023-01,09 Huancavelica EPEN Anual 2023.csv,ok,132,occupation,
882_09_huancavelica_epen_anual_2023,EPEN,2023-01,09 Huancavelica EPEN Anual 2023.csv,ok,132,household_id,hogar
882_09_huancavelica_epen_anual_2023,EPEN,2023-01,09 Huancavelica EPEN Anual 2023.csv,ok,132,person_id,
882_09_huancavelica_epen_anual_2023,EPEN,2023-01,09 Huancavelica EPEN Anual 2023.csv,ok,132,panel_rotation,
883_10_hu_nuco_epen_anual_2023,EPEN,2023-01,10 Huánuco EPEN ANUAL 2023.csv,ok,132,employment_indicator,ocup300
883_10_hu_nuco_epen_anual_2023,EPEN,2023-01,10 Huánuco EPEN ANUAL 2023.csv,ok,132,age,c208
883_10_hu_nuco_epen_anual_2023,EPEN,2023-01,10 Huánuco EPEN ANUAL 2023.csv,ok,132,sex,c207
883_10_hu_nuco_epen_anual_2023,EPEN,2023-01,10 Huánuco EPEN ANUAL 2023.csv,ok,132,dependent_worker,
883_10_hu_nuco_epen_anual_2023,EPEN,2023-01,10 Huánuco EPEN ANUAL 2023.csv,ok,132,self_employment,
883_10_hu_nuco_epen_anual_2023,EPEN,2023-01,10 Huánuco EPEN ANUAL 2023.csv,ok,132,informality,informal_p
883_10_hu_nuco_epen_anual_2023,EPEN,2023-01,10 Huánuco EPEN ANUAL 2023.csv,ok,132,monthly_earnings,ingtot|ingtotp
883_10_hu_nuco_epen_anual_2023,EPEN,2023-01,10 Huánuco EPEN ANUAL 2023.csv,ok,132,hours,
883_10_hu_nuco_epen_anual_2023,EPEN,2023-01,10 Huánuco EPEN ANUAL 2023.csv,ok,132,weight,fac300_anual
883_10_hu_nuco_epen_anual_2023,EPEN,2023-01,10 Huánuco EPEN ANUAL 2023.csv,ok,132,psu,conglomerado
883_10_hu_nuco_epen_anual_2023,EPEN,2023-01,10 Huánuco EPEN ANUAL 2023.csv,ok,132,stratum,estrato
883_10_hu_nuco_epen_anual_2023,EPEN,2023-01,10 Huánuco EPEN ANUAL 2023.csv,ok,132,geography,
883_10_hu_nuco_epen_anual_2023,EPEN,2023-01,10 Huánuco EPEN ANUAL 2023.csv,ok,132,month_year,anio|mes
883_10_hu_nuco_epen_anual_2023,EPEN,2023-01,10 Huánuco EPEN ANUAL 2023.csv,ok,132,industry,
883_10_hu_nuco_epen_anual_2023,EPEN,2023-01,10 Huánuco EPEN ANUAL 2023.csv,ok,132,occupation,
883_10_hu_nuco_epen_anual_2023,EPEN,2023-01,10 Huánuco EPEN ANUAL 2023.csv,ok,132,household_id,hogar
883_10_hu_nuco_epen_anual_2023,EPEN,2023-01,10 Huánuco EPEN ANUAL 2023.csv,ok,132,person_id,
883_10_hu_nuco_epen_anual_2023,EPEN,2023-01,10 Huánuco EPEN ANUAL 2023.csv,ok,132,panel_rotation,
884_11_ica_epen_anual_2023,EPEN,2023-01,11 Ica EPEN ANUAL 2023.csv,ok,132,employment_indicator,ocup300
884_11_ica_epen_anual_2023,EPEN,2023-01,11 Ica EPEN ANUAL 2023.csv,ok,132,age,c208
884_11_ica_epen_anual_2023,EPEN,2023-01,11 Ica EPEN ANUAL 2023.csv,ok,132,sex,c207
884_11_ica_epen_anual_2023,EPEN,2023-01,11 Ica EPEN ANUAL 2023.csv,ok,132,dependent_worker,
884_11_ica_epen_anual_2023,EPEN,2023-01,11 Ica EPEN ANUAL 2023.csv,ok,132,self_employment,
884_11_ica_epen_anual_2023,EPEN,2023-01,11 Ica EPEN ANUAL 2023.csv,ok,132,informality,informal_p
884_11_ica_epen_anual_2023,EPEN,2023-01,11 Ica EPEN ANUAL 2023.csv,ok,132,monthly_earnings,ingtot|ingtotp
884_11_ica_epen_anual_2023,EPEN,2023-01,11 Ica EPEN ANUAL 2023.csv,ok,132,hours,
884_11_ica_epen_anual_2023,EPEN,2023-01,11 Ica EPEN ANUAL 2023.csv,ok,132,weight,fac300_anual
884_11_ica_epen_anual_2023,EPEN,2023-01,11 Ica EPEN ANUAL 2023.csv,ok,132,psu,conglomerado
884_11_ica_epen_anual_2023,EPEN,2023-01,11 Ica EPEN ANUAL 2023.csv,ok,132,stratum,estrato
884_11_ica_epen_anual_2023,EPEN,2023-01,11 Ica EPEN ANUAL 2023.csv,ok,132,geography,
884_11_ica_epen_anual_2023,EPEN,2023-01,11 Ica EPEN ANUAL 2023.csv,ok,132,month_year,anio|mes
884_11_ica_epen_anual_2023,EPEN,2023-01,11 Ica EPEN ANUAL 2023.csv,ok,132,industry,
884_11_ica_epen_anual_2023,EPEN,2023-01,11 Ica EPEN ANUAL 2023.csv,ok,132,occupation,
884_11_ica_epen_anual_2023,EPEN,2023-01,11 Ica EPEN ANUAL 2023.csv,ok,132,household_id,hogar
884_11_ica_epen_anual_2023,EPEN,2023-01,11 Ica EPEN ANUAL 2023.csv,ok,132,person_id,
884_11_ica_epen_anual_2023,EPEN,2023-01,11 Ica EPEN ANUAL 2023.csv,ok,132,panel_rotation,
885_12_jun_n_epen_anual_2023,EPEN,2023-01,12 Junín EPEN ANUAL 2023.csv,ok,132,employment_indicator,ocup300
885_12_jun_n_epen_anual_2023,EPEN,2023-01,12 Junín EPEN ANUAL 2023.csv,ok,132,age,c208
885_12_jun_n_epen_anual_2023,EPEN,2023-01,12 Junín EPEN ANUAL 2023.csv,ok,132,sex,c207
885_12_jun_n_epen_anual_2023,EPEN,2023-01,12 Junín EPEN ANUAL 2023.csv,ok,132,dependent_worker,
885_12_jun_n_epen_anual_2023,EPEN,2023-01,12 Junín EPEN ANUAL 2023.csv,ok,132,self_employment,
885_12_jun_n_epen_anual_2023,EPEN,2023-01,12 Junín EPEN ANUAL 2023.csv,ok,132,informality,informal_p
885_12_jun_n_epen_anual_2023,EPEN,2023-01,12 Junín EPEN ANUAL 2023.csv,ok,132,monthly_earnings,ingtot|ingtotp
885_12_jun_n_epen_anual_2023,EPEN,2023-01,12 Junín EPEN ANUAL 2023.csv,ok,132,hours,
885_12_jun_n_epen_anual_2023,EPEN,2023-01,12 Junín EPEN ANUAL 2023.csv,ok,132,weight,fac300_anual
885_12_jun_n_epen_anual_2023,EPEN,2023-01,12 Junín EPEN ANUAL 2023.csv,ok,132,psu,conglomerado
885_12_jun_n_epen_anual_2023,EPEN,2023-01,12 Junín EPEN ANUAL 2023.csv,ok,132,stratum,estrato
885_12_jun_n_epen_anual_2023,EPEN,2023-01,12 Junín EPEN ANUAL 2023.csv,ok,132,geography,
885_12_jun_n_epen_anual_2023,EPEN,2023-01,12 Junín EPEN ANUAL 2023.csv,ok,132,month_year,anio|mes
885_12_jun_n_epen_anual_2023,EPEN,2023-01,12 Junín EPEN ANUAL 2023.csv,ok,132,industry,
885_12_jun_n_epen_anual_2023,EPEN,2023-01,12 Junín EPEN ANUAL 2023.csv,ok,132,occupation,
885_12_jun_n_epen_anual_2023,EPEN,2023-01,12 Junín EPEN ANUAL 2023.csv,ok,132,household_id,hogar
885_12_jun_n_epen_anual_2023,EPEN,2023-01,12 Junín EPEN ANUAL 2023.csv,ok,132,person_id,
885_12_jun_n_epen_anual_2023,EPEN,2023-01,12 Junín EPEN ANUAL 2023.csv,ok,132,panel_rotation,
886_13_la_libertad_epen_anual_2023,EPEN,2023-01,13 La Libertad EPEN ANUAL 2023.csv,ok,132,employment_indicator,ocup300
886_13_la_libertad_epen_anual_2023,EPEN,2023-01,13 La Libertad EPEN ANUAL 2023.csv,ok,132,age,c208
886_13_la_libertad_epen_anual_2023,EPEN,2023-01,13 La Libertad EPEN ANUAL 2023.csv,ok,132,sex,c207
886_13_la_libertad_epen_anual_2023,EPEN,2023-01,13 La Libertad EPEN ANUAL 2023.csv,ok,132,dependent_worker,
886_13_la_libertad_epen_anual_2023,EPEN,2023-01,13 La Libertad EPEN ANUAL 2023.csv,ok,132,self_employment,
886_13_la_libertad_epen_anual_2023,EPEN,2023-01,13 La Libertad EPEN ANUAL 2023.csv,ok,132,informality,informal_p
886_13_la_libertad_epen_anual_2023,EPEN,2023-01,13 La Libertad EPEN ANUAL 2023.csv,ok,132,monthly_earnings,ingtot|ingtotp
886_13_la_libertad_epen_anual_2023,EPEN,2023-01,13 La Libertad EPEN ANUAL 2023.csv,ok,132,hours,
886_13_la_libertad_epen_anual_2023,EPEN,2023-01,13 La Libertad EPEN ANUAL 2023.csv,ok,132,weight,fac300_anual
886_13_la_libertad_epen_anual_2023,EPEN,2023-01,13 La Libertad EPEN ANUAL 2023.csv,ok,132,psu,conglomerado
886_13_la_libertad_epen_anual_2023,EPEN,2023-01,13 La Libertad EPEN ANUAL 2023.csv,ok,132,stratum,estrato
886_13_la_libertad_epen_anual_2023,EPEN,2023-01,13 La Libertad EPEN ANUAL 2023.csv,ok,132,geography,
886_13_la_libertad_epen_anual_2023,EPEN,2023-01,13 La Libertad EPEN ANUAL 2023.csv,ok,132,month_year,anio|mes
886_13_la_libertad_epen_anual_2023,EPEN,2023-01,13 La Libertad EPEN ANUAL 2023.csv,ok,132,industry,
886_13_la_libertad_epen_anual_2023,EPEN,2023-01,13 La Libertad EPEN ANUAL 2023.csv,ok,132,occupation,
886_13_la_libertad_epen_anual_2023,EPEN,2023-01,13 La Libertad EPEN ANUAL 2023.csv,ok,132,household_id,hogar
886_13_la_libertad_epen_anual_2023,EPEN,2023-01,13 La Libertad EPEN ANUAL 2023.csv,ok,132,person_id,
886_13_la_libertad_epen_anual_2023,EPEN,2023-01,13 La Libertad EPEN ANUAL 2023.csv,ok,132,panel_rotation,
887_14_lambayeque_epen_anual_2023,EPEN,2023-01,14 Lambayeque EPEN ANUAL 2023.csv,ok,132,employment_indicator,ocup300
887_14_lambayeque_epen_anual_2023,EPEN,2023-01,14 Lambayeque EPEN ANUAL 2023.csv,ok,132,age,c208
887_14_lambayeque_epen_anual_2023,EPEN,2023-01,14 Lambayeque EPEN ANUAL 2023.csv,ok,132,sex,c207
887_14_lambayeque_epen_anual_2023,EPEN,2023-01,14 Lambayeque EPEN ANUAL 2023.csv,ok,132,dependent_worker,
887_14_lambayeque_epen_anual_2023,EPEN,2023-01,14 Lambayeque EPEN ANUAL 2023.csv,ok,132,self_employment,
887_14_lambayeque_epen_anual_2023,EPEN,2023-01,14 Lambayeque EPEN ANUAL 2023.csv,ok,132,informality,informal_p
887_14_lambayeque_epen_anual_2023,EPEN,2023-01,14 Lambayeque EPEN ANUAL 2023.csv,ok,132,monthly_earnings,ingtot|ingtotp
887_14_lambayeque_epen_anual_2023,EPEN,2023-01,14 Lambayeque EPEN ANUAL 2023.csv,ok,132,hours,
887_14_lambayeque_epen_anual_2023,EPEN,2023-01,14 Lambayeque EPEN ANUAL 2023.csv,ok,132,weight,fac300_anual
887_14_lambayeque_epen_anual_2023,EPEN,2023-01,14 Lambayeque EPEN ANUAL 2023.csv,ok,132,psu,conglomerado
887_14_lambayeque_epen_anual_2023,EPEN,2023-01,14 Lambayeque EPEN ANUAL 2023.csv,ok,132,stratum,estrato
887_14_lambayeque_epen_anual_2023,EPEN,2023-01,14 Lambayeque EPEN ANUAL 2023.csv,ok,132,geography,
887_14_lambayeque_epen_anual_2023,EPEN,2023-01,14 Lambayeque EPEN ANUAL 2023.csv,ok,132,month_year,anio|mes
887_14_lambayeque_epen_anual_2023,EPEN,2023-01,14 Lambayeque EPEN ANUAL 2023.csv,ok,132,industry,
887_14_lambayeque_epen_anual_2023,EPEN,2023-01,14 Lambayeque EPEN ANUAL 2023.csv,ok,132,occupation,
887_14_lambayeque_epen_anual_2023,EPEN,2023-01,14 Lambayeque EPEN ANUAL 2023.csv,ok,132,household_id,hogar
887_14_lambayeque_epen_anual_2023,EPEN,2023-01,14 Lambayeque EPEN ANUAL 2023.csv,ok,132,person_id,
887_14_lambayeque_epen_anual_2023,EPEN,2023-01,14 Lambayeque EPEN ANUAL 2023.csv,ok,132,panel_rotation,
888_15_lima_epen_anual_2023,EPEN,2023-01,15 Lima EPEN ANUAL 2023.csv,ok,132,employment_indicator,ocup300
888_15_lima_epen_anual_2023,EPEN,2023-01,15 Lima EPEN ANUAL 2023.csv,ok,132,age,c208
888_15_lima_epen_anual_2023,EPEN,2023-01,15 Lima EPEN ANUAL 2023.csv,ok,132,sex,c207
888_15_lima_epen_anual_2023,EPEN,2023-01,15 Lima EPEN ANUAL 2023.csv,ok,132,dependent_worker,
888_15_lima_epen_anual_2023,EPEN,2023-01,15 Lima EPEN ANUAL 2023.csv,ok,132,self_employment,
888_15_lima_epen_anual_2023,EPEN,2023-01,15 Lima EPEN ANUAL 2023.csv,ok,132,informality,informal_p
888_15_lima_epen_anual_2023,EPEN,2023-01,15 Lima EPEN ANUAL 2023.csv,ok,132,monthly_earnings,ingtot|ingtotp
888_15_lima_epen_anual_2023,EPEN,2023-01,15 Lima EPEN ANUAL 2023.csv,ok,132,hours,
888_15_lima_epen_anual_2023,EPEN,2023-01,15 Lima EPEN ANUAL 2023.csv,ok,132,weight,fac300_anual
888_15_lima_epen_anual_2023,EPEN,2023-01,15 Lima EPEN ANUAL 2023.csv,ok,132,psu,conglomerado
888_15_lima_epen_anual_2023,EPEN,2023-01,15 Lima EPEN ANUAL 2023.csv,ok,132,stratum,estrato
888_15_lima_epen_anual_2023,EPEN,2023-01,15 Lima EPEN ANUAL 2023.csv,ok,132,geography,
888_15_lima_epen_anual_2023,EPEN,2023-01,15 Lima EPEN ANUAL 2023.csv,ok,132,month_year,anio|mes
888_15_lima_epen_anual_2023,EPEN,2023-01,15 Lima EPEN ANUAL 2023.csv,ok,132,industry,
888_15_lima_epen_anual_2023,EPEN,2023-01,15 Lima EPEN ANUAL 2023.csv,ok,132,occupation,
888_15_lima_epen_anual_2023,EPEN,2023-01,15 Lima EPEN ANUAL 2023.csv,ok,132,household_id,hogar
888_15_lima_epen_anual_2023,EPEN,2023-01,15 Lima EPEN ANUAL 2023.csv,ok,132,person_id,
888_15_lima_epen_anual_2023,EPEN,2023-01,15 Lima EPEN ANUAL 2023.csv,ok,132,panel_rotation,
889_16_loreto_epen_anual_2023,EPEN,2023-01,16 Loreto EPEN ANUAL 2023.csv,ok,132,employment_indicator,ocup300
889_16_loreto_epen_anual_2023,EPEN,2023-01,16 Loreto EPEN ANUAL 2023.csv,ok,132,age,c208
889_16_loreto_epen_anual_2023,EPEN,2023-01,16 Loreto EPEN ANUAL 2023.csv,ok,132,sex,c207
889_16_loreto_epen_anual_2023,EPEN,2023-01,16 Loreto EPEN ANUAL 2023.csv,ok,132,dependent_worker,
889_16_loreto_epen_anual_2023,EPEN,2023-01,16 Loreto EPEN ANUAL 2023.csv,ok,132,self_employment,
889_16_loreto_epen_anual_2023,EPEN,2023-01,16 Loreto EPEN ANUAL 2023.csv,ok,132,informality,informal_p
889_16_loreto_epen_anual_2023,EPEN,2023-01,16 Loreto EPEN ANUAL 2023.csv,ok,132,monthly_earnings,ingtot|ingtotp
889_16_loreto_epen_anual_2023,EPEN,2023-01,16 Loreto EPEN ANUAL 2023.csv,ok,132,hours,
889_16_loreto_epen_anual_2023,EPEN,2023-01,16 Loreto EPEN ANUAL 2023.csv,ok,132,weight,fac300_anual
889_16_loreto_epen_anual_2023,EPEN,2023-01,16 Loreto EPEN ANUAL 2023.csv,ok,132,psu,conglomerado
889_16_loreto_epen_anual_2023,EPEN,2023-01,16 Loreto EPEN ANUAL 2023.csv,ok,132,stratum,estrato
889_16_loreto_epen_anual_2023,EPEN,2023-01,16 Loreto EPEN ANUAL 2023.csv,ok,132,geography,
889_16_loreto_epen_anual_2023,EPEN,2023-01,16 Loreto EPEN ANUAL 2023.csv,ok,132,month_year,anio|mes
889_16_loreto_epen_anual_2023,EPEN,2023-01,16 Loreto EPEN ANUAL 2023.csv,ok,132,industry,
889_16_loreto_epen_anual_2023,EPEN,2023-01,16 Loreto EPEN ANUAL 2023.csv,ok,132,occupation,
889_16_loreto_epen_anual_2023,EPEN,2023-01,16 Loreto EPEN ANUAL 2023.csv,ok,132,household_id,hogar
889_16_loreto_epen_anual_2023,EPEN,2023-01,16 Loreto EPEN ANUAL 2023.csv,ok,132,person_id,
889_16_loreto_epen_anual_2023,EPEN,2023-01,16 Loreto EPEN ANUAL 2023.csv,ok,132,panel_rotation,
890_17_madre_de_dios_epen_anual_2023,EPEN,2023-01,17 Madre de Dios EPEN ANUAL 2023.csv,ok,132,employment_indicator,ocup300
890_17_madre_de_dios_epen_anual_2023,EPEN,2023-01,17 Madre de Dios EPEN ANUAL 2023.csv,ok,132,age,c208
890_17_madre_de_dios_epen_anual_2023,EPEN,2023-01,17 Madre de Dios EPEN ANUAL 2023.csv,ok,132,sex,c207
890_17_madre_de_dios_epen_anual_2023,EPEN,2023-01,17 Madre de Dios EPEN ANUAL 2023.csv,ok,132,dependent_worker,
890_17_madre_de_dios_epen_anual_2023,EPEN,2023-01,17 Madre de Dios EPEN ANUAL 2023.csv,ok,132,self_employment,
890_17_madre_de_dios_epen_anual_2023,EPEN,2023-01,17 Madre de Dios EPEN ANUAL 2023.csv,ok,132,informality,informal_p
890_17_madre_de_dios_epen_anual_2023,EPEN,2023-01,17 Madre de Dios EPEN ANUAL 2023.csv,ok,132,monthly_earnings,ingtot|ingtotp
890_17_madre_de_dios_epen_anual_2023,EPEN,2023-01,17 Madre de Dios EPEN ANUAL 2023.csv,ok,132,hours,
890_17_madre_de_dios_epen_anual_2023,EPEN,2023-01,17 Madre de Dios EPEN ANUAL 2023.csv,ok,132,weight,fac300_anual
890_17_madre_de_dios_epen_anual_2023,EPEN,2023-01,17 Madre de Dios EPEN ANUAL 2023.csv,ok,132,psu,conglomerado
890_17_madre_de_dios_epen_anual_2023,EPEN,2023-01,17 Madre de Dios EPEN ANUAL 2023.csv,ok,132,stratum,estrato
890_17_madre_de_dios_epen_anual_2023,EPEN,2023-01,17 Madre de Dios EPEN ANUAL 2023.csv,ok,132,geography,
890_17_madre_de_dios_epen_anual_2023,EPEN,2023-01,17 Madre de Dios EPEN ANUAL 2023.csv,ok,132,month_year,anio|mes
890_17_madre_de_dios_epen_anual_2023,EPEN,2023-01,17 Madre de Dios EPEN ANUAL 2023.csv,ok,132,industry,
890_17_madre_de_dios_epen_anual_2023,EPEN,2023-01,17 Madre de Dios EPEN ANUAL 2023.csv,ok,132,occupation,
890_17_madre_de_dios_epen_anual_2023,EPEN,2023-01,17 Madre de Dios EPEN ANUAL 2023.csv,ok,132,household_id,hogar
890_17_madre_de_dios_epen_anual_2023,EPEN,2023-01,17 Madre de Dios EPEN ANUAL 2023.csv,ok,132,person_id,
890_17_madre_de_dios_epen_anual_2023,EPEN,2023-01,17 Madre de Dios EPEN ANUAL 2023.csv,ok,132,panel_rotation,
891_18_moquegua_epen_anual_2023,EPEN,2023-01,18 Moquegua EPEN ANUAL 2023.csv,ok,132,employment_indicator,ocup300
891_18_moquegua_epen_anual_2023,EPEN,2023-01,18 Moquegua EPEN ANUAL 2023.csv,ok,132,age,c208
891_18_moquegua_epen_anual_2023,EPEN,2023-01,18 Moquegua EPEN ANUAL 2023.csv,ok,132,sex,c207
891_18_moquegua_epen_anual_2023,EPEN,2023-01,18 Moquegua EPEN ANUAL 2023.csv,ok,132,dependent_worker,
891_18_moquegua_epen_anual_2023,EPEN,2023-01,18 Moquegua EPEN ANUAL 2023.csv,ok,132,self_employment,
891_18_moquegua_epen_anual_2023,EPEN,2023-01,18 Moquegua EPEN ANUAL 2023.csv,ok,132,informality,informal_p
891_18_moquegua_epen_anual_2023,EPEN,2023-01,18 Moquegua EPEN ANUAL 2023.csv,ok,132,monthly_earnings,ingtot|ingtotp
891_18_moquegua_epen_anual_2023,EPEN,2023-01,18 Moquegua EPEN ANUAL 2023.csv,ok,132,hours,
891_18_moquegua_epen_anual_2023,EPEN,2023-01,18 Moquegua EPEN ANUAL 2023.csv,ok,132,weight,fac300_anual
891_18_moquegua_epen_anual_2023,EPEN,2023-01,18 Moquegua EPEN ANUAL 2023.csv,ok,132,psu,conglomerado
891_18_moquegua_epen_anual_2023,EPEN,2023-01,18 Moquegua EPEN ANUAL 2023.csv,ok,132,stratum,estrato
891_18_moquegua_epen_anual_2023,EPEN,2023-01,18 Moquegua EPEN ANUAL 2023.csv,ok,132,geography,
891_18_moquegua_epen_anual_2023,EPEN,2023-01,18 Moquegua EPEN ANUAL 2023.csv,ok,132,month_year,anio|mes
891_18_moquegua_epen_anual_2023,EPEN,2023-01,18 Moquegua EPEN ANUAL 2023.csv,ok,132,industry,
891_18_moquegua_epen_anual_2023,EPEN,2023-01,18 Moquegua EPEN ANUAL 2023.csv,ok,132,occupation,
891_18_moquegua_epen_anual_2023,EPEN,2023-01,18 Moquegua EPEN ANUAL 2023.csv,ok,132,household_id,hogar
891_18_moquegua_epen_anual_2023,EPEN,2023-01,18 Moquegua EPEN ANUAL 2023.csv,ok,132,person_id,
891_18_moquegua_epen_anual_2023,EPEN,2023-01,18 Moquegua EPEN ANUAL 2023.csv,ok,132,panel_rotation,
892_19_pasco_epen_anual_2023,EPEN,2023-01,19 Pasco EPEN ANUAL 2023.csv,ok,132,employment_indicator,ocup300
892_19_pasco_epen_anual_2023,EPEN,2023-01,19 Pasco EPEN ANUAL 2023.csv,ok,132,age,c208
892_19_pasco_epen_anual_2023,EPEN,2023-01,19 Pasco EPEN ANUAL 2023.csv,ok,132,sex,c207
892_19_pasco_epen_anual_2023,EPEN,2023-01,19 Pasco EPEN ANUAL 2023.csv,ok,132,dependent_worker,
892_19_pasco_epen_anual_2023,EPEN,2023-01,19 Pasco EPEN ANUAL 2023.csv,ok,132,self_employment,
892_19_pasco_epen_anual_2023,EPEN,2023-01,19 Pasco EPEN ANUAL 2023.csv,ok,132,informality,informal_p
892_19_pasco_epen_anual_2023,EPEN,2023-01,19 Pasco EPEN ANUAL 2023.csv,ok,132,monthly_earnings,ingtot|ingtotp
892_19_pasco_epen_anual_2023,EPEN,2023-01,19 Pasco EPEN ANUAL 2023.csv,ok,132,hours,
892_19_pasco_epen_anual_2023,EPEN,2023-01,19 Pasco EPEN ANUAL 2023.csv,ok,132,weight,fac300_anual
892_19_pasco_epen_anual_2023,EPEN,2023-01,19 Pasco EPEN ANUAL 2023.csv,ok,132,psu,conglomerado
892_19_pasco_epen_anual_2023,EPEN,2023-01,19 Pasco EPEN ANUAL 2023.csv,ok,132,stratum,estrato
892_19_pasco_epen_anual_2023,EPEN,2023-01,19 Pasco EPEN ANUAL 2023.csv,ok,132,geography,
892_19_pasco_epen_anual_2023,EPEN,2023-01,19 Pasco EPEN ANUAL 2023.csv,ok,132,month_year,anio|mes
892_19_pasco_epen_anual_2023,EPEN,2023-01,19 Pasco EPEN ANUAL 2023.csv,ok,132,industry,
892_19_pasco_epen_anual_2023,EPEN,2023-01,19 Pasco EPEN ANUAL 2023.csv,ok,132,occupation,
892_19_pasco_epen_anual_2023,EPEN,2023-01,19 Pasco EPEN ANUAL 2023.csv,ok,132,household_id,hogar
892_19_pasco_epen_anual_2023,EPEN,2023-01,19 Pasco EPEN ANUAL 2023.csv,ok,132,person_id,
892_19_pasco_epen_anual_2023,EPEN,2023-01,19 Pasco EPEN ANUAL 2023.csv,ok,132,panel_rotation,
893_20_piura_epen_anual_2023,EPEN,2023-01,20 Piura EPEN ANUAL 2023.csv,ok,132,employment_indicator,ocup300
893_20_piura_epen_anual_2023,EPEN,2023-01,20 Piura EPEN ANUAL 2023.csv,ok,132,age,c208
893_20_piura_epen_anual_2023,EPEN,2023-01,20 Piura EPEN ANUAL 2023.csv,ok,132,sex,c207
893_20_piura_epen_anual_2023,EPEN,2023-01,20 Piura EPEN ANUAL 2023.csv,ok,132,dependent_worker,
893_20_piura_epen_anual_2023,EPEN,2023-01,20 Piura EPEN ANUAL 2023.csv,ok,132,self_employment,
893_20_piura_epen_anual_2023,EPEN,2023-01,20 Piura EPEN ANUAL 2023.csv,ok,132,informality,informal_p
893_20_piura_epen_anual_2023,EPEN,2023-01,20 Piura EPEN ANUAL 2023.csv,ok,132,monthly_earnings,ingtot|ingtotp
893_20_piura_epen_anual_2023,EPEN,2023-01,20 Piura EPEN ANUAL 2023.csv,ok,132,hours,
893_20_piura_epen_anual_2023,EPEN,2023-01,20 Piura EPEN ANUAL 2023.csv,ok,132,weight,fac300_anual
893_20_piura_epen_anual_2023,EPEN,2023-01,20 Piura EPEN ANUAL 2023.csv,ok,132,psu,conglomerado
893_20_piura_epen_anual_2023,EPEN,2023-01,20 Piura EPEN ANUAL 2023.csv,ok,132,stratum,estrato
893_20_piura_epen_anual_2023,EPEN,2023-01,20 Piura EPEN ANUAL 2023.csv,ok,132,geography,
893_20_piura_epen_anual_2023,EPEN,2023-01,20 Piura EPEN ANUAL 2023.csv,ok,132,month_year,anio|mes
893_20_piura_epen_anual_2023,EPEN,2023-01,20 Piura EPEN ANUAL 2023.csv,ok,132,industry,
893_20_piura_epen_anual_2023,EPEN,2023-01,20 Piura EPEN ANUAL 2023.csv,ok,132,occupation,
893_20_piura_epen_anual_2023,EPEN,2023-01,20 Piura EPEN ANUAL 2023.csv,ok,132,household_id,hogar
893_20_piura_epen_anual_2023,EPEN,2023-01,20 Piura EPEN ANUAL 2023.csv,ok,132,person_id,
893_20_piura_epen_anual_2023,EPEN,2023-01,20 Piura EPEN ANUAL 2023.csv,ok,132,panel_rotation,
894_21_puno_epen_anual_2023,EPEN,2023-01,21 Puno EPEN ANUAL 2023.csv,ok,132,employment_indicator,ocup300
894_21_puno_epen_anual_2023,EPEN,2023-01,21 Puno EPEN ANUAL 2023.csv,ok,132,age,c208
894_21_puno_epen_anual_2023,EPEN,2023-01,21 Puno EPEN ANUAL 2023.csv,ok,132,sex,c207
894_21_puno_epen_anual_2023,EPEN,2023-01,21 Puno EPEN ANUAL 2023.csv,ok,132,dependent_worker,
894_21_puno_epen_anual_2023,EPEN,2023-01,21 Puno EPEN ANUAL 2023.csv,ok,132,self_employment,
894_21_puno_epen_anual_2023,EPEN,2023-01,21 Puno EPEN ANUAL 2023.csv,ok,132,informality,informal_p
894_21_puno_epen_anual_2023,EPEN,2023-01,21 Puno EPEN ANUAL 2023.csv,ok,132,monthly_earnings,ingtot|ingtotp
894_21_puno_epen_anual_2023,EPEN,2023-01,21 Puno EPEN ANUAL 2023.csv,ok,132,hours,
894_21_puno_epen_anual_2023,EPEN,2023-01,21 Puno EPEN ANUAL 2023.csv,ok,132,weight,fac300_anual
894_21_puno_epen_anual_2023,EPEN,2023-01,21 Puno EPEN ANUAL 2023.csv,ok,132,psu,conglomerado
894_21_puno_epen_anual_2023,EPEN,2023-01,21 Puno EPEN ANUAL 2023.csv,ok,132,stratum,estrato
894_21_puno_epen_anual_2023,EPEN,2023-01,21 Puno EPEN ANUAL 2023.csv,ok,132,geography,
894_21_puno_epen_anual_2023,EPEN,2023-01,21 Puno EPEN ANUAL 2023.csv,ok,132,month_year,anio|mes
894_21_puno_epen_anual_2023,EPEN,2023-01,21 Puno EPEN ANUAL 2023.csv,ok,132,industry,
894_21_puno_epen_anual_2023,EPEN,2023-01,21 Puno EPEN ANUAL 2023.csv,ok,132,occupation,
894_21_puno_epen_anual_2023,EPEN,2023-01,21 Puno EPEN ANUAL 2023.csv,ok,132,household_id,hogar
894_21_puno_epen_anual_2023,EPEN,2023-01,21 Puno EPEN ANUAL 2023.csv,ok,132,person_id,
894_21_puno_epen_anual_2023,EPEN,2023-01,21 Puno EPEN ANUAL 2023.csv,ok,132,panel_rotation,
895_22_san_martin_epen_anual_2023,EPEN,2023-01,22 San Martin EPEN ANUAL 2023.csv,ok,132,employment_indicator,ocup300
895_22_san_martin_epen_anual_2023,EPEN,2023-01,22 San Martin EPEN ANUAL 2023.csv,ok,132,age,c208
895_22_san_martin_epen_anual_2023,EPEN,2023-01,22 San Martin EPEN ANUAL 2023.csv,ok,132,sex,c207
895_22_san_martin_epen_anual_2023,EPEN,2023-01,22 San Martin EPEN ANUAL 2023.csv,ok,132,dependent_worker,
895_22_san_martin_epen_anual_2023,EPEN,2023-01,22 San Martin EPEN ANUAL 2023.csv,ok,132,self_employment,
895_22_san_martin_epen_anual_2023,EPEN,2023-01,22 San Martin EPEN ANUAL 2023.csv,ok,132,informality,informal_p
895_22_san_martin_epen_anual_2023,EPEN,2023-01,22 San Martin EPEN ANUAL 2023.csv,ok,132,monthly_earnings,ingtot|ingtotp
895_22_san_martin_epen_anual_2023,EPEN,2023-01,22 San Martin EPEN ANUAL 2023.csv,ok,132,hours,
895_22_san_martin_epen_anual_2023,EPEN,2023-01,22 San Martin EPEN ANUAL 2023.csv,ok,132,weight,fac300_anual
895_22_san_martin_epen_anual_2023,EPEN,2023-01,22 San Martin EPEN ANUAL 2023.csv,ok,132,psu,conglomerado
895_22_san_martin_epen_anual_2023,EPEN,2023-01,22 San Martin EPEN ANUAL 2023.csv,ok,132,stratum,estrato
895_22_san_martin_epen_anual_2023,EPEN,2023-01,22 San Martin EPEN ANUAL 2023.csv,ok,132,geography,
895_22_san_martin_epen_anual_2023,EPEN,2023-01,22 San Martin EPEN ANUAL 2023.csv,ok,132,month_year,anio|mes
895_22_san_martin_epen_anual_2023,EPEN,2023-01,22 San Martin EPEN ANUAL 2023.csv,ok,132,industry,
895_22_san_martin_epen_anual_2023,EPEN,2023-01,22 San Martin EPEN ANUAL 2023.csv,ok,132,occupation,
895_22_san_martin_epen_anual_2023,EPEN,2023-01,22 San Martin EPEN ANUAL 2023.csv,ok,132,household_id,hogar
895_22_san_martin_epen_anual_2023,EPEN,2023-01,22 San Martin EPEN ANUAL 2023.csv,ok,132,person_id,
895_22_san_martin_epen_anual_2023,EPEN,2023-01,22 San Martin EPEN ANUAL 2023.csv,ok,132,panel_rotation,
896_23_tacna_epen_anual_2023,EPEN,2023-01,23 Tacna EPEN ANUAL 2023.csv,ok,132,employment_indicator,ocup300
896_23_tacna_epen_anual_2023,EPEN,2023-01,23 Tacna EPEN ANUAL 2023.csv,ok,132,age,c208
896_23_tacna_epen_anual_2023,EPEN,2023-01,23 Tacna EPEN ANUAL 2023.csv,ok,132,sex,c207
896_23_tacna_epen_anual_2023,EPEN,2023-01,23 Tacna EPEN ANUAL 2023.csv,ok,132,dependent_worker,
896_23_tacna_epen_anual_2023,EPEN,2023-01,23 Tacna EPEN ANUAL 2023.csv,ok,132,self_employment,
896_23_tacna_epen_anual_2023,EPEN,2023-01,23 Tacna EPEN ANUAL 2023.csv,ok,132,informality,informal_p
896_23_tacna_epen_anual_2023,EPEN,2023-01,23 Tacna EPEN ANUAL 2023.csv,ok,132,monthly_earnings,ingtot|ingtotp
896_23_tacna_epen_anual_2023,EPEN,2023-01,23 Tacna EPEN ANUAL 2023.csv,ok,132,hours,
896_23_tacna_epen_anual_2023,EPEN,2023-01,23 Tacna EPEN ANUAL 2023.csv,ok,132,weight,fac300_anual
896_23_tacna_epen_anual_2023,EPEN,2023-01,23 Tacna EPEN ANUAL 2023.csv,ok,132,psu,conglomerado
896_23_tacna_epen_anual_2023,EPEN,2023-01,23 Tacna EPEN ANUAL 2023.csv,ok,132,stratum,estrato
896_23_tacna_epen_anual_2023,EPEN,2023-01,23 Tacna EPEN ANUAL 2023.csv,ok,132,geography,
896_23_tacna_epen_anual_2023,EPEN,2023-01,23 Tacna EPEN ANUAL 2023.csv,ok,132,month_year,anio|mes
896_23_tacna_epen_anual_2023,EPEN,2023-01,23 Tacna EPEN ANUAL 2023.csv,ok,132,industry,
896_23_tacna_epen_anual_2023,EPEN,2023-01,23 Tacna EPEN ANUAL 2023.csv,ok,132,occupation,
896_23_tacna_epen_anual_2023,EPEN,2023-01,23 Tacna EPEN ANUAL 2023.csv,ok,132,household_id,hogar
896_23_tacna_epen_anual_2023,EPEN,2023-01,23 Tacna EPEN ANUAL 2023.csv,ok,132,person_id,
896_23_tacna_epen_anual_2023,EPEN,2023-01,23 Tacna EPEN ANUAL 2023.csv,ok,132,panel_rotation,
897_24_tumbes_epen_anual_2023,EPEN,2023-01,24 Tumbes EPEN ANUAL 2023.csv,ok,132,employment_indicator,ocup300
897_24_tumbes_epen_anual_2023,EPEN,2023-01,24 Tumbes EPEN ANUAL 2023.csv,ok,132,age,c208
897_24_tumbes_epen_anual_2023,EPEN,2023-01,24 Tumbes EPEN ANUAL 2023.csv,ok,132,sex,c207
897_24_tumbes_epen_anual_2023,EPEN,2023-01,24 Tumbes EPEN ANUAL 2023.csv,ok,132,dependent_worker,
897_24_tumbes_epen_anual_2023,EPEN,2023-01,24 Tumbes EPEN ANUAL 2023.csv,ok,132,self_employment,
897_24_tumbes_epen_anual_2023,EPEN,2023-01,24 Tumbes EPEN ANUAL 2023.csv,ok,132,informality,informal_p
897_24_tumbes_epen_anual_2023,EPEN,2023-01,24 Tumbes EPEN ANUAL 2023.csv,ok,132,monthly_earnings,ingtot|ingtotp
897_24_tumbes_epen_anual_2023,EPEN,2023-01,24 Tumbes EPEN ANUAL 2023.csv,ok,132,hours,
897_24_tumbes_epen_anual_2023,EPEN,2023-01,24 Tumbes EPEN ANUAL 2023.csv,ok,132,weight,fac300_anual
897_24_tumbes_epen_anual_2023,EPEN,2023-01,24 Tumbes EPEN ANUAL 2023.csv,ok,132,psu,conglomerado
897_24_tumbes_epen_anual_2023,EPEN,2023-01,24 Tumbes EPEN ANUAL 2023.csv,ok,132,stratum,estrato
897_24_tumbes_epen_anual_2023,EPEN,2023-01,24 Tumbes EPEN ANUAL 2023.csv,ok,132,geography,
897_24_tumbes_epen_anual_2023,EPEN,2023-01,24 Tumbes EPEN ANUAL 2023.csv,ok,132,month_year,anio|mes
897_24_tumbes_epen_anual_2023,EPEN,2023-01,24 Tumbes EPEN ANUAL 2023.csv,ok,132,industry,
897_24_tumbes_epen_anual_2023,EPEN,2023-01,24 Tumbes EPEN ANUAL 2023.csv,ok,132,occupation,
897_24_tumbes_epen_anual_2023,EPEN,2023-01,24 Tumbes EPEN ANUAL 2023.csv,ok,132,household_id,hogar
897_24_tumbes_epen_anual_2023,EPEN,2023-01,24 Tumbes EPEN ANUAL 2023.csv,ok,132,person_id,
897_24_tumbes_epen_anual_2023,EPEN,2023-01,24 Tumbes EPEN ANUAL 2023.csv,ok,132,panel_rotation,
898_25_ucayali_epen_anual_2023,EPEN,2023-01,25 Ucayali EPEN ANUAL 2023.csv,ok,132,employment_indicator,ocup300
898_25_ucayali_epen_anual_2023,EPEN,2023-01,25 Ucayali EPEN ANUAL 2023.csv,ok,132,age,c208
898_25_ucayali_epen_anual_2023,EPEN,2023-01,25 Ucayali EPEN ANUAL 2023.csv,ok,132,sex,c207
898_25_ucayali_epen_anual_2023,EPEN,2023-01,25 Ucayali EPEN ANUAL 2023.csv,ok,132,dependent_worker,
898_25_ucayali_epen_anual_2023,EPEN,2023-01,25 Ucayali EPEN ANUAL 2023.csv,ok,132,self_employment,
898_25_ucayali_epen_anual_2023,EPEN,2023-01,25 Ucayali EPEN ANUAL 2023.csv,ok,132,informality,informal_p
898_25_ucayali_epen_anual_2023,EPEN,2023-01,25 Ucayali EPEN ANUAL 2023.csv,ok,132,monthly_earnings,ingtot|ingtotp
898_25_ucayali_epen_anual_2023,EPEN,2023-01,25 Ucayali EPEN ANUAL 2023.csv,ok,132,hours,
898_25_ucayali_epen_anual_2023,EPEN,2023-01,25 Ucayali EPEN ANUAL 2023.csv,ok,132,weight,fac300_anual
898_25_ucayali_epen_anual_2023,EPEN,2023-01,25 Ucayali EPEN ANUAL 2023.csv,ok,132,psu,conglomerado
898_25_ucayali_epen_anual_2023,EPEN,2023-01,25 Ucayali EPEN ANUAL 2023.csv,ok,132,stratum,estrato
898_25_ucayali_epen_anual_2023,EPEN,2023-01,25 Ucayali EPEN ANUAL 2023.csv,ok,132,geography,
898_25_ucayali_epen_anual_2023,EPEN,2023-01,25 Ucayali EPEN ANUAL 2023.csv,ok,132,month_year,anio|mes
898_25_ucayali_epen_anual_2023,EPEN,2023-01,25 Ucayali EPEN ANUAL 2023.csv,ok,132,industry,
898_25_ucayali_epen_anual_2023,EPEN,2023-01,25 Ucayali EPEN ANUAL 2023.csv,ok,132,occupation,
898_25_ucayali_epen_anual_2023,EPEN,2023-01,25 Ucayali EPEN ANUAL 2023.csv,ok,132,household_id,hogar
898_25_ucayali_epen_anual_2023,EPEN,2023-01,25 Ucayali EPEN ANUAL 2023.csv,ok,132,person_id,
898_25_ucayali_epen_anual_2023,EPEN,2023-01,25 Ucayali EPEN ANUAL 2023.csv,ok,132,panel_rotation,
787_trim_feb_mar_abr23,EPE,2023-02,Trim_Feb_Mar_Abr23.csv,ok,96,employment_indicator,ocup300
787_trim_feb_mar_abr23,EPE,2023-02,Trim_Feb_Mar_Abr23.csv,ok,96,age,c208
787_trim_feb_mar_abr23,EPE,2023-02,Trim_Feb_Mar_Abr23.csv,ok,96,sex,c207
787_trim_feb_mar_abr23,EPE,2023-02,Trim_Feb_Mar_Abr23.csv,ok,96,dependent_worker,
787_trim_feb_mar_abr23,EPE,2023-02,Trim_Feb_Mar_Abr23.csv,ok,96,self_employment,
787_trim_feb_mar_abr23,EPE,2023-02,Trim_Feb_Mar_Abr23.csv,ok,96,informality,
787_trim_feb_mar_abr23,EPE,2023-02,Trim_Feb_Mar_Abr23.csv,ok,96,monthly_earnings,ingtot|ingtotp
787_trim_feb_mar_abr23,EPE,2023-02,Trim_Feb_Mar_Abr23.csv,ok,96,hours,
787_trim_feb_mar_abr23,EPE,2023-02,Trim_Feb_Mar_Abr23.csv,ok,96,weight,
787_trim_feb_mar_abr23,EPE,2023-02,Trim_Feb_Mar_Abr23.csv,ok,96,psu,conglomerado
787_trim_feb_mar_abr23,EPE,2023-02,Trim_Feb_Mar_Abr23.csv,ok,96,stratum,estrato
787_trim_feb_mar_abr23,EPE,2023-02,Trim_Feb_Mar_Abr23.csv,ok,96,geography,region
787_trim_feb_mar_abr23,EPE,2023-02,Trim_Feb_Mar_Abr23.csv,ok,96,month_year,anio|mes
787_trim_feb_mar_abr23,EPE,2023-02,Trim_Feb_Mar_Abr23.csv,ok,96,industry,
787_trim_feb_mar_abr23,EPE,2023-02,Trim_Feb_Mar_Abr23.csv,ok,96,occupation,
787_trim_feb_mar_abr23,EPE,2023-02,Trim_Feb_Mar_Abr23.csv,ok,96,household_id,hogar
787_trim_feb_mar_abr23,EPE,2023-02,Trim_Feb_Mar_Abr23.csv,ok,96,person_id,
787_trim_feb_mar_abr23,EPE,2023-02,Trim_Feb_Mar_Abr23.csv,ok,96,panel_rotation,
789_trim_mar_abr_may23,EPE,2023-03,Trim_Mar_Abr_May23.csv,ok,96,employment_indicator,ocup300
789_trim_mar_abr_may23,EPE,2023-03,Trim_Mar_Abr_May23.csv,ok,96,age,c208
789_trim_mar_abr_may23,EPE,2023-03,Trim_Mar_Abr_May23.csv,ok,96,sex,c207
789_trim_mar_abr_may23,EPE,2023-03,Trim_Mar_Abr_May23.csv,ok,96,dependent_worker,
789_trim_mar_abr_may23,EPE,2023-03,Trim_Mar_Abr_May23.csv,ok,96,self_employment,
789_trim_mar_abr_may23,EPE,2023-03,Trim_Mar_Abr_May23.csv,ok,96,informality,
789_trim_mar_abr_may23,EPE,2023-03,Trim_Mar_Abr_May23.csv,ok,96,monthly_earnings,ingtot|ingtotp
789_trim_mar_abr_may23,EPE,2023-03,Trim_Mar_Abr_May23.csv,ok,96,hours,
789_trim_mar_abr_may23,EPE,2023-03,Trim_Mar_Abr_May23.csv,ok,96,weight,
789_trim_mar_abr_may23,EPE,2023-03,Trim_Mar_Abr_May23.csv,ok,96,psu,conglomerado
789_trim_mar_abr_may23,EPE,2023-03,Trim_Mar_Abr_May23.csv,ok,96,stratum,estrato
789_trim_mar_abr_may23,EPE,2023-03,Trim_Mar_Abr_May23.csv,ok,96,geography,region
789_trim_mar_abr_may23,EPE,2023-03,Trim_Mar_Abr_May23.csv,ok,96,month_year,anio|mes
789_trim_mar_abr_may23,EPE,2023-03,Trim_Mar_Abr_May23.csv,ok,96,industry,
789_trim_mar_abr_may23,EPE,2023-03,Trim_Mar_Abr_May23.csv,ok,96,occupation,
789_trim_mar_abr_may23,EPE,2023-03,Trim_Mar_Abr_May23.csv,ok,96,household_id,hogar
789_trim_mar_abr_may23,EPE,2023-03,Trim_Mar_Abr_May23.csv,ok,96,person_id,
789_trim_mar_abr_may23,EPE,2023-03,Trim_Mar_Abr_May23.csv,ok,96,panel_rotation,
843_trim_abr_may_jun23,EPE,2023-04,Trim_Abr_May_Jun23.csv,ok,96,employment_indicator,ocup300
843_trim_abr_may_jun23,EPE,2023-04,Trim_Abr_May_Jun23.csv,ok,96,age,c208
843_trim_abr_may_jun23,EPE,2023-04,Trim_Abr_May_Jun23.csv,ok,96,sex,c207
843_trim_abr_may_jun23,EPE,2023-04,Trim_Abr_May_Jun23.csv,ok,96,dependent_worker,
843_trim_abr_may_jun23,EPE,2023-04,Trim_Abr_May_Jun23.csv,ok,96,self_employment,
843_trim_abr_may_jun23,EPE,2023-04,Trim_Abr_May_Jun23.csv,ok,96,informality,
843_trim_abr_may_jun23,EPE,2023-04,Trim_Abr_May_Jun23.csv,ok,96,monthly_earnings,ingtot|ingtotp
843_trim_abr_may_jun23,EPE,2023-04,Trim_Abr_May_Jun23.csv,ok,96,hours,
843_trim_abr_may_jun23,EPE,2023-04,Trim_Abr_May_Jun23.csv,ok,96,weight,
843_trim_abr_may_jun23,EPE,2023-04,Trim_Abr_May_Jun23.csv,ok,96,psu,conglomerado
843_trim_abr_may_jun23,EPE,2023-04,Trim_Abr_May_Jun23.csv,ok,96,stratum,estrato
843_trim_abr_may_jun23,EPE,2023-04,Trim_Abr_May_Jun23.csv,ok,96,geography,region
843_trim_abr_may_jun23,EPE,2023-04,Trim_Abr_May_Jun23.csv,ok,96,month_year,anio|mes
843_trim_abr_may_jun23,EPE,2023-04,Trim_Abr_May_Jun23.csv,ok,96,industry,
843_trim_abr_may_jun23,EPE,2023-04,Trim_Abr_May_Jun23.csv,ok,96,occupation,
843_trim_abr_may_jun23,EPE,2023-04,Trim_Abr_May_Jun23.csv,ok,96,household_id,hogar
843_trim_abr_may_jun23,EPE,2023-04,Trim_Abr_May_Jun23.csv,ok,96,person_id,
843_trim_abr_may_jun23,EPE,2023-04,Trim_Abr_May_Jun23.csv,ok,96,panel_rotation,
849_nacional_epen_trim_abr_may_jun_2023,EPEN,2023-04,Nacional EPEN Trim. Abr-May-Jun 2023.csv,ok,128,employment_indicator,ocup300
849_nacional_epen_trim_abr_may_jun_2023,EPEN,2023-04,Nacional EPEN Trim. Abr-May-Jun 2023.csv,ok,128,age,c208
849_nacional_epen_trim_abr_may_jun_2023,EPEN,2023-04,Nacional EPEN Trim. Abr-May-Jun 2023.csv,ok,128,sex,c207
849_nacional_epen_trim_abr_may_jun_2023,EPEN,2023-04,Nacional EPEN Trim. Abr-May-Jun 2023.csv,ok,128,dependent_worker,
849_nacional_epen_trim_abr_may_jun_2023,EPEN,2023-04,Nacional EPEN Trim. Abr-May-Jun 2023.csv,ok,128,self_employment,
849_nacional_epen_trim_abr_may_jun_2023,EPEN,2023-04,Nacional EPEN Trim. Abr-May-Jun 2023.csv,ok,128,informality,
849_nacional_epen_trim_abr_may_jun_2023,EPEN,2023-04,Nacional EPEN Trim. Abr-May-Jun 2023.csv,ok,128,monthly_earnings,ingtot|ingtotp
849_nacional_epen_trim_abr_may_jun_2023,EPEN,2023-04,Nacional EPEN Trim. Abr-May-Jun 2023.csv,ok,128,hours,
849_nacional_epen_trim_abr_may_jun_2023,EPEN,2023-04,Nacional EPEN Trim. Abr-May-Jun 2023.csv,ok,128,weight,fac_t300
849_nacional_epen_trim_abr_may_jun_2023,EPEN,2023-04,Nacional EPEN Trim. Abr-May-Jun 2023.csv,ok,128,psu,conglomerado
849_nacional_epen_trim_abr_may_jun_2023,EPEN,2023-04,Nacional EPEN Trim. Abr-May-Jun 2023.csv,ok,128,stratum,estrato
849_nacional_epen_trim_abr_may_jun_2023,EPEN,2023-04,Nacional EPEN Trim. Abr-May-Jun 2023.csv,ok,128,geography,
849_nacional_epen_trim_abr_may_jun_2023,EPEN,2023-04,Nacional EPEN Trim. Abr-May-Jun 2023.csv,ok,128,month_year,anio|mes
849_nacional_epen_trim_abr_may_jun_2023,EPEN,2023-04,Nacional EPEN Trim. Abr-May-Jun 2023.csv,ok,128,industry,
849_nacional_epen_trim_abr_may_jun_2023,EPEN,2023-04,Nacional EPEN Trim. Abr-May-Jun 2023.csv,ok,128,occupation,
849_nacional_epen_trim_abr_may_jun_2023,EPEN,2023-04,Nacional EPEN Trim. Abr-May-Jun 2023.csv,ok,128,household_id,hogar
849_nacional_epen_trim_abr_may_jun_2023,EPEN,2023-04,Nacional EPEN Trim. Abr-May-Jun 2023.csv,ok,128,person_id,
849_nacional_epen_trim_abr_may_jun_2023,EPEN,2023-04,Nacional EPEN Trim. Abr-May-Jun 2023.csv,ok,128,panel_rotation,
846_trim_may_jun_jul23,EPE,2023-05,Trim_May_Jun_Jul23.csv,ok,96,employment_indicator,ocup300
846_trim_may_jun_jul23,EPE,2023-05,Trim_May_Jun_Jul23.csv,ok,96,age,c208
846_trim_may_jun_jul23,EPE,2023-05,Trim_May_Jun_Jul23.csv,ok,96,sex,c207
846_trim_may_jun_jul23,EPE,2023-05,Trim_May_Jun_Jul23.csv,ok,96,dependent_worker,
846_trim_may_jun_jul23,EPE,2023-05,Trim_May_Jun_Jul23.csv,ok,96,self_employment,
846_trim_may_jun_jul23,EPE,2023-05,Trim_May_Jun_Jul23.csv,ok,96,informality,
846_trim_may_jun_jul23,EPE,2023-05,Trim_May_Jun_Jul23.csv,ok,96,monthly_earnings,ingtot|ingtotp
846_trim_may_jun_jul23,EPE,2023-05,Trim_May_Jun_Jul23.csv,ok,96,hours,
846_trim_may_jun_jul23,EPE,2023-05,Trim_May_Jun_Jul23.csv,ok,96,weight,
846_trim_may_jun_jul23,EPE,2023-05,Trim_May_Jun_Jul23.csv,ok,96,psu,conglomerado
846_trim_may_jun_jul23,EPE,2023-05,Trim_May_Jun_Jul23.csv,ok,96,stratum,estrato
846_trim_may_jun_jul23,EPE,2023-05,Trim_May_Jun_Jul23.csv,ok,96,geography,region
846_trim_may_jun_jul23,EPE,2023-05,Trim_May_Jun_Jul23.csv,ok,96,month_year,anio|mes
846_trim_may_jun_jul23,EPE,2023-05,Trim_May_Jun_Jul23.csv,ok,96,industry,
846_trim_may_jun_jul23,EPE,2023-05,Trim_May_Jun_Jul23.csv,ok,96,occupation,
846_trim_may_jun_jul23,EPE,2023-05,Trim_May_Jun_Jul23.csv,ok,96,household_id,hogar
846_trim_may_jun_jul23,EPE,2023-05,Trim_May_Jun_Jul23.csv,ok,96,person_id,
846_trim_may_jun_jul23,EPE,2023-05,Trim_May_Jun_Jul23.csv,ok,96,panel_rotation,
851_trim_jun_jul_ago23,EPE,2023-06,Trim_Jun_Jul_Ago23.csv,ok,96,employment_indicator,ocup300
851_trim_jun_jul_ago23,EPE,2023-06,Trim_Jun_Jul_Ago23.csv,ok,96,age,c208
851_trim_jun_jul_ago23,EPE,2023-06,Trim_Jun_Jul_Ago23.csv,ok,96,sex,c207
851_trim_jun_jul_ago23,EPE,2023-06,Trim_Jun_Jul_Ago23.csv,ok,96,dependent_worker,
851_trim_jun_jul_ago23,EPE,2023-06,Trim_Jun_Jul_Ago23.csv,ok,96,self_employment,
851_trim_jun_jul_ago23,EPE,2023-06,Trim_Jun_Jul_Ago23.csv,ok,96,informality,
851_trim_jun_jul_ago23,EPE,2023-06,Trim_Jun_Jul_Ago23.csv,ok,96,monthly_earnings,ingtot|ingtotp
851_trim_jun_jul_ago23,EPE,2023-06,Trim_Jun_Jul_Ago23.csv,ok,96,hours,
851_trim_jun_jul_ago23,EPE,2023-06,Trim_Jun_Jul_Ago23.csv,ok,96,weight,
851_trim_jun_jul_ago23,EPE,2023-06,Trim_Jun_Jul_Ago23.csv,ok,96,psu,conglomerado
851_trim_jun_jul_ago23,EPE,2023-06,Trim_Jun_Jul_Ago23.csv,ok,96,stratum,estrato
851_trim_jun_jul_ago23,EPE,2023-06,Trim_Jun_Jul_Ago23.csv,ok,96,geography,region
851_trim_jun_jul_ago23,EPE,2023-06,Trim_Jun_Jul_Ago23.csv,ok,96,month_year,anio|mes
851_trim_jun_jul_ago23,EPE,2023-06,Trim_Jun_Jul_Ago23.csv,ok,96,industry,
851_trim_jun_jul_ago23,EPE,2023-06,Trim_Jun_Jul_Ago23.csv,ok,96,occupation,
851_trim_jun_jul_ago23,EPE,2023-06,Trim_Jun_Jul_Ago23.csv,ok,96,household_id,hogar
851_trim_jun_jul_ago23,EPE,2023-06,Trim_Jun_Jul_Ago23.csv,ok,96,person_id,
851_trim_jun_jul_ago23,EPE,2023-06,Trim_Jun_Jul_Ago23.csv,ok,96,panel_rotation,
853_trim_jul_ago_set23,EPE,2023-07,Trim_Jul_Ago_Set23.csv,ok,96,employment_indicator,ocup300
853_trim_jul_ago_set23,EPE,2023-07,Trim_Jul_Ago_Set23.csv,ok,96,age,c208
853_trim_jul_ago_set23,EPE,2023-07,Trim_Jul_Ago_Set23.csv,ok,96,sex,c207
853_trim_jul_ago_set23,EPE,2023-07,Trim_Jul_Ago_Set23.csv,ok,96,dependent_worker,
853_trim_jul_ago_set23,EPE,2023-07,Trim_Jul_Ago_Set23.csv,ok,96,self_employment,
853_trim_jul_ago_set23,EPE,2023-07,Trim_Jul_Ago_Set23.csv,ok,96,informality,
853_trim_jul_ago_set23,EPE,2023-07,Trim_Jul_Ago_Set23.csv,ok,96,monthly_earnings,ingtot|ingtotp
853_trim_jul_ago_set23,EPE,2023-07,Trim_Jul_Ago_Set23.csv,ok,96,hours,
853_trim_jul_ago_set23,EPE,2023-07,Trim_Jul_Ago_Set23.csv,ok,96,weight,
853_trim_jul_ago_set23,EPE,2023-07,Trim_Jul_Ago_Set23.csv,ok,96,psu,conglomerado
853_trim_jul_ago_set23,EPE,2023-07,Trim_Jul_Ago_Set23.csv,ok,96,stratum,estrato
853_trim_jul_ago_set23,EPE,2023-07,Trim_Jul_Ago_Set23.csv,ok,96,geography,region
853_trim_jul_ago_set23,EPE,2023-07,Trim_Jul_Ago_Set23.csv,ok,96,month_year,anio|mes
853_trim_jul_ago_set23,EPE,2023-07,Trim_Jul_Ago_Set23.csv,ok,96,industry,
853_trim_jul_ago_set23,EPE,2023-07,Trim_Jul_Ago_Set23.csv,ok,96,occupation,
853_trim_jul_ago_set23,EPE,2023-07,Trim_Jul_Ago_Set23.csv,ok,96,household_id,hogar
853_trim_jul_ago_set23,EPE,2023-07,Trim_Jul_Ago_Set23.csv,ok,96,person_id,
853_trim_jul_ago_set23,EPE,2023-07,Trim_Jul_Ago_Set23.csv,ok,96,panel_rotation,
863_nacional_epen_trim_jul_ago_set_2023,EPEN,2023-07,Nacional EPEN Trim. Jul-Ago-Set 2023.csv,ok,128,employment_indicator,ocup300
863_nacional_epen_trim_jul_ago_set_2023,EPEN,2023-07,Nacional EPEN Trim. Jul-Ago-Set 2023.csv,ok,128,age,c208
863_nacional_epen_trim_jul_ago_set_2023,EPEN,2023-07,Nacional EPEN Trim. Jul-Ago-Set 2023.csv,ok,128,sex,c207
863_nacional_epen_trim_jul_ago_set_2023,EPEN,2023-07,Nacional EPEN Trim. Jul-Ago-Set 2023.csv,ok,128,dependent_worker,
863_nacional_epen_trim_jul_ago_set_2023,EPEN,2023-07,Nacional EPEN Trim. Jul-Ago-Set 2023.csv,ok,128,self_employment,
863_nacional_epen_trim_jul_ago_set_2023,EPEN,2023-07,Nacional EPEN Trim. Jul-Ago-Set 2023.csv,ok,128,informality,
863_nacional_epen_trim_jul_ago_set_2023,EPEN,2023-07,Nacional EPEN Trim. Jul-Ago-Set 2023.csv,ok,128,monthly_earnings,ingtot|ingtotp
863_nacional_epen_trim_jul_ago_set_2023,EPEN,2023-07,Nacional EPEN Trim. Jul-Ago-Set 2023.csv,ok,128,hours,
863_nacional_epen_trim_jul_ago_set_2023,EPEN,2023-07,Nacional EPEN Trim. Jul-Ago-Set 2023.csv,ok,128,weight,fac_t300
863_nacional_epen_trim_jul_ago_set_2023,EPEN,2023-07,Nacional EPEN Trim. Jul-Ago-Set 2023.csv,ok,128,psu,conglomerado
863_nacional_epen_trim_jul_ago_set_2023,EPEN,2023-07,Nacional EPEN Trim. Jul-Ago-Set 2023.csv,ok,128,stratum,estrato
863_nacional_epen_trim_jul_ago_set_2023,EPEN,2023-07,Nacional EPEN Trim. Jul-Ago-Set 2023.csv,ok,128,geography,
863_nacional_epen_trim_jul_ago_set_2023,EPEN,2023-07,Nacional EPEN Trim. Jul-Ago-Set 2023.csv,ok,128,month_year,anio|mes
863_nacional_epen_trim_jul_ago_set_2023,EPEN,2023-07,Nacional EPEN Trim. Jul-Ago-Set 2023.csv,ok,128,industry,
863_nacional_epen_trim_jul_ago_set_2023,EPEN,2023-07,Nacional EPEN Trim. Jul-Ago-Set 2023.csv,ok,128,occupation,
863_nacional_epen_trim_jul_ago_set_2023,EPEN,2023-07,Nacional EPEN Trim. Jul-Ago-Set 2023.csv,ok,128,household_id,hogar
863_nacional_epen_trim_jul_ago_set_2023,EPEN,2023-07,Nacional EPEN Trim. Jul-Ago-Set 2023.csv,ok,128,person_id,
863_nacional_epen_trim_jul_ago_set_2023,EPEN,2023-07,Nacional EPEN Trim. Jul-Ago-Set 2023.csv,ok,128,panel_rotation,
865_trim_ago_set_oct23,EPE,2023-08,Trim_Ago_Set_Oct23.csv,ok,129,employment_indicator,ocup300
865_trim_ago_set_oct23,EPE,2023-08,Trim_Ago_Set_Oct23.csv,ok,129,age,c208
865_trim_ago_set_oct23,EPE,2023-08,Trim_Ago_Set_Oct23.csv,ok,129,sex,c207
865_trim_ago_set_oct23,EPE,2023-08,Trim_Ago_Set_Oct23.csv,ok,129,dependent_worker,
865_trim_ago_set_oct23,EPE,2023-08,Trim_Ago_Set_Oct23.csv,ok,129,self_employment,
865_trim_ago_set_oct23,EPE,2023-08,Trim_Ago_Set_Oct23.csv,ok,129,informality,
865_trim_ago_set_oct23,EPE,2023-08,Trim_Ago_Set_Oct23.csv,ok,129,monthly_earnings,ingtot|ingtotp
865_trim_ago_set_oct23,EPE,2023-08,Trim_Ago_Set_Oct23.csv,ok,129,hours,
865_trim_ago_set_oct23,EPE,2023-08,Trim_Ago_Set_Oct23.csv,ok,129,weight,
865_trim_ago_set_oct23,EPE,2023-08,Trim_Ago_Set_Oct23.csv,ok,129,psu,conglomerado
865_trim_ago_set_oct23,EPE,2023-08,Trim_Ago_Set_Oct23.csv,ok,129,stratum,estrato
865_trim_ago_set_oct23,EPE,2023-08,Trim_Ago_Set_Oct23.csv,ok,129,geography,region
865_trim_ago_set_oct23,EPE,2023-08,Trim_Ago_Set_Oct23.csv,ok,129,month_year,anio|mes
865_trim_ago_set_oct23,EPE,2023-08,Trim_Ago_Set_Oct23.csv,ok,129,industry,
865_trim_ago_set_oct23,EPE,2023-08,Trim_Ago_Set_Oct23.csv,ok,129,occupation,
865_trim_ago_set_oct23,EPE,2023-08,Trim_Ago_Set_Oct23.csv,ok,129,household_id,hogar
865_trim_ago_set_oct23,EPE,2023-08,Trim_Ago_Set_Oct23.csv,ok,129,person_id,
865_trim_ago_set_oct23,EPE,2023-08,Trim_Ago_Set_Oct23.csv,ok,129,panel_rotation,
904_trim_ene_feb_mar24,EPE,2024-01,Trim_Ene_Feb_Mar24.csv,ok,129,employment_indicator,ocup300
904_trim_ene_feb_mar24,EPE,2024-01,Trim_Ene_Feb_Mar24.csv,ok,129,age,c208
904_trim_ene_feb_mar24,EPE,2024-01,Trim_Ene_Feb_Mar24.csv,ok,129,sex,c207
904_trim_ene_feb_mar24,EPE,2024-01,Trim_Ene_Feb_Mar24.csv,ok,129,dependent_worker,
904_trim_ene_feb_mar24,EPE,2024-01,Trim_Ene_Feb_Mar24.csv,ok,129,self_employment,
904_trim_ene_feb_mar24,EPE,2024-01,Trim_Ene_Feb_Mar24.csv,ok,129,informality,
904_trim_ene_feb_mar24,EPE,2024-01,Trim_Ene_Feb_Mar24.csv,ok,129,monthly_earnings,ingtot|ingtotp
904_trim_ene_feb_mar24,EPE,2024-01,Trim_Ene_Feb_Mar24.csv,ok,129,hours,
904_trim_ene_feb_mar24,EPE,2024-01,Trim_Ene_Feb_Mar24.csv,ok,129,weight,
904_trim_ene_feb_mar24,EPE,2024-01,Trim_Ene_Feb_Mar24.csv,ok,129,psu,conglomerado
904_trim_ene_feb_mar24,EPE,2024-01,Trim_Ene_Feb_Mar24.csv,ok,129,stratum,estrato
904_trim_ene_feb_mar24,EPE,2024-01,Trim_Ene_Feb_Mar24.csv,ok,129,geography,region
904_trim_ene_feb_mar24,EPE,2024-01,Trim_Ene_Feb_Mar24.csv,ok,129,month_year,anio|mes
904_trim_ene_feb_mar24,EPE,2024-01,Trim_Ene_Feb_Mar24.csv,ok,129,industry,
904_trim_ene_feb_mar24,EPE,2024-01,Trim_Ene_Feb_Mar24.csv,ok,129,occupation,
904_trim_ene_feb_mar24,EPE,2024-01,Trim_Ene_Feb_Mar24.csv,ok,129,household_id,hogar
904_trim_ene_feb_mar24,EPE,2024-01,Trim_Ene_Feb_Mar24.csv,ok,129,person_id,
904_trim_ene_feb_mar24,EPE,2024-01,Trim_Ene_Feb_Mar24.csv,ok,129,panel_rotation,
964_trim_ene_feb_mar25,EPE,2025-01,Trim_Ene_Feb_Mar25.csv,ok,129,employment_indicator,ocup300
964_trim_ene_feb_mar25,EPE,2025-01,Trim_Ene_Feb_Mar25.csv,ok,129,age,c208
964_trim_ene_feb_mar25,EPE,2025-01,Trim_Ene_Feb_Mar25.csv,ok,129,sex,c207
964_trim_ene_feb_mar25,EPE,2025-01,Trim_Ene_Feb_Mar25.csv,ok,129,dependent_worker,
964_trim_ene_feb_mar25,EPE,2025-01,Trim_Ene_Feb_Mar25.csv,ok,129,self_employment,
964_trim_ene_feb_mar25,EPE,2025-01,Trim_Ene_Feb_Mar25.csv,ok,129,informality,
964_trim_ene_feb_mar25,EPE,2025-01,Trim_Ene_Feb_Mar25.csv,ok,129,monthly_earnings,ingtot|ingtotp
964_trim_ene_feb_mar25,EPE,2025-01,Trim_Ene_Feb_Mar25.csv,ok,129,hours,
964_trim_ene_feb_mar25,EPE,2025-01,Trim_Ene_Feb_Mar25.csv,ok,129,weight,
964_trim_ene_feb_mar25,EPE,2025-01,Trim_Ene_Feb_Mar25.csv,ok,129,psu,conglomerado
964_trim_ene_feb_mar25,EPE,2025-01,Trim_Ene_Feb_Mar25.csv,ok,129,stratum,estrato
964_trim_ene_feb_mar25,EPE,2025-01,Trim_Ene_Feb_Mar25.csv,ok,129,geography,region
964_trim_ene_feb_mar25,EPE,2025-01,Trim_Ene_Feb_Mar25.csv,ok,129,month_year,anio|mes
964_trim_ene_feb_mar25,EPE,2025-01,Trim_Ene_Feb_Mar25.csv,ok,129,industry,
964_trim_ene_feb_mar25,EPE,2025-01,Trim_Ene_Feb_Mar25.csv,ok,129,occupation,
964_trim_ene_feb_mar25,EPE,2025-01,Trim_Ene_Feb_Mar25.csv,ok,129,household_id,hogar
964_trim_ene_feb_mar25,EPE,2025-01,Trim_Ene_Feb_Mar25.csv,ok,129,person_id,
964_trim_ene_feb_mar25,EPE,2025-01,Trim_Ene_Feb_Mar25.csv,ok,129,panel_rotation,
1034_nacional_epen_trim_ene_feb_mar_2026,EPEN,2026-01,Nacional EPEN Trim. Ene-Feb-Mar 2026.csv,ok,132,employment_indicator,ocup300
1034_nacional_epen_trim_ene_feb_mar_2026,EPEN,2026-01,Nacional EPEN Trim. Ene-Feb-Mar 2026.csv,ok,132,age,c208
1034_nacional_epen_trim_ene_feb_mar_2026,EPEN,2026-01,Nacional EPEN Trim. Ene-Feb-Mar 2026.csv,ok,132,sex,c207
1034_nacional_epen_trim_ene_feb_mar_2026,EPEN,2026-01,Nacional EPEN Trim. Ene-Feb-Mar 2026.csv,ok,132,dependent_worker,
1034_nacional_epen_trim_ene_feb_mar_2026,EPEN,2026-01,Nacional EPEN Trim. Ene-Feb-Mar 2026.csv,ok,132,self_employment,
1034_nacional_epen_trim_ene_feb_mar_2026,EPEN,2026-01,Nacional EPEN Trim. Ene-Feb-Mar 2026.csv,ok,132,informality,
1034_nacional_epen_trim_ene_feb_mar_2026,EPEN,2026-01,Nacional EPEN Trim. Ene-Feb-Mar 2026.csv,ok,132,monthly_earnings,ingtot|ingtotp
1034_nacional_epen_trim_ene_feb_mar_2026,EPEN,2026-01,Nacional EPEN Trim. Ene-Feb-Mar 2026.csv,ok,132,hours,
1034_nacional_epen_trim_ene_feb_mar_2026,EPEN,2026-01,Nacional EPEN Trim. Ene-Feb-Mar 2026.csv,ok,132,weight,fac_t300
1034_nacional_epen_trim_ene_feb_mar_2026,EPEN,2026-01,Nacional EPEN Trim. Ene-Feb-Mar 2026.csv,ok,132,psu,conglomerado
1034_nacional_epen_trim_ene_feb_mar_2026,EPEN,2026-01,Nacional EPEN Trim. Ene-Feb-Mar 2026.csv,ok,132,stratum,estrato
1034_nacional_epen_trim_ene_feb_mar_2026,EPEN,2026-01,Nacional EPEN Trim. Ene-Feb-Mar 2026.csv,ok,132,geography,codciudad
1034_nacional_epen_trim_ene_feb_mar_2026,EPEN,2026-01,Nacional EPEN Trim. Ene-Feb-Mar 2026.csv,ok,132,month_year,anio|mes
1034_nacional_epen_trim_ene_feb_mar_2026,EPEN,2026-01,Nacional EPEN Trim. Ene-Feb-Mar 2026.csv,ok,132,industry,
1034_nacional_epen_trim_ene_feb_mar_2026,EPEN,2026-01,Nacional EPEN Trim. Ene-Feb-Mar 2026.csv,ok,132,occupation,
1034_nacional_epen_trim_ene_feb_mar_2026,EPEN,2026-01,Nacional EPEN Trim. Ene-Feb-Mar 2026.csv,ok,132,household_id,hogar
1034_nacional_epen_trim_ene_feb_mar_2026,EPEN,2026-01,Nacional EPEN Trim. Ene-Feb-Mar 2026.csv,ok,132,person_id,
1034_nacional_epen_trim_ene_feb_mar_2026,EPEN,2026-01,Nacional EPEN Trim. Ene-Feb-Mar 2026.csv,ok,132,panel_rotation,
