{
  "part1_bunching": {
    "standard": {
      "A": {
        "formal_dep": {
          "ratio": 0.6963018447915211,
          "missing": 6.78,
          "excess": 4.721,
          "n_pre": 9952,
          "n_post": 10789
        },
        "informal_dep": {
          "ratio": 1.2182681972815306,
          "missing": 4.448,
          "excess": 5.419,
          "n_pre": 14856,
          "n_post": 15382
        },
        "all_dep": {
          "ratio": 0.8717150018050218,
          "missing": 5.411,
          "excess": 4.717,
          "n_pre": 24808,
          "n_post": 26171
        }
      },
      "B": {
        "formal_dep": {
          "ratio": 0.8286010673713405,
          "missing": 8.032,
          "excess": 6.655,
          "n_pre": 10789,
          "n_post": 10745
        },
        "informal_dep": {
          "ratio": 0.9873265627505656,
          "missing": 5.28,
          "excess": 5.213,
          "n_pre": 15382,
          "n_post": 15042
        },
        "all_dep": {
          "ratio": 0.9010223782139141,
          "missing": 6.444,
          "excess": 5.806,
          "n_pre": 26171,
          "n_post": 25787
        }
      },
      "C": {
        "formal_dep": {
          "ratio": 0.8295324333657037,
          "missing": 13.019,
          "excess": 10.8,
          "n_pre": 8855,
          "n_post": 9650
        },
        "informal_dep": {
          "ratio": 0.8107666304380873,
          "missing": 5.502,
          "excess": 4.461,
          "n_pre": 14420,
          "n_post": 14794
        },
        "all_dep": {
          "ratio": 0.8242623239469525,
          "missing": 8.295,
          "excess": 6.837,
          "n_pre": 23275,
          "n_post": 24444
        }
      }
    },
    "bootstrap_cis": {
      "A": [
        0.562,
        0.92
      ],
      "B": [
        0.706,
        1.015
      ],
      "C": [
        0.729,
        0.959
      ]
    },
    "placebos": {
      "1100→1200": {
        "ratio": 0.11414521935229288,
        "missing": 1.218,
        "excess": 0.139,
        "n_pre": 10789,
        "n_post": 10745
      },
      "1400→1500": {
        "ratio": 0.012746322503228763,
        "missing": 1.993,
        "excess": 0.025,
        "n_pre": 10789,
        "n_post": 10745
      },
      "700→800": {
        "ratio": 26.89137551797678,
        "missing": 0.236,
        "excess": 6.341,
        "n_pre": 10789,
        "n_post": 10745
      }
    },
    "bin_width_stability": {
      "25": {
        "ratio": 0.8286010673713405,
        "missing": 8.032,
        "excess": 6.655,
        "n_pre": 10789,
        "n_post": 10745
      },
      "50": {
        "ratio": 0.21324316598992774,
        "missing": 6.883,
        "excess": 1.468,
        "n_pre": 10789,
        "n_post": 10745
      },
      "100": {
        "ratio": 0.7904796888287162,
        "missing": 6.813,
        "excess": 5.386,
        "n_pre": 10789,
        "n_post": 10745
      }
    },
    "verdict": "WORKS"
  },
  "part2_did": {
    "main_coefs": {
      "A": {
        "employed_bin": {
          "2017": [
            0.0637812069147217,
            0.05969098489776384,
            0.2852845353187119
          ]
        },
        "formal_bin": {
          "2017": [
            0.05828839725773473,
            0.05595660668945372,
            0.29756404955234683
          ]
        },
        "log_wage": {
          "2017": [
            0.21020827982360987,
            0.17761516446770412,
            0.2366094126460181
          ]
        }
      },
      "B": {
        "employed_bin": {
          "2015": [
            -0.00920942038739792,
            0.061321376621024375,
            0.8806203396725583
          ],
          "2016": [
            0.07435208691635312,
            0.042580650777450345,
            0.08078536549329357
          ],
          "2018": [
            0.08912503777564985,
            0.04984257624529908,
            0.07375493324741081
          ],
          "2019": [
            0.1298041600272765,
            0.06598185295975723,
            0.049152021590955816
          ]
        },
        "formal_bin": {
          "2015": [
            -0.08564346745126172,
            0.047248361444970674,
            0.0698899853468415
          ],
          "2016": [
            -0.013305195071481308,
            0.030506434382479203,
            0.6627323323111558
          ],
          "2018": [
            0.034616699982943464,
            0.018680893831986227,
            0.06387465793506956
          ],
          "2019": [
            -0.0160186404096425,
            0.032190683271436926,
            0.6187538183736636
          ]
        },
        "log_wage": {
          "2015": [
            -0.08349632543299007,
            0.1693363920256751,
            0.6219563236975709
          ],
          "2016": [
            -0.1249458513223172,
            0.14736525923649482,
            0.39651313658733667
          ],
          "2018": [
            -0.1316762916760494,
            0.11733847998182688,
            0.26178085631161485
          ],
          "2019": [
            -0.21785281617603403,
            0.13620979634197003,
            0.1097335979000021
          ]
        }
      },
      "C": {
        "employed_bin": {
          "2019": [
            0.37583254823314594,
            0.14588897192720565,
            0.009990596115527776
          ],
          "2022": [
            0.30765482600556715,
            0.13162271676353726,
            0.01941843940330076
          ],
          "2023": [
            0.4791319139849714,
            0.1558277686415249,
            0.0021067688329188
          ]
        },
        "formal_bin": {
          "2019": [
            0.008093382180148103,
            0.060472707188937665,
            0.8935328224495179
          ],
          "2022": [
            0.0025830208046228797,
            0.024554479940521345,
            0.9162206810672211
          ],
          "2023": [
            0.07500687265374308,
            0.031798532727909556,
            0.018333366950461127
          ]
        },
        "log_wage": {
          "2019": [
            0.3845379875105364,
            0.21544234244896066,
            0.07428134114868605
          ],
          "2022": [
            0.09177276852010247,
            0.28054108067807393,
            0.7435712747261598
          ],
          "2023": [
            0.06034413616234794,
            0.25972247305869306,
            0.8162732986122967
          ]
        }
      }
    },
    "pre_trends": {
      "A": "untestable",
      "B": {
        "f": 2.727450839833823,
        "p": 0.08563355460213347,
        "pass": true
      },
      "C": {
        "f": 6.636572597746573,
        "p": 0.016572586256325437,
        "pass": false
      }
    },
    "placebo_timing": {
      "employed": {
        "2017": [
          0.05627753551299079,
          0.052668516086313386,
          0.28528453531917075
        ]
      }
    },
    "sensitivity": {
      "Drop Lima (15)": [
        0.09854156980455625,
        0.05864182702944221,
        0.09288003440814303
      ],
      "Drop Ica (11)": [
        0.1148233355831274,
        0.07324864361930904,
        0.11697845951353296
      ],
      "Binary Kaitz": [
        0.015649969602887347,
        0.008388156546591304,
        0.06208024677211845
      ]
    },
    "verdict": "FAIL"
  },
  "part3_iv_validity_corr": {
    "informality_rate": {
      "r": -0.17847918704911164,
      "p": 0.39333060176693435
    },
    "agri_share": {
      "r": null,
      "p": null
    },
    "mean_educ": {
      "r": -0.0022007380928490104,
      "p": 0.9916699833372143
    }
  },
  "part3_iv": {
    "event_results": {
      "A": {
        "first_stage": {
          "beta": 0.21020827982360987,
          "se": 0.17390558804976358,
          "p": 0.23853370447447664,
          "f": 1.4610751761101322,
          "n": 20859
        },