{
  "methodology": "Quarterly DiD — Kaitz regional variation (Dube-Lester-Reich 2010)",
  "specification": "Y_idt = alpha_d + gamma_t + beta*(Post_t x Kaitz_d_pre) + Edad + Edad2 + Sexo",
  "data": "ENAHO quarterly rolling windows",
  "events": {
    "A": {
      "event_id": "A",
      "name": "S/750->S/850 (May 2016)",
      "mw_old": 750,
      "mw_new": 850,
      "qt_pre": "Q1_2016",
      "qt_post": "Q1_2017",
      "pretrend_label": "Q3->Q4 2015 (no MW change)",
      "main": {
        "employed": {
          "beta": -0.02495841187363194,
          "se": 0.01930792040160275,
          "ci_low": -0.06280124047713946,
          "ci_high": 0.012884416729875583,
          "p": 0.1961316261995666,
          "n_obs": 43122,
          "n_depts": 25
        },
        "formal": {
          "beta": 0.015487653907544523,
          "se": 0.018359056939751966,
          "ci_low": -0.020495436484489468,
          "ci_high": 0.051470744299578514,
          "p": 0.39889438093015295,
          "n_obs": 43122,
          "n_depts": 25
        },
        "log_wage": {
          "beta": 0.2856063819973824,
          "se": 0.06507838910915703,
          "ci_low": 0.15805508317155095,
          "ci_high": 0.4131576808232139,
          "p": 1.1405557140438487e-05,
          "n_obs": 11725,
          "n_depts": 25
        },
        "hours": {
          "beta": 4.5965818263428355,
          "se": 2.6118267035531906,
          "ci_low": -0.5225044464813902,
          "ci_high": 9.715668099167061,
          "p": 0.07842294465373764,
          "n_obs": 3878,
          "n_depts": 25
        }
      },
      "pretrend": {
        "employed": {
          "beta": -0.08678272420695364,
          "se": 0.03709560260933909,
          "ci_low": -0.1594887693060683,
          "ci_high": -0.014076679107838969,
          "p": 0.019312969380992608,
          "n_obs": 43203,
          "n_depts": 25
        },
        "formal": {
          "beta": -0.003361934309971622,
          "se": 0.017915090123253423,
          "ci_low": -0.03847486573133757,
          "ci_high": 0.03175099711139433,
          "p": 0.8511436918309094,
          "n_obs": 43203,
          "n_depts": 25
        },
        "log_wage": {
          "beta": -0.05428436000508487,
          "se": 0.060388051529296514,
          "ci_low": -0.17264276609905496,
          "ci_high": 0.06407404608888523,
          "p": 0.3686923391573288,
          "n_obs": 11291,
          "n_depts": 25
        }
      }
    },
    "B": {
      "event_id": "B",
      "name": "S/850->S/930 (Apr 2018)",
      "mw_old": 850,
      "mw_new": 930,
      "qt_pre": "Q1_2018",
      "qt_post": "Q1_2019",
      "pretrend_label": "Q1_2016->Q1_2017 (post-Event A, no new increase)",
      "main": {
        "employed": {
          "beta": 0.01086498080463931,
          "se": 0.01139922636338138,
          "ci_low": -0.011477092319207693,
          "ci_high": 0.033207053928486316,
          "p": 0.34052259975651966,
          "n_obs": 43910,
          "n_depts": 25
        },
        "formal": {
          "beta": 0.015446030803317575,
          "se": 0.005396040087589131,
          "ci_low": 0.0048699865725085195,
          "ci_high": 0.02602207503412663,
          "p": 0.004203461859155782,
          "n_obs": 43910,
          "n_depts": 25
        },
        "log_wage": {
          "beta": 0.04412293886053835,
          "se": 0.035714107479483746,
          "ci_low": -0.025875425539242367,
          "ci_high": 0.11412130326031907,
          "p": 0.2166636492294962,
          "n_obs": 11806,
          "n_depts": 25
        },
        "hours": {
          "beta": 0.06459379569437458,
          "se": 0.6807809574058985,
          "ci_low": -1.269712362181883,
          "ci_high": 1.3988999535706321,
          "p": 0.9244086275576846,
          "n_obs": 3470,
          "n_depts": 25
        }
      },
      "pretrend": {
        "employed": {
          "beta": -0.006953243077214335,
          "se": 0.012825399675731675,
          "ci_low": -0.032090564528980105,
          "ci_high": 0.018184078374551438,
          "p": 0.5877177200306145,
          "n_obs": 43122,
          "n_depts": 25
        },
        "formal": {
          "beta": -0.006624746741017433,
          "se": 0.008496614703001195,
          "ci_low": -0.023277805549413264,
          "ci_high": 0.010028312067378399,
          "p": 0.435571895738018,
          "n_obs": 43122,
          "n_depts": 25
        },
        "log_wage": {
          "beta": -0.0009658840317107421,
          "se": 0.05507158047119934,
          "ci_low": -0.10890419832696083,
          "ci_high": 0.10697243026353934,
          "p": 0.9860068579563824,
          "n_obs": 11725,
          "n_depts": 25
        }
      }
    }
  },
  "pooled": {
    "employed": {
      "beta": 0.0016057347530467473,
      "se": 0.009816122181918921,
      "ci_low": -0.017633864723514338,
      "ci_high": 0.020845334229607833,
      "p": 0.8700607086339756,
      "Q": 2.5526518289591262,
      "I2": 60.825053042672025,
      "p_Q": 0.11010930313340472,
      "n_events": 2,
      "events": [
        "A",
        "B"
      ]
    },
    "formal": {
      "beta": 0.015449340585455773,
      "se": 0.0051770557224552005,
      "ci_low": 0.00530231136944358,
      "ci_high": 0.025596369801467966,
      "p": 0.0028432608418753613,
      "Q": 4.731333261327478e-06,
      "I2": 0.0,
      "p_Q": 0.9982644725431521,
      "n_events": 2,
      "events": [
        "A",
        "B"
      ]
    },
    "log_wage": {
      "beta": 0.10001635450109717,
      "se": 0.03130930588388771,
      "ci_low": 0.038650114968677256,
      "ci_high": 0.16138259403351707,
      "p": 0.0014009224440980628,
      "Q": 10.582015835139993,
      "I2": 90.55000469117356,
      "p_Q": 0.001141930749801623,
      "n_events": 2,
      "events": [
        "A",
        "B"
      ]
    },
    "hours": {
      "beta": 0.3529092680581886,
      "se": 0.6587702153266308,
      "ci_low": -0.9382803539820077,
      "ci_high": 1.644098890098385,
      "p": 0.5921595411287544,
      "Q": 2.819303982966449,
      "I2": 64.53025264243382,
      "p_Q": 0.0931367821148893,
      "n_events": 2,
      "events": [
        "A",
        "B"
      ]
    }
  }
}